attendance_bucket,Category,Borough,Location,Event Name,Event Type,time_of_day,day_type,audience_1,audience_2,audience_3,audience_4,audience_5,audience_6,audience_7,audience_8
high_attendance,Sport,Staten Island,Franklin D. Roosevelt Boardwalk and Beach,Beach Soccer Tournament,Tournament/Competition,morning_time,weekend,general_public_audience,,,,,,,
high_attendance,Sport,Staten Island,Franklin D. Roosevelt Boardwalk and Beach,Beach Soccer Tournament,Tournament/Competition,morning_time,weekend,general_public_audience,,,,,,,
med_attendance,Fitness,Staten Island,P.S 18,She's On Point,Community Based Event,night_time,weekday,children_audience,teens_audience,,,,,,
high_attendance,Sport,Queens,Beach 82nd Street,Rockaway Classic Basketball Tournament,Community Based Event,morning_time,weekend,children_audience,teens_audience,,,,,,
high_attendance,Sport,Queens,Beach 82nd Street,Rockaway Basketball Classic,Community Based Event,morning_time,weekend,children_audience,teens_audience,,,,,,
med_attendance,Fitness,Staten Island,Franklin D. Roosevelt Boardwalk and Beach,Twilight Run,Community Based Event,night_time,weekday,general_public_audience,,,,,,,
unknown_attendance,Fitness,Staten Island,Franklin D. Roosevelt Boardwalk and Beach,Twilight Run,Community Based Event,night_time,weekday,general_public_audience,,,,,,,
unknown_attendance,Fitness,Staten Island,Franklin D. Roosevelt Boardwalk and Beach,Twilight Run,Community Based Event,night_time,weekday,general_public_audience,,,,,,,
med_attendance,Fitness,Manhattan,East River Esplanade,Total Body BootCamp Workout,Community Based Event,night_time,weekend,adults_audience,,,,,,,
med_attendance,Fitness,Manhattan,East River Esplanade,Total Body BootCamp,Community Based Event,night_time,weekend,adults_audience,,,,,,,
low_attendance,Fitness,Queens,Rockaway Beach and Boardwalk,Far Rockaway Beach 17th street,Community Based Event,night_time,weekend,adults_audience,,,,,,,
med_attendance,Fitness,Bronx,301 W Tremont Ave,Kickboxing,Community Based Event,afternoon_time,weekend,adults_audience,,,,,,,
low_attendance,Fitness,Queens,"Far Rockaway, Beach 17",ultimate cardio,Community Based Event,morning_time,weekend,adults_audience,,,,,,,
med_attendance,Fitness,Bronx,301 W Tremont Ave,Kickboxing,Community Based Event,afternoon_time,weekend,adults_audience,,,,,,,
med_attendance,Fitness,Manhattan,Pier 35,Total body bootcamp,Community Based Event,morning_time,weekend,adults_audience,,,,,,,
med_attendance,Fitness,Bronx,301 W Tremont Ave.,Kickboxing,Community Based Event,afternoon_time,weekend,adults_audience,,,,,,,
med_attendance,Fitness,Manhattan,Pier 35,Total body bootcamp,Community Based Event,night_time,weekend,adults_audience,,,,,,,
med_attendance,Fitness,Manhattan,pier 35,total body bootcamp,Community Based Event,night_time,weekday,adults_audience,,,,,,,
med_attendance,Fitness,Manhattan,pier 35,total body bootcamp,Community Based Event,night_time,weekday,adults_audience,,,,,,,
low_attendance,Fitness,Queens,queens bridge,mindful movement,Community Based Event,morning_time,weekday,adults_audience,,,,,,,
low_attendance,Fitness,Queens,queensbridge,mindful movement,Community Based Event,morning_time,weekday,adults_audience,,,,,,,
med_attendance,Fitness,Queens,beach 17 st far rockway,ultimate cardio,Community Based Event,night_time,weekend,adults_audience,,,,,,,
med_attendance,Fitness,Manhattan,East River Esplanade,Shape Up NYC: Total Body BootCamp,Community Based Event,morning_time,weekend,adults_audience,,,,,,,
unknown_attendance,Fitness,Queens,Rockaway Beach and Boardwalk,Shape Up NYC: Ultimate Cardio,Community Based Event,morning_time,weekend,adults_audience,,,,,,,
unknown_attendance,Fitness,Bronx,St. Mary's Parking Lot,Trap and Spin,Open House,morning_time,weekday,adults_audience,young_adult_audience,seniors_audience,,,,,
high_attendance,Sport,Manhattan,Hamilton Fish Recreation Center,2018 Cops & Kis March Madness,Community Based Event,afternoon_time,weekend,general_public_audience,teens_audience,adults_audience,young_adult_audience,children_audience,,,
high_attendance,Sport,Queens,Beach 32nd Street,Girl's Flag Football Invitational,Community Based Event,morning_time,weekday,teens_audience,children_audience,,,,,,
high_attendance,Sport,Manhattan,Basketball City,March Madness: Cops & Kids Baksetball,Tournament/Competition,afternoon_time,weekend,children_audience,teens_audience,general_public_audience,,,,,
high_attendance,Sport,Queens,Long Island City YMCA,DOE CED Distirct 30 Healthy Kids Day,Community Based Event,night_time,weekend,children_audience,teens_audience,,,,,,
med_attendance,Fitness,Manhattan,John Jay Park,Learn to Ride,Community Based Event,morning_time,weekday,children_audience,young_adult_audience,teens_audience,,,,,
med_attendance,Sport,Queens,Grover Cleveland Park,Learn to Ride,Community Based Event,morning_time,weekend,children_audience,teens_audience,,,,,,
med_attendance,Sport,Queens,Arverne Playground,Learn to Ride,Community Based Event,morning_time,weekend,children_audience,teens_audience,,,,,,
high_attendance,Sport,Queens,Roy Wilkins Park,Queens Recreation Pickleball Tournament,Tournament/Competition,morning_time,weekend,seniors_audience,adults_audience,,,,,,
med_attendance,Fitness,Brooklyn,Leif Ericson Park,Pick UP Pickleball,Local Event,morning_time,weekday,seniors_audience,,,,,,,
high_attendance,Sport,Brooklyn,Shore Park and Parkway,Community Skate,Community Based Event,afternoon_time,weekend,general_public_audience,,,,,,,
high_attendance,Sport,Manhattan,Central Park,Adventures NYC,Agency Produced Event,morning_time,weekend,children_audience,young_adult_audience,adults_audience,teens_audience,,,,
med_attendance,Sport,Queens,Annadale,Learn to Ride,Community Based Event,morning_time,weekend,children_audience,,,,,,,
med_attendance,Fitness,Brooklyn,Leif Ericson Park,Pick Up Pickleball,Local Event,morning_time,weekday,seniors_audience,,,,,,,
med_attendance,Sport,Queens,Detective Keith L Williams Park,Summer Sports Experience Sports Clinic: Soccer/ Flag Football,Community Based Event,morning_time,weekday,children_audience,teens_audience,,,,,,
high_attendance,Sport,Manhattan,Marcus Garvey Park,Iron Kid,Agency Produced Event,morning_time,weekday,children_audience,teens_audience,,,,,,
med_attendance,Fitness,Queens,Torsney/Lou Lodati Playground,"Ready, Set, Family at Lou Lodati Playground",Agency Produced Event,afternoon_time,weekend,general_public_audience,,,,,,,
med_attendance,Fitness,Brooklyn,McKinley Park,Fitness,Local Event,afternoon_time,weekday,young_adult_audience,adults_audience,,,,,,
med_attendance,Sport,Queens,Detective Keith L Williams Park,SSE Sports Clinic visit,Community Based Event,morning_time,weekday,children_audience,teens_audience,,,,,,
med_attendance,Sport,Queens,Kissena Park,SSE Flag Football Clinics,Community Based Event,morning_time,weekend,children_audience,teens_audience,,,,,,
high_attendance,Fitness,Manhattan,Riverside Park,Adventure Race,Agency Produced Event,morning_time,weekday,children_audience,teens_audience,,,,,,
med_attendance,Sport,Queens,Kissena Park,Flag football clinic,Community Based Event,morning_time,weekend,children_audience,teens_audience,,,,,,
med_attendance,Sport,Queens,Kissena Park,NYC Parks Flag Football Clinic (SSE),Community Based Event,morning_time,weekend,teens_audience,children_audience,,,,,,
med_attendance,Fitness,Queens,Corona Golf,"Ready, Set, Family at Corona Golf Playground",Local Event,afternoon_time,weekend,general_public_audience,,,,,,,
unknown_attendance,Sport,Staten Island,Ocean Breeze Park,Ocean Breeze Beach Soccer & Food Truck Festival,Community Based Event,morning_time,weekend,young_adult_audience,children_audience,adults_audience,teens_audience,adaptive_audience,general_public_audience,,
med_attendance,Sport,Queens,Addabbo Playground,Learn to Ride,Community Based Event,morning_time,weekend,children_audience,,,,,,,
med_attendance,Sport,Queens,Kissena Park,Flag Football Clinics,Community Based Event,morning_time,weekend,teens_audience,children_audience,,,,,,
high_attendance,Sport,Queens,Kissena Park,Flag Football Clinic SSE,Community Based Event,morning_time,weekend,teens_audience,children_audience,,,,,,
high_attendance,Sport,Queens,Juniper Valley Park,Queens Bocce tournament,Tournament/Competition,morning_time,weekend,adults_audience,seniors_audience,general_public_audience,,,,,
high_attendance,Sport,Manhattan,Thomas Jefferson Park,Track & Field Meet,Tournament/Competition,morning_time,weekend,children_audience,teens_audience,seniors_audience,,,,,
low_attendance,Sport,Bronx,St. Mary's Park,skills & drills,Community Based Event,morning_time,weekday,children_audience,,,,,,,
med_attendance,Sport,Manhattan,John V. Lindsay East River Park,Cops and Kids Softball Game,Tournament/Competition,afternoon_time,weekday,teens_audience,young_adult_audience,adults_audience,,,,,
high_attendance,Fitness,Bronx,St. James Park,Bronx Fit Fest,Agency Produced Event,morning_time,weekend,general_public_audience,,,,,,,
med_attendance,Sport,Manhattan,John V. Lindsay East River Park,Veteran's Softball Game,Agency Produced Event,night_time,weekday,adults_audience,young_adult_audience,general_public_audience,children_audience,,,,
med_attendance,Sport,Queens,Juniper Valley Park,Queens Recreation Softball Clinic,Community Based Event,afternoon_time,weekend,teens_audience,children_audience,,,,,,
high_attendance,Sport,Queens,Beach 32nd Street Football Fields,Girls Flag Football Invitational,Community Based Event,morning_time,weekday,children_audience,teens_audience,,,,,,
high_attendance,Sport,Manhattan,Thomas Jefferson Park,Thomas Jefferson Track & Field Day,Agency Produced Event,morning_time,weekend,children_audience,teens_audience,seniors_audience,general_public_audience,,,,
high_attendance,Sport,Manhattan,Central Park,Winter Jam,Agency Produced Event,morning_time,weekend,tot_audience,children_audience,young_adult_audience,adults_audience,teens_audience,,,
med_attendance,Fitness,Staten Island,Jennifer's Playground,Stronger Than Ever,Open House,morning_time,weekday,seniors_audience,,,,,,,
med_attendance,Sport,Brooklyn,Herbert Von King Park,Youth Summer Pop Up Recreation,Local Event,afternoon_time,weekday,tot_audience,children_audience,,,,,,
low_attendance,Fitness,Staten Island,Freshkills Park,Stronger Than Ever - Freshkills Walk,Open House,morning_time,weekday,seniors_audience,,,,,,,
med_attendance,Sport,Bronx,Williamsbridge Oval Park,Fastest Kid In Parks Track & Field Event,Local Event,morning_time,weekday,children_audience,general_public_audience,,,,,,
med_attendance,Sport,Brooklyn,Leif Ericson Park,Pick Up Pickleball,Local Event,morning_time,weekday,seniors_audience,,,,,,,
low_attendance,Fitness,Brooklyn,McKinley Park,TABATA Training,Local Event,afternoon_time,weekday,adults_audience,,,,,,,
med_attendance,Fitness,Brooklyn,McKinley Park,Rhythm & Weights,Local Event,morning_time,weekday,children_audience,,,,,,,
med_attendance,Sport,Brooklyn,Leif Ericson Park,Pick Up Pickleball,Local Event,morning_time,weekday,seniors_audience,,,,,,,
low_attendance,Sport,Brooklyn,McKinley Park,Soccer Skills & Games,Local Event,afternoon_time,weekday,children_audience,,,,,,,
low_attendance,Fitness,Staten Island,Ocean Breeze Park,Inspiration Motivation,Open House,morning_time,weekday,general_public_audience,,,,,,,
unknown_attendance,Sport,Staten Island,Ocean Breeze Park,Ocean Breeze Summer Sports Sizzler - Street Hockey,Open House,afternoon_time,weekday,general_public_audience,,,,,,,
med_attendance,Fitness,Staten Island,Ocean Breeze Park,Step & Fit,Open House,morning_time,weekday,general_public_audience,,,,,,,
low_attendance,Fitness,Brooklyn,McKinley Park,Rthym & Weights,Local Event,morning_time,weekday,adults_audience,seniors_audience,,,,,,
low_attendance,Fitness,Bronx,St. James Park,A Walk In The Park,Community Based Event,night_time,weekday,young_adult_audience,adults_audience,seniors_audience,,,,,
med_attendance,Sport,Manhattan,Columbus Park,KIM Outdoor Programming,Community Based Event,morning_time,weekday,tot_audience,children_audience,teens_audience,,,,,
low_attendance,Sport,Manhattan,Highbridge Park,KIM Outdoor Programming,Community Based Event,morning_time,weekday,children_audience,tot_audience,teens_audience,,,,,
low_attendance,Sport,Manhattan,Thomas Jefferson Park,SSE Outdoor Programming,Community Based Event,morning_time,weekday,tot_audience,children_audience,teens_audience,,,,,
med_attendance,Sport,Manhattan,Marcus Garvey Park,KIM Outdoor Programming,Community Based Event,morning_time,weekday,tot_audience,teens_audience,children_audience,,,,,
unknown_attendance,Sport,Bronx,St. Mary's Park,Sports N Fitness,Community Based Event,morning_time,weekend,teens_audience,,,,,,,
unknown_attendance,Sport,Bronx,St. Mary's Park,Basketball/Player Devlopment,Community Based Event,afternoon_time,weekend,teens_audience,,,,,,,
med_attendance,Sport,Manhattan,Carmansville Park,KIM Outdoor Programming,Community Based Event,morning_time,weekday,teens_audience,tot_audience,children_audience,,,,,
low_attendance,Sport,Bronx,Haffen Park,Basketball Skills,Agency Produced Event,morning_time,weekday,children_audience,young_adult_audience,teens_audience,,,,,
unknown_attendance,Sport,Manhattan,Hamilton Fish Park,KIM Outdoor Programming,Community Based Event,morning_time,weekday,tot_audience,children_audience,teens_audience,,,,,
med_attendance,Sport,Manhattan,Marcus Garvey Park,KIM Outdoor Programming,Community Based Event,morning_time,weekday,tot_audience,children_audience,teens_audience,,,,,
low_attendance,Sport,Manhattan,Thomas Jefferson Park,SSE Outdoor Programming,Community Based Event,morning_time,weekday,tot_audience,children_audience,teens_audience,,,,,
med_attendance,Sport,Manhattan,Columbus Park,KIM Outdoor Programming,Community Based Event,morning_time,weekday,tot_audience,children_audience,teens_audience,,,,,
med_attendance,Sport,Manhattan,Highbridge Park,KIM Outdoor Programming,Community Based Event,morning_time,weekday,tot_audience,children_audience,teens_audience,,,,,
med_attendance,Fitness,Bronx,Williamsbridge Oval Park,Family Fun,Local Event,morning_time,weekday,children_audience,,,,,,,
low_attendance,Fitness,Staten Island,Freshkills Park,Stronger Than Ever - Freshkills walk,Open House,morning_time,weekday,seniors_audience,,,,,,,
med_attendance,Fitness,Staten Island,Jennifer's Playground,Stronger Than Ever,Open House,morning_time,weekday,seniors_audience,,,,,,,
unknown_attendance,Sport,Bronx,St. Mary's Recreation Center,Sports N Fitness,Community Based Event,morning_time,weekend,teens_audience,,,,,,,
med_attendance,Fitness,Brooklyn,Leif Ericson Park,Pick Up Pickleball,Local Event,morning_time,weekday,seniors_audience,,,,,,,
med_attendance,Fitness,Brooklyn,McKinley Park,Soccer Skills,Local Event,afternoon_time,weekday,children_audience,,,,,,,
med_attendance,Fitness,Staten Island,Ocean Breeze Park,Bend & Flex,Open House,morning_time,weekday,general_public_audience,,,,,,,
med_attendance,Fitness,Staten Island,Ocean Breeze Park,Wake-up Stretch and Relax Yoga,Open House,morning_time,weekday,general_public_audience,,,,,,,
unknown_attendance,Sport,Staten Island,Ocean Breeze Park,Ocean Breeze Summer Sports Sizzler - Balance & Stability Games,Open House,afternoon_time,weekday,general_public_audience,,,,,,,
unknown_attendance,Sport,Staten Island,Ocean Breeze Park,Ocean Breeze Summer Sports Sizzler - Soccer Skills,Open House,afternoon_time,weekday,general_public_audience,,,,,,,
low_attendance,Sport,Staten Island,Ocean Breeze Park,Ocean Breeze Summer Sports Sizzler - Plyometrics,Open House,afternoon_time,weekday,general_public_audience,,,,,,,
low_attendance,Fitness,Staten Island,Ocean Breeze Park,Step & Fit,Open House,morning_time,weekday,general_public_audience,,,,,,,
low_attendance,Fitness,Staten Island,Ocean Breeze Park,Fit to the Core,Open House,morning_time,weekday,general_public_audience,,,,,,,
med_attendance,Sport,Staten Island,Ocean Breeze Park,Ocean Breeze Summer Sports Sizzler - Track & Field,Open House,afternoon_time,weekday,general_public_audience,,,,,,,
med_attendance,Sport,Bronx,Williamsbridge Oval Park,Youth Meets,Local Event,afternoon_time,weekday,children_audience,tot_audience,teens_audience,,,,,
med_attendance,Fitness,Bronx,Williamsbridge Oval Park,Chair Aerobics,Community Based Event,morning_time,weekday,seniors_audience,adults_audience,young_adult_audience,teens_audience,,,,
med_attendance,Sport,Manhattan,Marcus Garvey Park,Harlem Programming,Community Based Event,morning_time,weekend,tot_audience,children_audience,teens_audience,,,,,
med_attendance,Fitness,Staten Island,Ocean Breeze Park,Inspiration Motivation,Open House,morning_time,weekday,general_public_audience,,,,,,,
unknown_attendance,Sport,Manhattan,Carmansville Park,KIM Outdoor Programming,Community Based Event,morning_time,weekday,tot_audience,children_audience,teens_audience,,,,,
low_attendance,Sport,Manhattan,Hamilton Fish Park,KIM Outdoor Programming,Community Based Event,morning_time,weekday,tot_audience,children_audience,teens_audience,,,,,
unknown_attendance,Sport,Staten Island,Ocean Breeze Park,Ocean Breeze Summer Sports Sizzler - Street Hockey,Open House,afternoon_time,weekday,general_public_audience,,,,,,,
low_attendance,Sport,Manhattan,Thomas Jefferson Park,Harlem Programming,Community Based Event,morning_time,weekend,tot_audience,children_audience,teens_audience,,,,,
low_attendance,Fitness,Staten Island,Ocean Breeze Park,Step & Fit,Open House,morning_time,weekday,general_public_audience,,,,,,,
med_attendance,Sport,Bronx,Hunts Point Recreation Center,Soccer Skills,Community Based Event,morning_time,weekday,children_audience,teens_audience,,,,,,
med_attendance,Fitness,Bronx,Williamsbridge Oval Park,Chair Arobics,Community Based Event,morning_time,weekday,young_adult_audience,adults_audience,teens_audience,adaptive_audience,seniors_audience,,,
med_attendance,Fitness,Bronx,Hunts Point Recreation Center,Calisthenics,Community Based Event,afternoon_time,weekday,children_audience,teens_audience,,,,,,
med_attendance,Sport,Bronx,Hunts Point Recreation Center,Dodgeball,Community Based Event,afternoon_time,weekday,children_audience,teens_audience,,,,,,
med_attendance,Fitness,Bronx,Hunts Point Recreation Center,Cardio Fitness,Community Based Event,afternoon_time,weekday,teens_audience,children_audience,,,,,,
med_attendance,Sport,Bronx,Bronx Park,Kids and Play,Local Event,morning_time,weekday,children_audience,adaptive_audience,,,,,,
med_attendance,Fitness,Bronx,Bronx Park,Fitness for Kids through Dance and Stepping,Local Event,morning_time,weekday,children_audience,general_public_audience,,,,,,
med_attendance,Sport,Bronx,Bronx Park,Soccer for Toddlers,Local Event,morning_time,weekday,tot_audience,general_public_audience,,,,,,
med_attendance,Sport,Bronx,Bronx Park,Kids and Play,Local Event,morning_time,weekday,children_audience,general_public_audience,,,,,,
med_attendance,Fitness,Brooklyn,Leif Ericson Park,Pick Up Pickle Ball,Local Event,morning_time,weekday,seniors_audience,,,,,,,
med_attendance,Fitness,Bronx,Bronx Park,Fitness for kids through Dance & Stepping,Local Event,morning_time,weekday,children_audience,general_public_audience,,,,,,
low_attendance,Fitness,Brooklyn,McKinley Park,TABATA Training,Local Event,afternoon_time,weekday,children_audience,,,,,,,
low_attendance,Fitness,Bronx,St. James Park,A Walk In The Park,Open House,morning_time,weekday,adults_audience,,,,,,,
unknown_attendance,Sport,Staten Island,Ocean Breeze Park,Ocean Breeze Summer Sports Sizzler - Balance & Stability Games,Open House,afternoon_time,weekday,general_public_audience,,,,,,,
unknown_attendance,Fitness,Bronx,Williamsbridge Oval Park,Jump Rope,Open House,afternoon_time,weekday,children_audience,young_adult_audience,,,,,,
low_attendance,Sport,Bronx,Williamsbridge Oval Park,Pickle Ball,Community Based Event,morning_time,weekday,seniors_audience,,,,,,,
unknown_attendance,Fitness,Bronx,Williamsbridge Oval Park,Stretch,Local Event,afternoon_time,weekday,children_audience,,,,,,,
low_attendance,Sport,Bronx,Williamsbridge Oval Park,Pickle Ball,Community Based Event,morning_time,weekday,seniors_audience,,,,,,,
low_attendance,Sport,Bronx,Williamsbridge Oval Park,Street Hockey,Community Based Event,afternoon_time,weekday,children_audience,,,,,,,
low_attendance,Sport,Bronx,Williamsbridge Oval Park,Street hockey,Community Based Event,afternoon_time,weekday,children_audience,,,,,,,
low_attendance,Sport,Bronx,Williamsbridge Oval Park,Sport Drills,Community Based Event,afternoon_time,weekday,children_audience,young_adult_audience,,,,,,
med_attendance,Fitness,Bronx,Williamsbridge Oval Park,Circuit Training,Community Based Event,morning_time,weekday,seniors_audience,adults_audience,,,,,,
med_attendance,Fitness,Bronx,Williamsbridge Oval Park,Fitness Challenge,Community Based Event,afternoon_time,weekday,children_audience,,,,,,,
low_attendance,Fitness,Bronx,Soundview Park,Mindful Play,Agency Produced Event,afternoon_time,weekday,children_audience,,,,,,,
med_attendance,Sport,Bronx,Williamsbridge Oval Park,Pickle Ball,Community Based Event,morning_time,weekday,adults_audience,seniors_audience,,,,,,
low_attendance,Fitness,Brooklyn,McKinley Park,Rhythem & Weights,Local Event,night_time,weekday,children_audience,,,,,,,
unknown_attendance,Fitness,Bronx,Soundview Park,Mindful Play,Agency Produced Event,afternoon_time,weekday,children_audience,,,,,,,
med_attendance,Fitness,Brooklyn,St. John's Park,Summer 2020 Outdoor Program,Local Event,morning_time,weekday,adults_audience,seniors_audience,general_public_audience,,,,,
unknown_attendance,Sport,Bronx,Claremont Park,Soccer Skills,Agency Produced Event,morning_time,weekday,children_audience,young_adult_audience,teens_audience,,,,,
med_attendance,Sport,Manhattan,West 4th Park,Greenwich Handball Tournament,Tournament/Competition,morning_time,weekend,young_adult_audience,adults_audience,teens_audience,,,,,
low_attendance,Sport,Bronx,Claremont Park,Basketball Skills / Obstacle Course,Agency Produced Event,morning_time,weekday,children_audience,young_adult_audience,teens_audience,,,,,
med_attendance,Fitness,Brooklyn,McKinley Park,Soccer Skills,Local Event,afternoon_time,weekday,children_audience,,,,,,,
unknown_attendance,Sport,Bronx,Haffen Park,Soccer Skills / Obstacle Course,Agency Produced Event,afternoon_time,weekday,children_audience,young_adult_audience,teens_audience,,,,,
low_attendance,Sport,Manhattan,Marcus Garvey Park,KIM Outdoor Programming,Community Based Event,morning_time,weekday,tot_audience,children_audience,teens_audience,,,,,
low_attendance,Sport,Manhattan,Thomas Jefferson Park,SSE Outdoor Programming,Community Based Event,morning_time,weekday,tot_audience,children_audience,teens_audience,,,,,
med_attendance,Sport,Manhattan,Highbridge Park,KIM Outdoor Programming,Community Based Event,morning_time,weekday,tot_audience,children_audience,teens_audience,,,,,
unknown_attendance,Sport,Manhattan,Columbus Park,KIM Outdoor Programming,Community Based Event,morning_time,weekday,tot_audience,children_audience,teens_audience,,,,,
med_attendance,Fitness,Brooklyn,Leif Ericson Park,Pick  Up Pickle Ball,Local Event,morning_time,weekday,seniors_audience,,,,,,,
med_attendance,Sport,Bronx,Williamsbridge Oval Park,Pickle Ball,Community Based Event,night_time,weekday,children_audience,young_adult_audience,,,,,,
med_attendance,Fitness,Bronx,Williamsbridge Oval Park,Circuit Training,Community Based Event,morning_time,weekday,seniors_audience,adults_audience,,,,,,
low_attendance,Fitness,Brooklyn,St. John's Park,Summer 2020 Outdoor Program,Agency Produced Event,morning_time,weekday,adults_audience,seniors_audience,general_public_audience,,,,,
low_attendance,Fitness,Brooklyn,McKinley Park,TABATA Training,Local Event,afternoon_time,weekday,adults_audience,,,,,,,
med_attendance,Fitness,Staten Island,Ocean Breeze Park,Wake-Up Stretch and Relax Yoga,Open House,morning_time,weekday,general_public_audience,,,,,,,
med_attendance,Fitness,Staten Island,Ocean Breeze Park,Bend & Flex,Open House,morning_time,weekday,general_public_audience,,,,,,,
low_attendance,Fitness,Brooklyn,St. John's Park,2020 Summer Outdoor Program,Agency Produced Event,morning_time,weekday,adults_audience,seniors_audience,general_public_audience,,,,,
low_attendance,Sport,Staten Island,Ocean Breeze Park,Ocean Breeze Summer Sports Sizzler - Soccer Skills,Open House,afternoon_time,weekday,general_public_audience,,,,,,,
low_attendance,Fitness,Staten Island,Ocean Breeze Park,Ocean Breeze Summer Sports Sizzler - Plyometrics,Open House,afternoon_time,weekday,general_public_audience,,,,,,,
med_attendance,Fitness,Staten Island,Ocean Breeze Park,Fit to the Core,Open House,morning_time,weekday,general_public_audience,,,,,,,
low_attendance,Fitness,Brooklyn,McKinley Park,Rhythm & Weights,Local Event,morning_time,weekday,children_audience,,,,,,,
low_attendance,Fitness,Brooklyn,McKinley Park,Soccer Skills,Local Event,afternoon_time,weekday,children_audience,,,,,,,
unknown_attendance,Sport,Bronx,Barretto Point Park,Basketball Skills / Obstacle Course,Agency Produced Event,afternoon_time,weekday,children_audience,young_adult_audience,teens_audience,,,,,
low_attendance,Fitness,Staten Island,Freshkills Park,Stronger Than Ever - Trail Walk,Open House,morning_time,weekday,seniors_audience,,,,,,,
unknown_attendance,Sport,Bronx,Ferry Point Park,Soccer Skills / Obstacle Course,Agency Produced Event,morning_time,weekday,children_audience,young_adult_audience,teens_audience,,,,,
med_attendance,Fitness,Brooklyn,Leif Ericson Park,Pick Up Pickel Ball,Local Event,morning_time,weekday,seniors_audience,,,,,,,
unknown_attendance,Sport,Bronx,Ferry Point Park,Soccer Skills,Agency Produced Event,morning_time,weekday,children_audience,young_adult_audience,teens_audience,,,,,
low_attendance,Fitness,Brooklyn,McKinley Park,Rhythm & Weights,Local Event,afternoon_time,weekday,children_audience,adults_audience,,,,,,
med_attendance,Sport,Manhattan,Carmansville Park,KIM Outdoor Programming,Community Based Event,morning_time,weekday,tot_audience,children_audience,teens_audience,,,,,
med_attendance,Sport,Manhattan,Columbus Park,KIM Outdoor Programming,Community Based Event,morning_time,weekday,tot_audience,children_audience,teens_audience,,,,,
low_attendance,Sport,Manhattan,Marcus Garvey Park,KIM Outdoor Programming,Community Based Event,morning_time,weekday,tot_audience,children_audience,teens_audience,,,,,
med_attendance,Sport,Manhattan,Thomas Jefferson Park,SSE Outdoor Programming,Community Based Event,morning_time,weekday,tot_audience,children_audience,teens_audience,,,,,
med_attendance,Fitness,Brooklyn,Paerdegat Park,Chair Aerobics,Agency Produced Event,night_time,weekday,adults_audience,,,,,,,
med_attendance,Fitness,Brooklyn,Paerdegat Park,Senior Power Walk,Agency Produced Event,morning_time,weekday,adults_audience,,,,,,,
low_attendance,Fitness,Brooklyn,McKinley Park,TABATA,Local Event,afternoon_time,weekday,adults_audience,,,,,,,
med_attendance,Fitness,Brooklyn,Leif Ericson Park,Pick Up Pickle Ball,Local Event,morning_time,weekday,seniors_audience,,,,,,,
med_attendance,Fitness,Bronx,Williamsbridge Oval Park,Chair Arobics,Community Based Event,morning_time,weekday,young_adult_audience,adults_audience,teens_audience,adaptive_audience,seniors_audience,general_public_audience,,
med_attendance,Fitness,Bronx,Williamsbridge Oval Park,Spin 2020,Community Based Event,morning_time,weekday,young_adult_audience,adults_audience,teens_audience,adaptive_audience,seniors_audience,general_public_audience,,
med_attendance,Fitness,Bronx,Williamsbridge Oval Park,Spin 2020,Community Based Event,morning_time,weekday,young_adult_audience,adults_audience,teens_audience,adaptive_audience,seniors_audience,general_public_audience,,
med_attendance,Fitness,Brooklyn,St. John's Park,Summer 2020 Outdoor Program,Agency Produced Event,morning_time,weekday,adults_audience,seniors_audience,general_public_audience,,,,,
unknown_attendance,Fitness,Bronx,Soundview Park,Mindful Play,Agency Produced Event,afternoon_time,weekday,children_audience,,,,,,,
low_attendance,Fitness,Brooklyn,McKinley Park,Fitness,Local Event,morning_time,weekday,young_adult_audience,,,,,,,
med_attendance,Sport,Brooklyn,Coffey Park,Youth Summer Pop Up Recreation,Local Event,morning_time,weekday,tot_audience,children_audience,,,,,,
med_attendance,Fitness,Brooklyn,McKinley Park,Rhythm & Weightd,Local Event,morning_time,weekday,adults_audience,young_adult_audience,,,,,,
med_attendance,Sport,Brooklyn,McKinley Park,Soccer,Local Event,afternoon_time,weekday,children_audience,,,,,,,
low_attendance,Fitness,Brooklyn,McKinley Park,TABATA,Local Event,afternoon_time,weekday,young_adult_audience,,,,,,,
low_attendance,Fitness,Brooklyn,St. John's Park,Summer 2020 Outdoor Program,Agency Produced Event,morning_time,weekday,adults_audience,seniors_audience,general_public_audience,,,,,
med_attendance,Fitness,Brooklyn,Leif Ericson Park,Pick Up Pickle Ball,Local Event,morning_time,weekday,seniors_audience,,,,,,,
med_attendance,Sport,Manhattan,Highbridge Park,KIM Outdoor Programming,Community Based Event,morning_time,weekday,tot_audience,children_audience,teens_audience,,,,,
unknown_attendance,Sport,Bronx,Claremont Park,Soccer Skills,Agency Produced Event,morning_time,weekday,children_audience,young_adult_audience,teens_audience,,,,,
med_attendance,Sport,Manhattan,Thomas Jefferson Park,SSE Outdoor Programming,Community Based Event,morning_time,weekend,tot_audience,children_audience,teens_audience,,,,,
med_attendance,Sport,Manhattan,Thomas Jefferson Park,SSE Outdoor Programming,Community Based Event,morning_time,weekday,tot_audience,children_audience,teens_audience,,,,,
med_attendance,Sport,Manhattan,Carmansville Park,KIM Outdoor Programming,Community Based Event,morning_time,weekday,tot_audience,children_audience,teens_audience,,,,,
med_attendance,Fitness,Brooklyn,St. John's Park,Summer 2020 Outdoor Program,Agency Produced Event,morning_time,weekday,teens_audience,seniors_audience,general_public_audience,adults_audience,,,,
low_attendance,Fitness,Brooklyn,McKinley Park,Fitness,Local Event,morning_time,weekday,adults_audience,,,,,,,
med_attendance,Sport,Brooklyn,McKinley Park,Soccer,Local Event,afternoon_time,weekday,children_audience,,,,,,,
med_attendance,Sport,Bronx,Williamsbridge Oval Park,Pickleball,Community Based Event,morning_time,weekday,adults_audience,seniors_audience,,,,,,
unknown_attendance,Fitness,Staten Island,Freshkills Park,Stonger Than Ever - Trail Walk,Open House,morning_time,weekday,seniors_audience,,,,,,,
low_attendance,Fitness,Bronx,St. Mary's Park,Cardio + Strength,Community Based Event,morning_time,weekday,teens_audience,,,,,,,
med_attendance,Sport,Manhattan,Marcus Garvey Park,KIM Outdoor Programming,Community Based Event,morning_time,weekday,tot_audience,children_audience,teens_audience,,,,,
low_attendance,Sport,Manhattan,Hamilton Fish Park,KIM Outdoor Programming,Community Based Event,morning_time,weekday,children_audience,,,,,,,
med_attendance,Sport,Manhattan,Thomas Jefferson Park,Summer Sports Experience,Community Based Event,morning_time,weekday,tot_audience,children_audience,teens_audience,,,,,
med_attendance,Sport,Manhattan,Columbus Park,KIM Outdoor PRogramming,Community Based Event,morning_time,weekday,tot_audience,children_audience,teens_audience,,,,,
unknown_attendance,Sport,Manhattan,Columbus Park,KIM Outdoor Programming,Community Based Event,morning_time,weekday,tot_audience,children_audience,teens_audience,,,,,
unknown_attendance,Sport,Brooklyn,Maria Hernandez,Youth Summer Pop Up Recreation,Local Event,morning_time,weekday,tot_audience,children_audience,,,,,,
unknown_attendance,Sport,Bronx,Barretto Point Park,Basketball Skills,Agency Produced Event,afternoon_time,weekday,children_audience,young_adult_audience,teens_audience,,,,,
unknown_attendance,Sport,Bronx,Ferry Point Park,Soccer Skills,Agency Produced Event,morning_time,weekday,children_audience,young_adult_audience,teens_audience,,,,,
med_attendance,Sport,Manhattan,Marcus Garvey Park,Harlem Programming,Community Based Event,morning_time,weekend,tot_audience,children_audience,teens_audience,,,,,
med_attendance,Fitness,Brooklyn,McKinley Park,Fitness,Local Event,afternoon_time,weekday,young_adult_audience,,,,,,,
med_attendance,Fitness,Brooklyn,McKinley Park,Pick Up Pickle Ball,Local Event,morning_time,weekday,seniors_audience,,,,,,,
med_attendance,Sport,Bronx,St. Mary's Park,Skills & Drills,Community Based Event,morning_time,weekday,teens_audience,young_adult_audience,,,,,,
low_attendance,Fitness,Bronx,Soundview Park,Mindful Play,Agency Produced Event,morning_time,weekday,children_audience,,,,,,,
med_attendance,Fitness,Bronx,Williamsbridge Oval Park,Chair Arobics,Community Based Event,morning_time,weekday,young_adult_audience,adults_audience,teens_audience,adaptive_audience,seniors_audience,general_public_audience,,
low_attendance,Fitness,Bronx,Soundview Park,Qigong,Agency Produced Event,night_time,weekday,adults_audience,,,,,,,
med_attendance,Fitness,Brooklyn,Leif Ericson Park,Pick up Pickle Ball,Local Event,morning_time,weekday,seniors_audience,,,,,,,
med_attendance,Fitness,Brooklyn,McKinley Park,TABATA,Local Event,afternoon_time,weekday,young_adult_audience,adults_audience,,,,,,
med_attendance,Fitness,Bronx,Williamsbridge Oval Park,Spin 2020,Community Based Event,morning_time,weekday,young_adult_audience,adults_audience,teens_audience,adaptive_audience,seniors_audience,general_public_audience,,
low_attendance,Sport,Manhattan,Hamilton Fish Park,KIM Outdoor Programming,Community Based Event,morning_time,weekday,tot_audience,children_audience,teens_audience,,,,,
med_attendance,Sport,Manhattan,Thomas Jefferson Park,SSE Outdoor Programming,Community Based Event,morning_time,weekend,tot_audience,children_audience,teens_audience,,,,,
med_attendance,Fitness,Bronx,Williamsbridge Oval Park,Circuit Training,Community Based Event,morning_time,weekday,seniors_audience,adults_audience,,,,,,
unknown_attendance,Fitness,Staten Island,Freshkills Park,stronger than ever - trail walks,Open House,morning_time,weekday,seniors_audience,,,,,,,
low_attendance,Fitness,Brooklyn,St. John's Park,Summer 2020 Outdoor Program,Agency Produced Event,morning_time,weekday,adults_audience,seniors_audience,general_public_audience,,,,,
med_attendance,Fitness,Brooklyn,Leif Ericson Park,Pick Up Pickle Ball,Local Event,morning_time,weekday,seniors_audience,,,,,,,
low_attendance,Fitness,Bronx,St. Mary's Park,Cardio + Strength,Community Based Event,morning_time,weekday,teens_audience,children_audience,,,,,,
unknown_attendance,Fitness,Bronx,St. Mary's Park,Cardio + Strength,Community Based Event,morning_time,weekday,children_audience,teens_audience,,,,,,
low_attendance,Sport,Bronx,St. Mary's Park,unknown_name,Community Based Event,night_time,weekday,teens_audience,children_audience,,,,,,
low_attendance,Fitness,Bronx,St. Mary's Park,Cardio + Strength,Community Based Event,morning_time,weekday,teens_audience,children_audience,,,,,,
low_attendance,Sport,Bronx,St. Mary's Park,Skills and Drills,Community Based Event,morning_time,weekday,children_audience,teens_audience,,,,,,
med_attendance,Fitness,Bronx,St. Mary's Park,Cardio + Strength,Community Based Event,morning_time,weekday,children_audience,teens_audience,,,,,,
med_attendance,Sport,Bronx,St. Mary's Park,Skills and Drills,Community Based Event,night_time,weekday,children_audience,teens_audience,,,,,,
med_attendance,Fitness,Bronx,St. Mary's Park,Cardio + Strength,Community Based Event,morning_time,weekday,children_audience,teens_audience,,,,,,
med_attendance,Sport,Bronx,St. Mary's Park,Skills and Drills,Community Based Event,morning_time,weekday,children_audience,teens_audience,,,,,,
unknown_attendance,Sport,Bronx,Williamsbridge Oval Park,Pickleball,Community Based Event,morning_time,weekday,seniors_audience,adults_audience,,,,,,
med_attendance,Fitness,Bronx,Williamsbridge Oval Park,Circuit Training,Community Based Event,morning_time,weekday,adults_audience,seniors_audience,,,,,,
unknown_attendance,Sport,Bronx,Williamsbridge Oval Park,Pickleball Youth,Community Based Event,afternoon_time,weekday,children_audience,,,,,,,
unknown_attendance,Fitness,Bronx,Williamsbridge Oval Park,Fitness Challenge,Community Based Event,night_time,weekday,children_audience,,,,,,,
med_attendance,Sport,Bronx,Williamsbridge Oval Park,Pickleball,Community Based Event,morning_time,weekday,adults_audience,seniors_audience,,,,,,
med_attendance,Sport,Bronx,Williamsbridge Oval Park,Sports,Community Based Event,afternoon_time,weekday,children_audience,,,,,,,
med_attendance,Sport,Bronx,Williamsbridge Oval Park,Pickleball,Community Based Event,morning_time,weekday,adults_audience,seniors_audience,,,,,,
low_attendance,Fitness,Brooklyn,St. John's Park,Summer 2020 Outdoor Program,Agency Produced Event,morning_time,weekday,adults_audience,seniors_audience,general_public_audience,,,,,
low_attendance,Sport,Bronx,Williamsbridge Oval Park,Pickleball youth,Community Based Event,afternoon_time,weekday,children_audience,,,,,,,
med_attendance,Sport,Manhattan,Hamilton Fish Park,KIM Outdoor Programming,Community Based Event,morning_time,weekday,tot_audience,children_audience,,,,,,
med_attendance,Sport,Manhattan,Thomas Jefferson Park,SSE Outdoor Programming,Community Based Event,morning_time,weekday,tot_audience,children_audience,teens_audience,,,,,
med_attendance,Sport,Manhattan,Columbus Park,KIM Outdoor Programming,Community Based Event,morning_time,weekday,tot_audience,children_audience,,,,,,
med_attendance,Sport,Manhattan,Highbridge Park,KIM Outdoor Programming,Community Based Event,morning_time,weekday,tot_audience,children_audience,teens_audience,adults_audience,,,,
med_attendance,Sport,Manhattan,Marcus Garvey Park,KIM Outdoor Programming,Community Based Event,morning_time,weekday,tot_audience,children_audience,teens_audience,,,,,
med_attendance,Sport,Manhattan,Carmansville Park,KIM Outdoor Programming,Community Based Event,morning_time,weekday,tot_audience,children_audience,,,,,,
low_attendance,Sport,Manhattan,Highbridge Park,KIM Outdoor Programming,Community Based Event,morning_time,weekday,tot_audience,teens_audience,,,,,,
low_attendance,Sport,Manhattan,Hamilton Fish Park,KIM Outdoor Programming,Community Based Event,morning_time,weekday,tot_audience,children_audience,,,,,,
med_attendance,Sport,Manhattan,Highbridge Park,KIM Outdoor Programming,Community Based Event,morning_time,weekday,tot_audience,children_audience,teens_audience,,,,,
low_attendance,Fitness,Staten Island,Freshkills Park,Stronger Than Ever,Open House,morning_time,weekday,seniors_audience,,,,,,,
med_attendance,Sport,Manhattan,Hamilton Fish Park,KIM Outdoor Programming,Community Based Event,morning_time,weekday,tot_audience,children_audience,,,,,,
med_attendance,Fitness,Brooklyn,Leif Ericson Park,Pick Up Pickleball,Local Event,morning_time,weekday,seniors_audience,,,,,,,
med_attendance,Sport,Manhattan,Thomas Jefferson Park,Harlem Programming,Community Based Event,morning_time,weekend,tot_audience,children_audience,teens_audience,,,,,
med_attendance,Sport,Manhattan,Thomas Jefferson Park,Harlem Programming,Community Based Event,morning_time,weekend,tot_audience,children_audience,teens_audience,,,,,
med_attendance,Sport,Manhattan,Thomas Jefferson Park,Harlem Programming,Community Based Event,morning_time,weekend,tot_audience,children_audience,teens_audience,,,,,
med_attendance,Sport,Manhattan,Thomas Jefferson Park,SSE Outdoor Programming,Community Based Event,morning_time,weekday,tot_audience,children_audience,teens_audience,,,,,
unknown_attendance,Fitness,Bronx,Soundview Park,Mindful Play,Agency Produced Event,morning_time,weekday,children_audience,,,,,,,
low_attendance,Fitness,Bronx,Soundview Park,Qigong,Agency Produced Event,morning_time,weekday,adults_audience,,,,,,,
low_attendance,Fitness,Brooklyn,Sunset Park,Interval Walking,Agency Produced Event,morning_time,weekday,adults_audience,,,,,,,
low_attendance,Fitness,Brooklyn,Sunset Park,Flex and Stretch,Agency Produced Event,morning_time,weekday,adults_audience,young_adult_audience,,,,,,
high_attendance,Fitness,Brooklyn,Betsy Head Park,Fall Feild Day,Local Event,morning_time,weekday,children_audience,,,,,,,
unknown_attendance,Fitness,Brooklyn,Paerdegat Park,Senior Power Walk and Stretch,Agency Produced Event,morning_time,weekday,adults_audience,,,,,,,
med_attendance,Fitness,Brooklyn,Paerdegat Park,Senior Power Walk,Agency Produced Event,morning_time,weekday,adults_audience,,,,,,,
med_attendance,Fitness,Bronx,Williamsbridge Oval Park,Chair Arobics,Community Based Event,morning_time,weekday,adults_audience,teens_audience,adaptive_audience,seniors_audience,general_public_audience,,,
med_attendance,Fitness,Brooklyn,Leif Ericson Park,Pick Up Pickleball,Local Event,morning_time,weekday,seniors_audience,,,,,,,
med_attendance,Fitness,Bronx,St. Mary's Park,Cardio + Strength,Community Based Event,morning_time,weekend,teens_audience,,,,,,,
med_attendance,Sport,Bronx,St. Mary's Park,Skills and Drills,Community Based Event,morning_time,weekend,young_adult_audience,,,,,,,
unknown_attendance,Fitness,Bronx,St. Mary's Park,Cardio + Strength,Community Based Event,morning_time,weekday,teens_audience,,,,,,,
low_attendance,Fitness,Bronx,Williamsbridge Oval Park,Spin 2020,Community Based Event,morning_time,weekday,young_adult_audience,adults_audience,teens_audience,adaptive_audience,seniors_audience,general_public_audience,,
med_attendance,Fitness,Bronx,Williamsbridge Oval Park,Spin 2020,Community Based Event,morning_time,weekday,young_adult_audience,adults_audience,general_public_audience,teens_audience,adaptive_audience,seniors_audience,,
low_attendance,Sport,Staten Island,Ocean Breeze Park,Ocean Breeze Summer Sports Sizzler - Street Hockey,Open House,afternoon_time,weekday,general_public_audience,,,,,,,
med_attendance,Fitness,Staten Island,Ocean Breeze Park,Inspiration Motivation,Open House,morning_time,weekday,general_public_audience,,,,,,,
low_attendance,Fitness,Staten Island,Ocean Breeze Park,Step & Fit,Open House,morning_time,weekday,general_public_audience,,,,,,,
med_attendance,Fitness,Brooklyn,McKinley Park,Fitness,Local Event,morning_time,weekday,young_adult_audience,adults_audience,,,,,,
low_attendance,Fitness,Staten Island,Ocean Breeze Park,Step & Fit,Open House,morning_time,weekday,general_public_audience,,,,,,,
low_attendance,Sport,Staten Island,Ocean Breeze Park,Ocean Breeze Summer Sports Sizzler - Balance & Stability Games,Open House,afternoon_time,weekday,general_public_audience,,,,,,,
low_attendance,Sport,Bronx,St. Mary's Park,Skills & Drills,Community Based Event,morning_time,weekday,children_audience,teens_audience,young_adult_audience,,,,,
med_attendance,Fitness,Staten Island,Ocean Breeze Park,Bend & Flex,Open House,morning_time,weekday,general_public_audience,,,,,,,
med_attendance,Fitness,Staten Island,Ocean Breeze Park,Wake-Up Stretch and Relax Yoga,Open House,morning_time,weekday,general_public_audience,,,,,,,
med_attendance,Sport,Staten Island,Ocean Breeze Park,Ocean Breeze Summer Sports Sizzler - Soccer Skills,Open House,afternoon_time,weekday,general_public_audience,,,,,,,
med_attendance,Fitness,Brooklyn,St. John's Park,Summer 2020 Outdoor Program,Agency Produced Event,morning_time,weekday,adults_audience,seniors_audience,general_public_audience,,,,,
low_attendance,Fitness,Brooklyn,McKinley Park,Fitness,Local Event,afternoon_time,weekday,young_adult_audience,adults_audience,,,,,,
med_attendance,Sport,Bronx,St. Mary's Park,Skill & Drills,Community Based Event,night_time,weekday,adults_audience,,,,,,,
low_attendance,Sport,Staten Island,Ocean Breeze Park,Ocean Breeze Summer Sports Sizzler - Plyometrics,Open House,afternoon_time,weekday,general_public_audience,,,,,,,
unknown_attendance,Fitness,Bronx,St. Mary's Park,unknown_name,Community Based Event,morning_time,weekday,teens_audience,,,,,,,
high_attendance,Sport,Staten Island,Macombs Dam Park,Citywide Flag Football Championship,Tournament/Competition,morning_time,weekend,tot_audience,teens_audience,,,,,,
med_attendance,Fitness,Bronx,St. Mary's Park West,Trap and Spin,Open House,night_time,weekday,adults_audience,young_adult_audience,,,,,,
med_attendance,Fitness,Bronx,Williamsbridge Oval Park,Circuit Training,Community Based Event,morning_time,weekday,adults_audience,seniors_audience,,,,,,
med_attendance,Fitness,Brooklyn,St. John's Park,Summer 2020 Outdoor Program,Agency Produced Event,morning_time,weekday,adults_audience,seniors_audience,general_public_audience,,,,,
unknown_attendance,Fitness,Bronx,Williamsbridge Oval Park,Youth Fitness,Community Based Event,afternoon_time,weekday,children_audience,,,,,,,
med_attendance,Fitness,Brooklyn,McKinley Park,TABATA,Local Event,afternoon_time,weekday,young_adult_audience,adults_audience,,,,,,
unknown_attendance,Fitness,Bronx,St. Mary's Park,Cardio + Strength,Community Based Event,morning_time,weekday,teens_audience,,,,,,,
unknown_attendance,Sport,Bronx,St. Mary's Park,Skills & Drills,Community Based Event,morning_time,weekday,teens_audience,,,,,,,
med_attendance,Sport,Manhattan,Highbridge Park,KIM Outdoor Programming,Community Based Event,morning_time,weekday,tot_audience,children_audience,teens_audience,adults_audience,,,,
low_attendance,Sport,Manhattan,Carmansville Park,KIM Outdoor Programming,Community Based Event,morning_time,weekday,tot_audience,children_audience,,,,,,
med_attendance,Sport,Manhattan,Carmansville Park,KIM Outdoor Programming,Community Based Event,morning_time,weekday,tot_audience,children_audience,,,,,,
unknown_attendance,Sport,Manhattan,Marcus Garvey Park,KIM Outdoor Programming,Community Based Event,morning_time,weekday,tot_audience,children_audience,,,,,,
med_attendance,Sport,Manhattan,Marcus Garvey Park,Harlem Programming,Community Based Event,morning_time,weekend,tot_audience,children_audience,,,,,,
unknown_attendance,Sport,Manhattan,Highbridge Park,KIM Outdoor Programming,Community Based Event,morning_time,weekday,tot_audience,children_audience,teens_audience,,,,,
unknown_attendance,Sport,Manhattan,Columbus Park,KIM Outdoor Programming,Community Based Event,morning_time,weekday,tot_audience,children_audience,,,,,,
unknown_attendance,Sport,Manhattan,Thomas Jefferson Park,SSE Outdoor Programming,Community Based Event,morning_time,weekday,tot_audience,children_audience,,,,,,
med_attendance,Sport,Manhattan,Marcus Garvey Park,Harlem Programming,Community Based Event,morning_time,weekend,tot_audience,children_audience,,,,,,
low_attendance,Sport,Manhattan,Highbridge Park,KIM Outdoor Programming,Community Based Event,morning_time,weekday,tot_audience,children_audience,teens_audience,,,,,
med_attendance,Sport,Manhattan,Highbridge Park,KIM Outdoor Programming,Community Based Event,morning_time,weekday,adults_audience,,,,,,,
med_attendance,Sport,Manhattan,Thomas Jefferson Park,Harlem Programming,Community Based Event,morning_time,weekend,tot_audience,children_audience,teens_audience,,,,,
unknown_attendance,Fitness,Staten Island,Freshkills Park,Stronger Than Ever - TRail Walk,Open House,night_time,weekday,seniors_audience,,,,,,,
low_attendance,Fitness,Brooklyn,St. John's Park,Summer 2020 Outdoor Program,Agency Produced Event,morning_time,weekday,children_audience,adults_audience,seniors_audience,general_public_audience,,,,
med_attendance,Sport,Manhattan,Hamilton Fish Park,KIM Outdoor Programming,Community Based Event,morning_time,weekday,tot_audience,children_audience,,,,,,
unknown_attendance,Fitness,Staten Island,Freshkills Park,Stronger Than Ever - Trail Walk,Open House,morning_time,weekday,seniors_audience,,,,,,,
med_attendance,Sport,Bronx,St. Mary's Park,unknown_name,Community Based Event,morning_time,weekday,children_audience,,,,,,,
low_attendance,Fitness,Brooklyn,McKinley Park,Fitness,Open House,afternoon_time,weekday,young_adult_audience,adults_audience,,,,,,
low_attendance,Fitness,Brooklyn,McKinley Park,Fitness,Local Event,morning_time,weekday,young_adult_audience,adults_audience,,,,,,
low_attendance,Fitness,Brooklyn,Sunset Park,Interval Walking,Agency Produced Event,morning_time,weekday,adults_audience,,,,,,,
med_attendance,Fitness,Brooklyn,Paerdegat Park,Balance and Stretch,Agency Produced Event,afternoon_time,weekday,adults_audience,,,,,,,
low_attendance,Fitness,Brooklyn,Sunset Park,Interval Power Walk,Agency Produced Event,morning_time,weekday,young_adult_audience,adults_audience,,,,,,
low_attendance,Fitness,Brooklyn,Paerdegat Park,Senior Power Walk,Agency Produced Event,morning_time,weekday,adults_audience,,,,,,,
unknown_attendance,Fitness,Brooklyn,Paerdegat Park,Senior Power Walk,Agency Produced Event,morning_time,weekday,adults_audience,,,,,,,
low_attendance,Fitness,Brooklyn,Sunset Park,Flex and Stretch,Agency Produced Event,morning_time,weekday,adults_audience,,,,,,,
med_attendance,Fitness,Brooklyn,Leif Ericson Park,Pick Up Pickleball,Local Event,morning_time,weekday,seniors_audience,,,,,,,
med_attendance,Fitness,Brooklyn,McKinley Park,Fitness,Local Event,afternoon_time,weekday,adults_audience,,,,,,,
med_attendance,Fitness,Queens,Beach 17th Street,Spin,Community Based Event,morning_time,weekday,tot_audience,general_public_audience,children_audience,,,,,
low_attendance,Sport,Queens,Detective Keith L Williams Park,Summer Sports Experience,Community Based Event,morning_time,weekday,tot_audience,general_public_audience,children_audience,,,,,
low_attendance,Sport,Queens,Detective Keith L Williams Park,Summer Sports Experience,Community Based Event,morning_time,weekday,tot_audience,children_audience,general_public_audience,,,,,
low_attendance,Sport,Queens,Juniper Valley Park,Summer Sports Experience,Community Based Event,morning_time,weekday,children_audience,tot_audience,general_public_audience,,,,,
unknown_attendance,Sport,Queens,Juniper Valley Park,Summer Sports Experience,Community Based Event,morning_time,weekday,tot_audience,children_audience,general_public_audience,,,,,
low_attendance,Sport,Queens,Beach 17th Street,Summer Sports Experience,Community Based Event,morning_time,weekend,tot_audience,children_audience,general_public_audience,,,,,
unknown_attendance,Sport,Queens,Kissena Park,Summer Sports Experience,Community Based Event,morning_time,weekday,tot_audience,children_audience,general_public_audience,,,,,
low_attendance,Sport,Queens,Beach 17th Street,Summer Sports Experience,Community Based Event,morning_time,weekday,tot_audience,general_public_audience,children_audience,,,,,
low_attendance,Sport,Queens,Bayswater Park,Summer Sports Experience,Community Based Event,morning_time,weekend,tot_audience,general_public_audience,children_audience,,,,,
med_attendance,Sport,Queens,Hunter's Point South Park,Kids in Motion Pop-Up,Community Based Event,morning_time,weekday,tot_audience,general_public_audience,children_audience,,,,,
med_attendance,Fitness,Bronx,Williamsbridge Oval Park,Hockey,Community Based Event,afternoon_time,weekday,children_audience,,,,,,,
low_attendance,Sport,Bronx,Williamsbridge Oval Park,Youth Pickleball,Community Based Event,afternoon_time,weekday,children_audience,,,,,,,
low_attendance,Fitness,Bronx,Williamsbridge Oval Park,Hike Time,Community Based Event,morning_time,weekday,seniors_audience,,,,,,,
med_attendance,Fitness,Bronx,Williamsbridge Oval Park,Pickleball,Community Based Event,morning_time,weekday,adults_audience,seniors_audience,,,,,,
unknown_attendance,Fitness,Bronx,St. Mary's Park,Cardio + Strength,Community Based Event,morning_time,weekend,teens_audience,,,,,,,
unknown_attendance,Fitness,Bronx,St. Mary's Park,Hip Hop Fitness,Open House,afternoon_time,weekend,adults_audience,young_adult_audience,,,,,,
unknown_attendance,Fitness,Bronx,St. Mary's Park West,Trap & Spin,Open House,morning_time,weekend,young_adult_audience,adults_audience,,,,,,
unknown_attendance,Sport,Bronx,St. Mary's Recreation Center,Skills & Drills,Community Based Event,morning_time,weekend,teens_audience,,,,,,,
med_attendance,Sport,Bronx,St. Mary's Park,skills & drills,Community Based Event,morning_time,weekend,children_audience,teens_audience,,,,,,
low_attendance,Sport,Bronx,St. Mary's Park,skills & drills,Community Based Event,morning_time,weekday,children_audience,,,,,,,
med_attendance,Sport,Bronx,St. Mary's Park,skills & drills,Community Based Event,morning_time,weekday,teens_audience,young_adult_audience,children_audience,,,,,
med_attendance,Sport,Bronx,St. Mary's Park,skills & drills,Community Based Event,morning_time,weekend,children_audience,,,,,,,
unknown_attendance,Sport,Bronx,St. Mary's Park,skills & drills,Community Based Event,night_time,weekend,children_audience,,,,,,,
med_attendance,Sport,Bronx,St. Mary's Park,skills & drills,Community Based Event,morning_time,weekday,teens_audience,,,,,,,
med_attendance,Sport,Bronx,St. Mary's Park,unknown_name,Community Based Event,morning_time,weekday,teens_audience,,,,,,,
med_attendance,Sport,Bronx,St. Mary's Park,skills & drills,Community Based Event,morning_time,weekday,teens_audience,,,,,,,
med_attendance,Sport,Bronx,St. Mary's Park,skills & drills,Community Based Event,morning_time,weekday,teens_audience,children_audience,,,,,,
med_attendance,Sport,Bronx,St. Mary's Recreation Center,skills & drills,Community Based Event,morning_time,weekend,young_adult_audience,teens_audience,,,,,,
unknown_attendance,Sport,Bronx,St. Mary's Park,skills & drills,Community Based Event,night_time,weekday,teens_audience,,,,,,,
unknown_attendance,Sport,Bronx,St. Mary's Recreation Center,skills & drills,Community Based Event,night_time,weekday,children_audience,,,,,,,
unknown_attendance,Sport,Bronx,St. Mary's Recreation Center,skills & drills,Community Based Event,night_time,weekday,children_audience,teens_audience,,,,,,
unknown_attendance,Fitness,Bronx,Soundview Park,Qigong at Soundview Park,Agency Produced Event,morning_time,weekday,adults_audience,,,,,,,
med_attendance,Sport,Bronx,St. Mary's Recreation Center,skills & drills,Community Based Event,morning_time,weekday,teens_audience,,,,,,,
med_attendance,Fitness,Bronx,Williamsbridge Oval Park,Chair Arobics,Community Based Event,morning_time,weekday,young_adult_audience,adults_audience,teens_audience,adaptive_audience,seniors_audience,general_public_audience,,
unknown_attendance,Fitness,Bronx,Soundview Park,Mindful Play,Agency Produced Event,morning_time,weekday,children_audience,,,,,,,
med_attendance,Fitness,Bronx,St. Mary's Park,Trap and Spin,Open House,morning_time,weekday,young_adult_audience,adults_audience,,,,,,
med_attendance,Fitness,Brooklyn,Leif Ericson Park,Pick Up Pickleball,Local Event,morning_time,weekday,seniors_audience,,,,,,,
med_attendance,Fitness,Brooklyn,McKinley Park,TABATA,Local Event,afternoon_time,weekday,adults_audience,,,,,,,
med_attendance,Fitness,Bronx,Williamsbridge Oval Park,Spin 2020,Community Based Event,morning_time,weekday,young_adult_audience,adults_audience,seniors_audience,general_public_audience,,,,
med_attendance,Fitness,Brooklyn,St. John's Park,Summer 2020 Outdoor Program,Agency Produced Event,morning_time,weekday,adults_audience,seniors_audience,general_public_audience,,,,,
low_attendance,Fitness,Brooklyn,McKinley Park,Fitness,Local Event,afternoon_time,weekday,adults_audience,,,,,,,
low_attendance,Fitness,Brooklyn,McKinley Park,Fitness,Local Event,morning_time,weekday,adults_audience,,,,,,,
unknown_attendance,Sport,Bronx,St. Mary's Park,Skills and Drills,Community Based Event,afternoon_time,weekday,teens_audience,,,,,,,
unknown_attendance,Fitness,Bronx,St. Mary's Park,Cardio + Strength,Community Based Event,morning_time,weekday,teens_audience,,,,,,,
med_attendance,Fitness,Queens,St. Albans Park,Kids in Motion,Community Based Event,morning_time,weekday,seniors_audience,adults_audience,general_public_audience,,,,,
med_attendance,Fitness,Queens,St. Albans Park,Kids in Motion,Community Based Event,morning_time,weekday,seniors_audience,adults_audience,general_public_audience,,,,,
med_attendance,Sport,Manhattan,Thomas Jefferson Park,SSE Outdoor PRogramming,Community Based Event,morning_time,weekday,tot_audience,children_audience,teens_audience,,,,,
med_attendance,Sport,Manhattan,Highbridge Park,KIM Outdoor Programming,Community Based Event,morning_time,weekday,tot_audience,children_audience,teens_audience,adults_audience,,,,
med_attendance,Sport,Manhattan,Thomas Jefferson Park,SSE Outdoor Programming,Community Based Event,morning_time,weekday,tot_audience,children_audience,teens_audience,,,,,
unknown_attendance,Sport,Staten Island,Ocean Breeze Park,Ocean Breeze Summer Sports Sizzler - Plyometrics,Open House,afternoon_time,weekday,general_public_audience,,,,,,,
med_attendance,Fitness,Staten Island,Ocean Breeze Park,Inspiration Motivation,Open House,morning_time,weekday,general_public_audience,,,,,,,
unknown_attendance,Sport,Staten Island,Ocean Breeze Park,Ocean Breeze Summer Sports Sizzler - Street Hockey,Open House,afternoon_time,weekday,general_public_audience,,,,,,,
unknown_attendance,Fitness,Queens,Beach 17th Street,Boot Camp,Community Based Event,morning_time,weekday,young_adult_audience,adults_audience,seniors_audience,general_public_audience,,,,
med_attendance,Fitness,Queens,Beach 17th Street,Spin,Community Based Event,morning_time,weekday,adults_audience,general_public_audience,seniors_audience,,,,,
low_attendance,Sport,Bronx,St. James Park,unknown_name,Community Based Event,morning_time,weekday,children_audience,tot_audience,,,,,,
med_attendance,Fitness,Brooklyn,McKinley Park,TABATA,Local Event,afternoon_time,weekday,adults_audience,seniors_audience,,,,,,
unknown_attendance,Fitness,Brooklyn,Leif Ericson Park,Pick Up Pickleball,Local Event,morning_time,weekday,seniors_audience,,,,,,,
med_attendance,Sport,Brooklyn,Coffey Park,Youth Summer Pop Up Recreation,Local Event,morning_time,weekday,tot_audience,children_audience,young_adult_audience,,,,,
med_attendance,Fitness,Brooklyn,St. John's Park,Summer 2020 Outdoor Program,Agency Produced Event,morning_time,weekday,young_adult_audience,adults_audience,seniors_audience,general_public_audience,,,,
low_attendance,Fitness,Brooklyn,McKinley Park,Fitness,Local Event,morning_time,weekday,adults_audience,,,,,,,
med_attendance,Fitness,Brooklyn,McKinley Park,Fitness,Local Event,afternoon_time,weekday,young_adult_audience,adults_audience,,,,,,
med_attendance,Sport,Queens,Juniper Valley Park,Summer Sports Experience,Community Based Event,morning_time,weekday,tot_audience,general_public_audience,children_audience,,,,,
med_attendance,Sport,Queens,Detective Keith L Williams Park,Summer Sports Experience,Community Based Event,morning_time,weekday,general_public_audience,,,,,,,
low_attendance,Fitness,Brooklyn,Sunset Park,Interval Power Walk,Agency Produced Event,morning_time,weekday,adults_audience,,,,,,,
med_attendance,Sport,Queens,Kissena Park,Summer Sports Experience,Community Based Event,morning_time,weekend,general_public_audience,,,,,,,
low_attendance,Fitness,Brooklyn,Paerdegat Park,Senior Stretch,Agency Produced Event,afternoon_time,weekday,seniors_audience,,,,,,,
low_attendance,Fitness,Brooklyn,Paerdegat Park,Senior Power Walk,Agency Produced Event,morning_time,weekday,adults_audience,,,,,,,
unknown_attendance,Fitness,Brooklyn,Sunset Park,Interval Power Walk,Agency Produced Event,morning_time,weekday,adults_audience,,,,,,,
low_attendance,Fitness,Brooklyn,Sunset Park,Flex and Stretch,Agency Produced Event,morning_time,weekday,adults_audience,seniors_audience,,,,,,
med_attendance,Sport,Manhattan,Thomas Jefferson Park,SSE Outdoor Programming,Community Based Event,morning_time,weekday,tot_audience,children_audience,teens_audience,,,,,
low_attendance,Fitness,Brooklyn,Paerdegat Park,Flex and Stretch,Agency Produced Event,morning_time,weekday,seniors_audience,,,,,,,
med_attendance,Sport,Manhattan,Columbus Park,KIM Outdoor Programming,Community Based Event,morning_time,weekday,tot_audience,children_audience,,,,,,
med_attendance,Fitness,Brooklyn,Leif Ericson Park,Pick Up Pickleball,Local Event,morning_time,weekday,seniors_audience,,,,,,,
med_attendance,Fitness,Brooklyn,McKinley Park,Fitness,Local Event,afternoon_time,weekday,teens_audience,,,,,,,
med_attendance,Fitness,Manhattan,James J Walker Park,Boot Camp,Local Event,morning_time,weekday,adults_audience,young_adult_audience,,,,,,
low_attendance,Fitness,Manhattan,James J Walker Park,Boot Camp,Local Event,morning_time,weekday,adults_audience,young_adult_audience,,,,,,
med_attendance,Fitness,Manhattan,James J Walker Park,Boot Camp,Local Event,morning_time,weekend,adults_audience,young_adult_audience,,,,,,
unknown_attendance,Fitness,Bronx,Williamsbridge Oval Park,Circuit Training,Community Based Event,morning_time,weekday,adults_audience,seniors_audience,,,,,,
med_attendance,Sport,Bronx,Williamsbridge Oval Park,Hockey,Community Based Event,afternoon_time,weekday,children_audience,,,,,,,
med_attendance,Fitness,Bronx,Williamsbridge Oval Park,Pickleball,Community Based Event,morning_time,weekday,adults_audience,seniors_audience,,,,,,
med_attendance,Fitness,Bronx,Williamsbridge Oval Park,Chair Arobics,Community Based Event,morning_time,weekday,young_adult_audience,adults_audience,adaptive_audience,seniors_audience,general_public_audience,,,
low_attendance,Sport,Bronx,St. Mary's Park,skills & drills,Community Based Event,morning_time,weekend,teens_audience,,,,,,,
unknown_attendance,Fitness,Bronx,Seton Park,Mindful Play,Agency Produced Event,morning_time,weekday,tot_audience,children_audience,,,,,,
unknown_attendance,Fitness,Bronx,Soundview Park,Qigong,Agency Produced Event,morning_time,weekday,adults_audience,,,,,,,
med_attendance,Fitness,Brooklyn,Leif Ericson Park,Pick Up Pickleball,Local Event,morning_time,weekday,seniors_audience,,,,,,,
med_attendance,Sport,Manhattan,Highbridge Park,KIM Outdoor Programming,Community Based Event,morning_time,weekday,tot_audience,children_audience,teens_audience,adults_audience,,,,
med_attendance,Fitness,Brooklyn,McKinley Park,Fitness,Local Event,night_time,weekday,young_adult_audience,adults_audience,,,,,,
high_attendance,Fitness,Manhattan,Marcus Garvey Park,Iron Kid,Tournament/Competition,morning_time,weekday,children_audience,,,,,,,
low_attendance,Sport,Bronx,St. Mary's Park,Skills & drills,Community Based Event,morning_time,weekday,teens_audience,,,,,,,
low_attendance,Sport,Bronx,St. Mary's Park,skills & drills,Community Based Event,morning_time,weekday,children_audience,,,,,,,
med_attendance,Sport,Bronx,St. Mary's Park,skills & drills,Community Based Event,morning_time,weekday,children_audience,teens_audience,,,,,,
low_attendance,Fitness,Bronx,Williamsbridge Oval Park,Spin 2020,Community Based Event,morning_time,weekday,young_adult_audience,adults_audience,seniors_audience,general_public_audience,,,,
med_attendance,Fitness,Bronx,Williamsbridge Oval Park,Spin 2020,Community Based Event,morning_time,weekday,young_adult_audience,adults_audience,seniors_audience,general_public_audience,,,,
med_attendance,Sport,Bronx,Williamsbridge Oval Park,Pickle ball,Community Based Event,morning_time,weekday,seniors_audience,,,,,,,
med_attendance,Sport,Bronx,Williamsbridge Oval Park,Pickle Ball,Community Based Event,morning_time,weekday,seniors_audience,,,,,,,
low_attendance,Sport,Bronx,Williamsbridge Oval Park,Sports Drills,Community Based Event,afternoon_time,weekday,children_audience,,,,,,,
low_attendance,Sport,Bronx,Williamsbridge Oval Park,Sports drills,Community Based Event,afternoon_time,weekday,children_audience,,,,,,,
med_attendance,Sport,Bronx,Williamsbridge Oval Park,Pickle Ball,Community Based Event,morning_time,weekday,seniors_audience,,,,,,,
med_attendance,Fitness,Brooklyn,St. John's Park,Summer 2020 Outdoor Program,Agency Produced Event,morning_time,weekday,children_audience,adults_audience,seniors_audience,general_public_audience,,,,
low_attendance,Fitness,Brooklyn,McKinley Park,TABATA,Local Event,afternoon_time,weekday,young_adult_audience,adults_audience,,,,,,
med_attendance,Fitness,Brooklyn,McKinley Park,TABATA,Local Event,morning_time,weekday,adults_audience,,,,,,,
low_attendance,Sport,Manhattan,Hamilton Fish Park,KIM Outdoor Programming,Community Based Event,morning_time,weekday,tot_audience,children_audience,teens_audience,,,,,
med_attendance,Sport,Manhattan,Hamilton Fish Park,KIM Outdoor Programming,Community Based Event,morning_time,weekday,tot_audience,children_audience,teens_audience,,,,,
med_attendance,Sport,Manhattan,Highbridge Park,KIM Outdoor Programming,Community Based Event,morning_time,weekday,adults_audience,tot_audience,,,,,,
med_attendance,Sport,Manhattan,Highbridge Park,KIM Outdoor Programming,Community Based Event,morning_time,weekday,tot_audience,children_audience,adults_audience,,,,,
low_attendance,Sport,Manhattan,Highbridge Park,KIM Outdoor Programming,Community Based Event,morning_time,weekday,adults_audience,,,,,,,
low_attendance,Sport,Manhattan,Marcus Garvey Park,KIM Outdoor Programming,Community Based Event,morning_time,weekday,tot_audience,,,,,,,
med_attendance,Sport,Manhattan,Marcus Garvey Park,KIM Outdoor Programming,Community Based Event,morning_time,weekday,tot_audience,children_audience,,,,,,
med_attendance,Sport,Manhattan,Thomas Jefferson Park,KIM Outdoor Programming,Community Based Event,morning_time,weekday,tot_audience,children_audience,teens_audience,,,,,
unknown_attendance,Fitness,Bronx,Soundview Park,Qigong,Agency Produced Event,morning_time,weekday,adults_audience,,,,,,,
med_attendance,Fitness,Queens,Beach 17th Street,Spin,Community Based Event,morning_time,weekday,general_public_audience,young_adult_audience,adults_audience,,,,,
med_attendance,Fitness,Queens,St. Albans Park,Boot Camp,Community Based Event,morning_time,weekday,tot_audience,children_audience,general_public_audience,,,,,
med_attendance,Sport,Queens,Beach 17th Street,Summer Sports Experience,Community Based Event,morning_time,weekday,tot_audience,children_audience,general_public_audience,,,,,
low_attendance,Sport,Queens,Detective Keith L Williams Park,Summer Sports Experience,Community Based Event,morning_time,weekday,tot_audience,children_audience,general_public_audience,,,,,
med_attendance,Sport,Queens,Bayswater Park,Summer Sports Experience,Community Based Event,morning_time,weekend,tot_audience,children_audience,general_public_audience,,,,,
low_attendance,Fitness,Staten Island,Freshkills Park,Stronger Than Ever - Trail Walk,Open House,morning_time,weekday,seniors_audience,,,,,,,
med_attendance,Sport,Queens,Juniper Valley Park,Summer Sports Experience,Community Based Event,morning_time,weekday,tot_audience,children_audience,general_public_audience,,,,,
med_attendance,Fitness,Queens,St. Albans Park,Boot Camp,Community Based Event,morning_time,weekday,adults_audience,seniors_audience,general_public_audience,,,,,
low_attendance,Sport,Bronx,St. Mary's Park,skills & drills,Community Based Event,morning_time,weekday,teens_audience,,,,,,,
med_attendance,Fitness,Brooklyn,Leif Ericson Park,Pick Up Pickleball,Local Event,morning_time,weekday,seniors_audience,,,,,,,
med_attendance,Fitness,Brooklyn,McKinley Park,TABATA,Local Event,afternoon_time,weekday,young_adult_audience,adults_audience,,,,,,
med_attendance,Fitness,Manhattan,James J Walker Park,Boot Camp,Local Event,morning_time,weekday,adults_audience,,,,,,,
low_attendance,Fitness,Bronx,Barretto Point Park,Shape Up NYC: Yoga/HiiT Fusion,Community Based Event,night_time,weekday,adults_audience,,,,,,,
low_attendance,Fitness,Brooklyn,St. John's Park,Summer 2020 Outdoor Program,Agency Produced Event,morning_time,weekday,adults_audience,seniors_audience,general_public_audience,,,,,
med_attendance,Fitness,Brooklyn,St. John's Park,Summer 2020 Outdoor Program,Agency Produced Event,morning_time,weekday,adults_audience,seniors_audience,general_public_audience,,,,,
med_attendance,Fitness,Brooklyn,Marine Park,Shape Up NYC: Zumba,Community Based Event,morning_time,weekend,adults_audience,,,,,,,
med_attendance,Fitness,Staten Island,Clove Lakes Park,Shape Up NYC: Fit Mix,Community Based Event,morning_time,weekday,adults_audience,,,,,,,
low_attendance,Fitness,Queens,Flushing Meadows Corona Park,Shape Up NYC: Dance Fitness,Community Based Event,night_time,weekday,adults_audience,,,,,,,
med_attendance,Fitness,Manhattan,Marcus Garvey Park,Shape Up NYC: Revved and Ready,Community Based Event,morning_time,weekend,adults_audience,,,,,,,
med_attendance,Fitness,Manhattan,James J Walker Park,Boot Camp,Local Event,morning_time,weekday,adults_audience,,,,,,,
low_attendance,Sport,Bronx,St. Mary's Park,step it up,Tournament/Competition,afternoon_time,weekday,children_audience,,,,,,,
unknown_attendance,Sport,Bronx,St. Mary's Park,skills & drills,Community Based Event,morning_time,weekend,teens_audience,children_audience,,,,,,
med_attendance,Sport,Bronx,St. Mary's Park,skills & drills,Community Based Event,morning_time,weekday,teens_audience,,,,,,,
low_attendance,Fitness,Brooklyn,McKinley Park,Fitness,Local Event,morning_time,weekday,young_adult_audience,adults_audience,,,,,,
low_attendance,Fitness,Brooklyn,McKinley Park,Fitness,Local Event,afternoon_time,weekday,young_adult_audience,adults_audience,,,,,,
unknown_attendance,Fitness,Bronx,Soundview Park,Mindful Play,Agency Produced Event,night_time,weekday,children_audience,,,,,,,
med_attendance,Fitness,Bronx,Williamsbridge Oval Park,Chair Arobics,Community Based Event,morning_time,weekday,adults_audience,seniors_audience,,,,,,
low_attendance,Sport,Bronx,St. Mary's Park,skills & drills,Community Based Event,morning_time,weekday,children_audience,,,,,,,
med_attendance,Fitness,Brooklyn,McKinley Park,Fitness,Local Event,afternoon_time,weekday,young_adult_audience,adults_audience,,,,,,
med_attendance,Fitness,Bronx,Roberto Clemente State Park,Kickboxing,Community Based Event,night_time,weekend,adults_audience,,,,,,,
med_attendance,Fitness,Bronx,Mullaly Park,Latin Cardio Fitness,Community Based Event,night_time,weekend,adults_audience,,,,,,,
med_attendance,Fitness,Bronx,Mullaly Park,Belly Dance Fitness,Community Based Event,night_time,weekend,adults_audience,,,,,,,
low_attendance,Fitness,Queens,Queensbridge Park,Mindful Movement,Community Based Event,night_time,weekday,adults_audience,,,,,,,
low_attendance,Fitness,Staten Island,Clove Lakes Park,Fit Mix,Community Based Event,night_time,weekday,adults_audience,,,,,,,
med_attendance,Fitness,Manhattan,Marcus Garvey Park,Revved and Ready,Community Based Event,night_time,weekend,adults_audience,,,,,,,
low_attendance,Fitness,Manhattan,Marcus Garvey Park,AfroKick,Community Based Event,night_time,weekday,adults_audience,,,,,,,
med_attendance,Fitness,Bronx,Williamsbridge Oval Park,Spin 2020,Community Based Event,morning_time,weekday,adults_audience,seniors_audience,general_public_audience,,,,,
med_attendance,Fitness,Manhattan,Thomas Jefferson Park,Afro-World Dance Fusion,Community Based Event,night_time,weekday,adults_audience,,,,,,,
high_attendance,Fitness,Manhattan,Washington Square Park,Dance Away the Night Series: Strictly Tango Nights,Community Based Event,night_time,weekday,adults_audience,seniors_audience,,,,,,
med_attendance,Fitness,Brooklyn,McKinley Park,Fitness,Local Event,morning_time,weekday,young_adult_audience,adults_audience,,,,,,
low_attendance,Fitness,Brooklyn,McKinley Park,Fitness,Local Event,afternoon_time,weekday,young_adult_audience,adults_audience,,,,,,
med_attendance,Fitness,Bronx,Roberto clemente state park,kickboxing,Community Based Event,morning_time,weekend,adults_audience,,,,,,,
med_attendance,Fitness,Manhattan,Marcus Garvey Park,revved and ready,Community Based Event,afternoon_time,weekend,adults_audience,,,,,,,
unknown_attendance,Fitness,Bronx,Crotona Park,bootcamp,Community Based Event,morning_time,weekday,adults_audience,,,,,,,
med_attendance,Fitness,Bronx,Mullaly Park,latin cardio fitness,Community Based Event,morning_time,weekend,adults_audience,,,,,,,
med_attendance,Fitness,Manhattan,Marcus Garvey Park,revved and ready,Community Based Event,afternoon_time,weekend,adults_audience,,,,,,,
med_attendance,Fitness,Staten Island,Clove Lakes Park,fit mix,Community Based Event,morning_time,weekday,adults_audience,,,,,,,
med_attendance,Sport,Queens,Kissena Park,Summer Sports Experience,Community Based Event,morning_time,weekend,children_audience,young_adult_audience,general_public_audience,,,,,
med_attendance,Sport,Queens,Detective Keith L Williams Park,Summer Sports Experience,Community Based Event,morning_time,weekday,young_adult_audience,children_audience,general_public_audience,,,,,
med_attendance,Sport,Queens,Beach 17th Street,Summer Sports Experience,Community Based Event,morning_time,weekday,children_audience,general_public_audience,tot_audience,,,,,
med_attendance,Fitness,Staten Island,Ocean Breeze Park,Step & Fit,Open House,morning_time,weekday,general_public_audience,,,,,,,
low_attendance,Fitness,Staten Island,De Matti Park,Hula Hoop Fitness,Community Based Event,afternoon_time,weekday,tot_audience,children_audience,teens_audience,,,,,
low_attendance,Fitness,Staten Island,De Matti Park,Walk-a-thon,Community Based Event,morning_time,weekday,tot_audience,teens_audience,children_audience,,,,,
med_attendance,Fitness,Staten Island,De Matti Park,Fit Kids,Community Based Event,afternoon_time,weekday,tot_audience,teens_audience,children_audience,,,,,
med_attendance,Fitness,Brooklyn,Leif Ericson Park,Pick Up Pickleball,Local Event,morning_time,weekday,seniors_audience,,,,,,,
med_attendance,Fitness,Brooklyn,McKinley Park,TABATA,Local Event,afternoon_time,weekday,young_adult_audience,adults_audience,,,,,,
med_attendance,Fitness,Bronx,Mullaly Park,Shape Up NYC: Belly Dance Fitness,Community Based Event,morning_time,weekend,adults_audience,,,,,,,
med_attendance,Fitness,Bronx,Williamsbridge Oval Park,stretch and meditation,Local Event,afternoon_time,weekday,children_audience,,,,,,,
low_attendance,Fitness,Bronx,Williamsbridge Oval Park,stretch and meditation,Local Event,afternoon_time,weekday,children_audience,,,,,,,
med_attendance,Fitness,Bronx,Mullaly Park,Shape Up NYC: Belly Dance Fitness,Community Based Event,morning_time,weekend,adults_audience,,,,,,,
low_attendance,Fitness,Bronx,Mullaly Park,Shape Up NYC: Belly Dance Fitness,Community Based Event,morning_time,weekend,adults_audience,,,,,,,
med_attendance,Fitness,Bronx,Mullaly Park,Shape Up NYC: Belly Dance Fitness,Community Based Event,morning_time,weekend,adults_audience,,,,,,,
low_attendance,Fitness,Bronx,Williamsbridge Oval Park,stretch and meditation,Local Event,afternoon_time,weekday,children_audience,,,,,,,
unknown_attendance,Fitness,Bronx,Williamsbridge Oval Park,stretch and meditation,Local Event,afternoon_time,weekday,children_audience,,,,,,,
low_attendance,Sport,Bronx,St. Mary's Park,skills & drills,Community Based Event,morning_time,weekday,teens_audience,,,,,,,
unknown_attendance,Sport,Bronx,St. Mary's Park,skills & drills,Community Based Event,morning_time,weekday,children_audience,,,,,,,
med_attendance,Fitness,Bronx,Mullaly Park,Shape Up NYC: Latin Cardio Fitness,Community Based Event,morning_time,weekend,adults_audience,,,,,,,
unknown_attendance,Sport,Staten Island,Ocean Breeze Park,Ocean Breeze Summer Sports Sizzler - Street Hockey,Open House,afternoon_time,weekday,general_public_audience,,,,,,,
med_attendance,Fitness,Staten Island,Ocean Breeze Park,Inspiration Motivation,Open House,morning_time,weekday,general_public_audience,,,,,,,
med_attendance,Fitness,Manhattan,James J Walker Park,Boot Camp,Local Event,morning_time,weekday,adults_audience,,,,,,,
low_attendance,Fitness,Manhattan,Marcus Garvey Park,Shape Up NYC: Revved and Ready,Community Based Event,morning_time,weekend,adults_audience,,,,,,,
unknown_attendance,Fitness,Bronx,Williamsbridge Oval Park,Circuit Training,Community Based Event,morning_time,weekday,adults_audience,seniors_audience,,,,,,
med_attendance,Fitness,Staten Island,Ocean Breeze Park,Step & Fit,Open House,morning_time,weekday,general_public_audience,,,,,,,
med_attendance,Fitness,Bronx,Williamsbridge Oval Park,Youth Fitness,Community Based Event,afternoon_time,weekday,children_audience,tot_audience,,,,,,
unknown_attendance,Fitness,Bronx,Williamsbridge Oval Park,Circuit Training,Community Based Event,morning_time,weekday,adults_audience,seniors_audience,,,,,,
low_attendance,Fitness,Staten Island,Clove Lakes Park,Shape Up NYC: Fit Mix,Community Based Event,morning_time,weekday,adults_audience,,,,,,,
low_attendance,Fitness,Staten Island,Clove Lakes Park,Shape Up NYC: Fit Mix,Community Based Event,morning_time,weekday,adults_audience,,,,,,,
low_attendance,Fitness,Brooklyn,McKinley Park,Fitness,Local Event,morning_time,weekday,young_adult_audience,adults_audience,,,,,,
unknown_attendance,Fitness,Staten Island,Freshkills Park,Stronger Than Ever - trail walks,Open House,morning_time,weekday,seniors_audience,,,,,,,
unknown_attendance,Fitness,Staten Island,Freshkills Park,stronger than ever - trail walks,Open House,morning_time,weekday,seniors_audience,,,,,,,
med_attendance,Fitness,Brooklyn,McKinley Park,Fitness,Local Event,afternoon_time,weekday,young_adult_audience,adults_audience,,,,,,
med_attendance,Fitness,Brooklyn,Leif Ericson Park,Pick Up Pickleball,Local Event,morning_time,weekday,seniors_audience,,,,,,,
med_attendance,Fitness,Brooklyn,McKinley Park,Fitness,Local Event,night_time,weekday,young_adult_audience,adults_audience,,,,,,
med_attendance,Fitness,Manhattan,James J Walker Park,Boot camp,Local Event,morning_time,weekday,adults_audience,,,,,,,
med_attendance,Fitness,Manhattan,James J Walker Park,Boot Camp,Local Event,morning_time,weekend,adults_audience,,,,,,,
low_attendance,Sport,Bronx,St. Mary's Park,unknown_name,Community Based Event,morning_time,weekend,children_audience,,,,,,,
med_attendance,Fitness,Staten Island,Ocean Breeze Park,Fit to the Core,Open House,morning_time,weekday,general_public_audience,,,,,,,
low_attendance,Sport,Staten Island,Ocean Breeze Park,Ocean Breeze Summer Sports Sizzler - Track & Field,Open House,afternoon_time,weekday,general_public_audience,,,,,,,
med_attendance,Fitness,Staten Island,Ocean Breeze Park,Step & Fit,Open House,morning_time,weekday,general_public_audience,,,,,,,
med_attendance,Fitness,Staten Island,Ocean Breeze Park,Step & Fit,Open House,morning_time,weekday,general_public_audience,,,,,,,
med_attendance,Fitness,Bronx,Williamsbridge Oval Park,Spin 20,Community Based Event,morning_time,weekday,adults_audience,seniors_audience,,,,,,
med_attendance,Sport,Staten Island,Ocean Breeze Park,Ocean Breeze Summer Sports Sizzler - Track & Field,Open House,afternoon_time,weekday,general_public_audience,,,,,,,
med_attendance,Fitness,Staten Island,Ocean Breeze Park,Fit to the Core,Open House,morning_time,weekday,general_public_audience,,,,,,,
med_attendance,Fitness,Staten Island,Ocean Breeze Park,Inspiration Motivation,Open House,morning_time,weekday,general_public_audience,,,,,,,
unknown_attendance,Fitness,Manhattan,Marcus Garvey Park,Family Fitness Fun,Local Event,morning_time,weekday,general_public_audience,,,,,,,
med_attendance,Fitness,Manhattan,Marcus Garvey Park,Family Fitness Fun,Local Event,morning_time,weekday,general_public_audience,,,,,,,
unknown_attendance,Sport,Staten Island,Ocean Breeze Park,Ocean Breeze Summer Sports Sizzler - Street Hockey,Open House,afternoon_time,weekday,general_public_audience,,,,,,,
low_attendance,Sport,Bronx,St. Mary's Park,skills & drills,Community Based Event,morning_time,weekday,children_audience,,,,,,,
med_attendance,Fitness,Queens,Beach 17th Street,Boot Camp,Community Based Event,morning_time,weekday,adults_audience,general_public_audience,young_adult_audience,,,,,
med_attendance,Fitness,Queens,Beach 17th Street,Spin,Community Based Event,morning_time,weekday,young_adult_audience,adults_audience,general_public_audience,,,,,
unknown_attendance,Sport,Staten Island,Ocean Breeze Park,Ocean Breeze Summer Sports Sizzler - Street Hockey,Open House,afternoon_time,weekday,general_public_audience,,,,,,,
med_attendance,Fitness,Staten Island,Ocean Breeze Park,Inspiration Motivation,Open House,morning_time,weekday,general_public_audience,,,,,,,
med_attendance,Fitness,Staten Island,Ocean Breeze Park,Step & Fit,Open House,morning_time,weekday,general_public_audience,,,,,,,
med_attendance,Fitness,Staten Island,Ocean Breeze Park,Step & Fit,Open House,morning_time,weekday,general_public_audience,,,,,,,
med_attendance,Fitness,Staten Island,Ocean Breeze Park,Bend & Flex,Open House,morning_time,weekday,general_public_audience,,,,,,,
med_attendance,Fitness,Staten Island,Ocean Breeze Park,Bend & Flex,Open House,morning_time,weekday,general_public_audience,,,,,,,
unknown_attendance,Sport,Staten Island,Ocean Breeze Park,Ocean Breeze Summer Sports Sizzler - Soccer Skills,Open House,afternoon_time,weekday,general_public_audience,,,,,,,
unknown_attendance,Sport,Staten Island,Ocean Breeze Park,Ocean Breeze Summer Sports Sizzler - Soccer Skills,Open House,afternoon_time,weekday,general_public_audience,,,,,,,
unknown_attendance,Sport,Staten Island,Ocean Breeze Park,Ocean Breeze Summer Sports Sizzler - Soccer Skills,Open House,afternoon_time,weekday,general_public_audience,,,,,,,
low_attendance,Sport,Staten Island,Ocean Breeze Park,Ocean Breeze Summer Sports Sizzler - Soccer Skills,Open House,afternoon_time,weekday,general_public_audience,,,,,,,
med_attendance,Fitness,Staten Island,Ocean Breeze Park,Wake-Up Stretch and Relax Yoga,Open House,morning_time,weekday,general_public_audience,,,,,,,
med_attendance,Fitness,Staten Island,Ocean Breeze Park,Bend & Flex,Open House,morning_time,weekday,general_public_audience,,,,,,,
unknown_attendance,Fitness,Staten Island,Ocean Breeze Park,Bend & Flex,Open House,morning_time,weekday,general_public_audience,,,,,,,
unknown_attendance,Fitness,Staten Island,Ocean Breeze Park,Open Patio Area,Open House,morning_time,weekday,general_public_audience,,,,,,,
med_attendance,Fitness,Staten Island,Ocean Breeze Park,Wake-Up Stretch and Relax Yoga,Open House,morning_time,weekday,general_public_audience,,,,,,,
med_attendance,Fitness,Staten Island,Ocean Breeze Park,Wake-Up Stretch and Relax Yoga,Open House,morning_time,weekday,general_public_audience,,,,,,,
med_attendance,Fitness,Staten Island,Ocean Breeze Park,Wake-Up Stretch and Relax Yoga,Open House,morning_time,weekday,general_public_audience,,,,,,,
unknown_attendance,Sport,Staten Island,Ocean Breeze Park,Ocean Breeze Summer Sports Sizzler - Balance & Stability Games,Open House,afternoon_time,weekday,general_public_audience,,,,,,,
unknown_attendance,Sport,Staten Island,Ocean Breeze Park,Ocean Breeze Summer Sports Sizzler - Balance & Stability Games,Open House,afternoon_time,weekday,general_public_audience,,,,,,,
unknown_attendance,Sport,Staten Island,Ocean Breeze Park,Ocean Breeze Summer Sports Sizzler - Balance & Stability Games,Open House,afternoon_time,weekday,general_public_audience,,,,,,,
med_attendance,Fitness,Queens,Beach 17th Street,Boot Camp,Community Based Event,morning_time,weekday,adults_audience,general_public_audience,young_adult_audience,,,,,
unknown_attendance,Sport,Staten Island,Ocean Breeze Park,Ocean Breeze Summer Sports Sizzler - Balance & Stability Games,Open House,afternoon_time,weekday,general_public_audience,,,,,,,
med_attendance,Fitness,Staten Island,De Matti Park,Hula Hoop Fitness,Community Based Event,afternoon_time,weekday,tot_audience,children_audience,teens_audience,,,,,
low_attendance,Fitness,Staten Island,De Matti Park,Fit Kids,Community Based Event,afternoon_time,weekday,tot_audience,children_audience,teens_audience,,,,,
low_attendance,Fitness,Staten Island,De Matti Park,Fit Kids,Community Based Event,afternoon_time,weekday,tot_audience,children_audience,teens_audience,,,,,
low_attendance,Fitness,Staten Island,De Matti Park,Walk-a-thon,Community Based Event,afternoon_time,weekday,tot_audience,children_audience,teens_audience,,,,,
med_attendance,Fitness,Staten Island,De Matti Park,Hula Hoop Fitness,Community Based Event,morning_time,weekday,tot_audience,children_audience,teens_audience,,,,,
low_attendance,Fitness,Staten Island,De Matti Park,Walk-a-thon,Community Based Event,afternoon_time,weekday,tot_audience,children_audience,teens_audience,,,,,
unknown_attendance,Sport,Staten Island,Ocean Breeze Park,Ocean Breeze Summer Sports Sizzler - Plyometrics,Open House,afternoon_time,weekday,general_public_audience,,,,,,,
unknown_attendance,Sport,Staten Island,Ocean Breeze Park,Ocean Breeze Summer Sports Sizzler - Plyometrics,Open House,afternoon_time,weekday,general_public_audience,,,,,,,
unknown_attendance,Sport,Staten Island,Ocean Breeze Park,Ocean Breeze Summer Sports Sizzler - Plyometrics,Open House,afternoon_time,weekday,general_public_audience,,,,,,,
med_attendance,Fitness,Staten Island,Ocean Breeze Park,Fit to the Core,Open House,morning_time,weekday,general_public_audience,,,,,,,
med_attendance,Fitness,Staten Island,Ocean Breeze Park,Fit to the Core,Open House,morning_time,weekday,general_public_audience,,,,,,,
med_attendance,Fitness,Staten Island,Ocean Breeze Park,Fit to the Core,Open House,morning_time,weekday,general_public_audience,,,,,,,
unknown_attendance,Sport,Staten Island,Ocean Breeze Park,Ocean Breeze Summer Sports Sizzler - Track & Field,Open House,afternoon_time,weekday,general_public_audience,,,,,,,
unknown_attendance,Sport,Staten Island,Ocean Breeze Park,Ocean Breeze Summer Sports Sizzler - Track & Field,Open House,afternoon_time,weekday,general_public_audience,,,,,,,
unknown_attendance,Sport,Staten Island,Ocean Breeze Park,Ocean Breeze Summer Sports Sizzler - Track & Field,Open House,afternoon_time,weekday,general_public_audience,,,,,,,
low_attendance,Fitness,Brooklyn,Shore Park and Parkway,Shape Up NYC: Lift and Movement,Community Based Event,morning_time,weekday,adults_audience,,,,,,,
med_attendance,Fitness,Staten Island,De Matti Park,Hula Hoop Fitness,Community Based Event,afternoon_time,weekday,tot_audience,children_audience,teens_audience,,,,,
med_attendance,Fitness,Staten Island,Ocean Breeze Park,Step & Fit,Open House,morning_time,weekday,general_public_audience,,,,,,,
med_attendance,Fitness,Manhattan,Thomas Jefferson Park,Shape Up NYC: Afro-Dance,Community Based Event,night_time,weekday,adults_audience,,,,,,,
med_attendance,Fitness,Staten Island,De Matti Park,Sports Drills,Community Based Event,afternoon_time,weekday,tot_audience,children_audience,teens_audience,,,,,
med_attendance,Fitness,Staten Island,Clove Lakes Park,Shape Up NYC: FitMix,Community Based Event,morning_time,weekday,adults_audience,,,,,,,
low_attendance,Fitness,Bronx,Van Cortlandt Park,Hiking,Community Based Event,morning_time,weekday,seniors_audience,,,,,,,
med_attendance,Sport,Bronx,Williamsbridge Oval Park,Sports Drills,Community Based Event,afternoon_time,weekday,children_audience,,,,,,,
med_attendance,Sport,Bronx,Williamsbridge Oval Park,Senior Pickleball,Community Based Event,morning_time,weekday,seniors_audience,,,,,,,
low_attendance,Sport,Bronx,Williamsbridge Oval Park,Sports Drills,Community Based Event,afternoon_time,weekday,children_audience,,,,,,,
med_attendance,Sport,Bronx,Williamsbridge Oval Park,Pickle Ball,Community Based Event,morning_time,weekday,seniors_audience,,,,,,,
med_attendance,Sport,Bronx,Williamsbridge Oval Park,Sports Drills,Community Based Event,afternoon_time,weekday,children_audience,,,,,,,
low_attendance,Fitness,Bronx,Van Cortlandt Park,Hiking,Community Based Event,morning_time,weekday,seniors_audience,,,,,,,
med_attendance,Sport,Bronx,Williamsbridge Oval Park,Pickleball,Community Based Event,morning_time,weekday,seniors_audience,,,,,,,
med_attendance,Sport,Bronx,Williamsbridge Oval Park,Sports Drills,Community Based Event,afternoon_time,weekday,children_audience,,,,,,,
unknown_attendance,Sport,Bronx,Williamsbridge Oval Park,Pickle Ball,Community Based Event,morning_time,weekday,seniors_audience,,,,,,,
unknown_attendance,Sport,Bronx,Williamsbridge Oval Park,Sports Drills,Community Based Event,afternoon_time,weekday,children_audience,,,,,,,
low_attendance,Fitness,Bronx,Williamsbridge Oval Park,Hiking,Community Based Event,morning_time,weekday,seniors_audience,,,,,,,
med_attendance,Sport,Bronx,Williamsbridge Oval Park,PickleBall,Community Based Event,morning_time,weekday,seniors_audience,,,,,,,
low_attendance,Fitness,Staten Island,DeMatti Playground,Sports Drills,Community Based Event,afternoon_time,weekday,tot_audience,children_audience,teens_audience,,,,,
low_attendance,Fitness,Staten Island,DeMatti Playground,Fit Kids,Community Based Event,morning_time,weekday,tot_audience,children_audience,teens_audience,,,,,
low_attendance,Fitness,Staten Island,DeMatti Playground,Hula Hoop Fitness,Community Based Event,afternoon_time,weekday,tot_audience,children_audience,teens_audience,,,,,
med_attendance,Fitness,Queens,Beach 17th Street,Spin,Community Based Event,morning_time,weekday,adults_audience,teens_audience,young_adult_audience,general_public_audience,,,,
med_attendance,Fitness,Queens,Beach 17th Street,Spin,Community Based Event,morning_time,weekday,young_adult_audience,adults_audience,general_public_audience,,,,,
med_attendance,Fitness,Queens,Beach 17th Street,Boot Camp,Community Based Event,morning_time,weekday,adults_audience,young_adult_audience,general_public_audience,,,,,
low_attendance,Sport,Queens,Detective Keith L Williams Park,Summer Sports Experience,Community Based Event,morning_time,weekday,tot_audience,children_audience,general_public_audience,,,,,
med_attendance,Sport,Queens,Beach 17th Street,Summer Sports Experience,Community Based Event,morning_time,weekday,tot_audience,children_audience,general_public_audience,,,,,
med_attendance,Sport,Queens,Juniper Valley Park,Summer Sports Experience,Community Based Event,morning_time,weekday,tot_audience,children_audience,general_public_audience,,,,,
med_attendance,Sport,Queens,Kissena Park,Summer Sports Experience,Community Based Event,morning_time,weekend,tot_audience,children_audience,general_public_audience,,,,,
low_attendance,Fitness,Queens,Beach 17th Street,Boot Camp,Community Based Event,morning_time,weekday,general_public_audience,adults_audience,young_adult_audience,,,,,
med_attendance,Fitness,Queens,Beach 17th Street,Spin,Community Based Event,morning_time,weekend,young_adult_audience,adults_audience,general_public_audience,,,,,
med_attendance,Fitness,Queens,Beach 17th Street,Spin,Community Based Event,morning_time,weekday,adults_audience,young_adult_audience,,,,,,
med_attendance,Fitness,Queens,Beach 17th Street,Fitness,Community Based Event,morning_time,weekday,children_audience,young_adult_audience,general_public_audience,,,,,
unknown_attendance,Fitness,Bronx,Williamsbridge Oval,Circuit Training,Community Based Event,night_time,weekday,adults_audience,seniors_audience,,,,,,
unknown_attendance,Fitness,Manhattan,Thomas Jefferson Park,Street Games,Community Based Event,morning_time,weekend,general_public_audience,,,,,,,
med_attendance,Fitness,Bronx,Williamsbridge Oval Park,Circuit Training,Community Based Event,morning_time,weekday,adults_audience,young_adult_audience,seniors_audience,,,,,
unknown_attendance,Sport,Staten Island,Ocean Breeze Park,Ocean Breeze Summer Sports Sizzler - Street Hockey,Open House,afternoon_time,weekday,general_public_audience,,,,,,,
med_attendance,Fitness,Staten Island,Ocean Breeze Park,Inspiration Motivation,Open House,morning_time,weekday,general_public_audience,,,,,,,
unknown_attendance,Sport,Staten Island,Ocean Breeze Park,Ocean Breeze Summer Sports Sizzler - Street Hockey,Open House,afternoon_time,weekday,general_public_audience,,,,,,,
med_attendance,Fitness,Staten Island,Ocean Breeze Park,Step & Fit,Open House,morning_time,weekday,general_public_audience,seniors_audience,,,,,,
med_attendance,Sport,Staten Island,Ocean Breeze Park,Ocean Breeze Summer Sports Sizzler - Cross Country,Open House,morning_time,weekday,general_public_audience,,,,,,,
med_attendance,Fitness,Staten Island,Ocean Breeze Park,Inspiration Motivation,Open House,morning_time,weekday,general_public_audience,,,,,,,
med_attendance,Sport,Staten Island,Ocean Breeze Park,Ocean Breeze Summer Sports Sizzler - Cross Country,Open House,morning_time,weekday,general_public_audience,,,,,,,
med_attendance,Sport,Staten Island,Ocean Breeze Park,Ocean Breeze Summer Sports Sizzler - Cross Country,Community Based Event,morning_time,weekday,general_public_audience,,,,,,,
med_attendance,Sport,Staten Island,Ocean Breeze Park,Ocean Breeze Summer Sports Sizzler - Cross Country,Open House,morning_time,weekday,general_public_audience,,,,,,,
med_attendance,Sport,Staten Island,Ocean Breeze Park,Ocean Breeze Summer Sports Sizzler - Cross Country,Open House,morning_time,weekday,general_public_audience,,,,,,,
med_attendance,Fitness,Staten Island,Ocean Breeze Park,Step & Fit,Open House,morning_time,weekday,general_public_audience,,,,,,,
unknown_attendance,Sport,Staten Island,Ocean Breeze Park,Ocean Breeze Summer Sports Sizzler - Balance & Stability Games,Open House,afternoon_time,weekday,general_public_audience,,,,,,,
med_attendance,Fitness,Bronx,Williamsbridge Oval Park,Chair Arobics,Community Based Event,morning_time,weekday,adults_audience,seniors_audience,,,,,,
unknown_attendance,Sport,Staten Island,Ocean Breeze Park,Ocean Breeze Summer Sports Sizzler - Balance & Stability Games,Open House,afternoon_time,weekday,general_public_audience,,,,,,,
unknown_attendance,Sport,Staten Island,Ocean Breeze Park,Ocean Breeze Summer Sports Sizzler - Balance & Stability Games,Open House,afternoon_time,weekday,general_public_audience,,,,,,,
med_attendance,Fitness,Staten Island,Ocean Breeze Park,Bend & Flex,Open House,morning_time,weekday,general_public_audience,,,,,,,
med_attendance,Fitness,Manhattan,J. Hood Wright Park,Line Dance for Fittness and Fun,Community Based Event,night_time,weekday,general_public_audience,,,,,,,
med_attendance,Fitness,Staten Island,Ocean Breeze Park,Wake-Up Stretch and Relax Yoga,Open House,morning_time,weekday,general_public_audience,,,,,,,
med_attendance,Fitness,Staten Island,Ocean Breeze Park,Wake-Up Stretch and Relax Yoga,Open House,morning_time,weekday,general_public_audience,,,,,,,
med_attendance,Fitness,Staten Island,Ocean Breeze Park,Bend & Flex,Open House,morning_time,weekday,general_public_audience,,,,,,,
med_attendance,Fitness,Staten Island,Ocean Breeze Park,Wake-Up Stretch and Relax Yoga,Open House,morning_time,weekday,general_public_audience,,,,,,,
med_attendance,Fitness,Staten Island,Ocean Breeze Park,Bend & Flex,Community Based Event,morning_time,weekday,general_public_audience,,,,,,,
med_attendance,Fitness,Staten Island,Ocean Breeze Park,Step & Fit,Open House,morning_time,weekday,general_public_audience,,,,,,,
med_attendance,Fitness,Staten Island,Ocean Breeze Park,Step & Fit,Open House,morning_time,weekday,general_public_audience,,,,,,,
med_attendance,Fitness,Bronx,Williamsbridge Oval Park,Chair Arobics,Open House,morning_time,weekday,adults_audience,seniors_audience,,,,,,
med_attendance,Fitness,Bronx,Williamsbridge Oval,Circuit Training,Community Based Event,morning_time,weekday,adults_audience,seniors_audience,,,,,,
med_attendance,Fitness,Bronx,Williamsbridge Oval,Circuit Training,Community Based Event,morning_time,weekday,adults_audience,seniors_audience,,,,,,
med_attendance,Fitness,Bronx,Williamsbridge Oval Park,Circuit Training,Community Based Event,morning_time,weekday,adults_audience,seniors_audience,,,,,,
unknown_attendance,Fitness,Bronx,Williamsbridge Oval Park,Chair Arobics,Community Based Event,morning_time,weekend,adults_audience,seniors_audience,,,,,,
med_attendance,Fitness,Bronx,Williamsbridge Oval Park,Chair Arobics,Community Based Event,morning_time,weekday,adults_audience,seniors_audience,,,,,,
med_attendance,Fitness,Bronx,Williamsbridge Oval Park,Circuit Training,Community Based Event,morning_time,weekday,seniors_audience,,,,,,,
unknown_attendance,Fitness,Bronx,Williamsbridge Oval Park,Chair Arobics,Community Based Event,morning_time,weekday,seniors_audience,,,,,,,
unknown_attendance,Fitness,Bronx,Williamsbridge Oval Park,Circuit Training,Community Based Event,morning_time,weekday,seniors_audience,,,,,,,
med_attendance,Fitness,Bronx,Williamsbridge Oval Park,Chair Arobics,Community Based Event,morning_time,weekday,seniors_audience,,,,,,,
med_attendance,Fitness,Bronx,Williamsbridge Oval Park,Chair Arobics,Community Based Event,morning_time,weekday,young_adult_audience,seniors_audience,,,,,,
med_attendance,Fitness,Bronx,Williamsbridge Oval Park,Chair Arobics,Community Based Event,morning_time,weekday,adults_audience,seniors_audience,,,,,,
med_attendance,Sport,Manhattan,Highbridge Park,unknown_name,Community Based Event,night_time,weekend,teens_audience,,,,,,,
med_attendance,Fitness,Bronx,Williamsbridge Oval Park,Toddler Obstacle Course,Community Based Event,morning_time,weekday,tot_audience,,,,,,,
med_attendance,Fitness,Bronx,Williamsbridge Oval Park,Fitness Expo,Community Based Event,afternoon_time,weekday,children_audience,tot_audience,,,,,,
med_attendance,Fitness,Bronx,Williamsbridge Oval Park,Track and Field,Community Based Event,afternoon_time,weekday,children_audience,tot_audience,,,,,,
med_attendance,Fitness,Queens,St. Albans Park,Fitness Fridays (Fitness Mobile),Community Based Event,morning_time,weekday,young_adult_audience,adults_audience,teens_audience,seniors_audience,general_public_audience,,,
med_attendance,Fitness,Queens,St. Albans Park,Fitness Fridays (Fitness Mobile),Community Based Event,morning_time,weekday,adults_audience,general_public_audience,seniors_audience,young_adult_audience,,,,
med_attendance,Fitness,Queens,St. Albans Park,Fitness Fridays (Fitness Mobile),Community Based Event,morning_time,weekday,young_adult_audience,teens_audience,seniors_audience,general_public_audience,,,,
high_attendance,Fitness,Bronx,Williamsbridge Oval Park,Skate NIght,Community Based Event,afternoon_time,weekday,children_audience,tot_audience,young_adult_audience,adults_audience,teens_audience,seniors_audience,general_public_audience,
high_attendance,Fitness,Manhattan,Washington Square Park,Strictly Tango,Community Based Event,night_time,weekday,general_public_audience,,,,,,,
high_attendance,Fitness,Manhattan,Washington Square Park,Dance Away the Night: Strictly Tango,Community Based Event,night_time,weekday,general_public_audience,,,,,,,
high_attendance,Fitness,Manhattan,St. Nicholas Park,Skate Night,Community Based Event,afternoon_time,weekday,general_public_audience,,,,,,,
high_attendance,Fitness,Manhattan,Thomas Jefferson Park,Jefferson Track Day,Community Based Event,morning_time,weekend,general_public_audience,,,,,,,
med_attendance,Sport,Manhattan,Thomas Jefferson Park,Teen Fitness Gauntlet,Tournament/Competition,afternoon_time,weekday,teens_audience,,,,,,,
med_attendance,Sport,Queens,Roy Wilkins,NYC Parks Pickleball Tournament,Tournament/Competition,morning_time,weekend,young_adult_audience,adults_audience,seniors_audience,,,,,
med_attendance,Sport,Queens,Al Oerter Soccer field 8,Sports Day,Community Based Event,night_time,weekday,children_audience,teens_audience,,,,,,
low_attendance,Fitness,Queens,Springfield Park,Learn to Ride,Open House,morning_time,weekend,children_audience,teens_audience,young_adult_audience,,,,,
med_attendance,Sport,Staten Island,Freshkills Park,Freshkills Kayak Tour,Local Event,afternoon_time,weekend,general_public_audience,,,,,,,
unknown_attendance,Fitness,Bronx,Claremont,Shape Up NYC Cool Pool,Community Based Event,morning_time,weekday,adults_audience,teens_audience,,,,,,
high_attendance,Sport,Manhattan,Stanley Isaacs Playground,Skate Night,Community Based Event,night_time,weekday,general_public_audience,,,,,,,
med_attendance,Sport,Queens,Mafera Playground,Summer Sports Experience Clinic: Basketball,Community Based Event,morning_time,weekday,children_audience,teens_audience,,,,,,
med_attendance,Fitness,Queens,Addabbo Playground,"Ready, Set, Family at Addabbo Playground Report",Agency Produced Event,afternoon_time,weekend,general_public_audience,,,,,,,
med_attendance,Sport,Brooklyn,Maria Hernandez,Youth Summer Pop Up Recreation,Local Event,morning_time,weekday,children_audience,,,,,,,
med_attendance,Fitness,Staten Island,Jennifer's Playground,Stronger Than Ever,Open House,morning_time,weekday,seniors_audience,,,,,,,
med_attendance,Sport,Brooklyn,Star Spangled Playground,Youth Summer Pop Up Recreation,Local Event,afternoon_time,weekday,children_audience,,,,,,,
med_attendance,Sport,Brooklyn,Maria Hernandez,Youth Summer Pop Up Recreation,Local Event,morning_time,weekday,children_audience,tot_audience,,,,,,
med_attendance,Sport,Brooklyn,Potomac Playground,Youth Summer Pop Up Recreation,Local Event,afternoon_time,weekday,tot_audience,children_audience,,,,,,
unknown_attendance,Sport,Bronx,Castle Hill Playground,Soccer Skills & Drills,Tournament/Competition,morning_time,weekday,teens_audience,children_audience,,,,,,
med_attendance,Sport,Bronx,Hunts Point Playground,Basketball Skills & Drills,Agency Produced Event,afternoon_time,weekday,teens_audience,young_adult_audience,children_audience,,,,,
med_attendance,Sport,Bronx,Hunts Point Recreation Center,Soccer,Local Event,afternoon_time,weekday,children_audience,,,,,,,
low_attendance,Fitness,Staten Island,De Matti Playground,Arts and Crafts,Community Based Event,afternoon_time,weekday,tot_audience,children_audience,,,,,,
med_attendance,Fitness,Staten Island,De Matti Playground,Hula Hoop Fitness,Community Based Event,morning_time,weekday,children_audience,teens_audience,,,,,,
unknown_attendance,Fitness,Staten Island,De Matti Playground,Walk-a-thon,Community Based Event,morning_time,weekday,children_audience,,,,,,,
med_attendance,Fitness,Staten Island,De Matti Playground,Sports Drills,Community Based Event,afternoon_time,weekday,children_audience,teens_audience,,,,,,
low_attendance,Sport,Manhattan,St. Nicholas Playground North,KIM Outdoor Programming,Community Based Event,morning_time,weekday,tot_audience,children_audience,teens_audience,,,,,
low_attendance,Fitness,Staten Island,De Matti Playground,Fit Kids,Community Based Event,morning_time,weekday,children_audience,teens_audience,,,,,,
med_attendance,Sport,Brooklyn,Heckscher Playground,Youth Summer Pop Up Recreation,Local Event,morning_time,weekday,tot_audience,children_audience,,,,,,
low_attendance,Fitness,Staten Island,De Matti Playground,Sports Drills,Community Based Event,afternoon_time,weekday,teens_audience,children_audience,,,,,,
med_attendance,Sport,Brooklyn,Star Spangled Playground,Youth Summer Pop Up Recreation,Local Event,afternoon_time,weekday,tot_audience,children_audience,,,,,,
med_attendance,Sport,Manhattan,Anne Loftus Playground,KIM Outdoor Programming,Community Based Event,morning_time,weekday,tot_audience,children_audience,teens_audience,,,,,
med_attendance,Sport,Manhattan,St. Nicholas Playground North,KIM Outdoor Programming,Community Based Event,morning_time,weekday,tot_audience,children_audience,teens_audience,,,,,
low_attendance,Fitness,Staten Island,De Matti Playground,Walk-a-thon,Community Based Event,morning_time,weekday,children_audience,,,,,,,
unknown_attendance,Fitness,Staten Island,De Matti Playground,Fit Kids,Community Based Event,afternoon_time,weekday,children_audience,teens_audience,,,,,,
med_attendance,Sport,Brooklyn,Maria Hernandez,Youth Summer Pop Up Recreation,Local Event,morning_time,weekday,tot_audience,children_audience,,,,,,
med_attendance,Sport,Brooklyn,Potomac Playground,Youth Summer Pop Up Recreation,Local Event,afternoon_time,weekday,tot_audience,children_audience,,,,,,
med_attendance,Sport,Manhattan,Anne Loftus Playground,KIM Outdoor Programming,Community Based Event,morning_time,weekday,tot_audience,children_audience,teens_audience,adults_audience,,,,
med_attendance,Fitness,Bronx,Hunts Point Recreation Center,Obstacle Course,Community Based Event,afternoon_time,weekday,children_audience,teens_audience,,,,,,
med_attendance,Fitness,Bronx,Hunts Point Recreation Center,Move to Fit,Community Based Event,morning_time,weekday,children_audience,,,,,,,
med_attendance,Sport,Bronx,Hunts Point Recreation Center,Golf Fun,Community Based Event,afternoon_time,weekday,children_audience,teens_audience,,,,,,
med_attendance,Fitness,Bronx,Hunts Point Recreation Center,Jumping for Fitness,Community Based Event,afternoon_time,weekday,tot_audience,children_audience,,,,,,
med_attendance,Sport,Brooklyn,Maria Hernandez,Youth Summer Pop Up Recreation,Local Event,morning_time,weekday,tot_audience,children_audience,,,,,,
med_attendance,Sport,Brooklyn,Potomac Playground,Youth Summer Pop Up Recreation,Local Event,afternoon_time,weekday,tot_audience,children_audience,,,,,,
med_attendance,Fitness,Staten Island,Jennifer's Playground,Stronger Than Ever,Open House,morning_time,weekday,seniors_audience,,,,,,,
med_attendance,Fitness,Bronx,St. Mary's,Trap and Spin,Open House,morning_time,weekday,adults_audience,young_adult_audience,seniors_audience,,,,,
unknown_attendance,Fitness,Bronx,St. Mary's Park,Trap and Spin,Open House,morning_time,weekday,young_adult_audience,adults_audience,,,,,,
unknown_attendance,Fitness,Bronx,St. Mary's Park,Trap and Spin,Open House,morning_time,weekday,young_adult_audience,adults_audience,,,,,,
med_attendance,Fitness,Brooklyn,St. Mary's Park,Trap and Spin,Open House,morning_time,weekday,young_adult_audience,adults_audience,,,,,,
med_attendance,Fitness,Bronx,St. Mary's Park,Trap and Spin,Open House,morning_time,weekday,adults_audience,young_adult_audience,,,,,,
unknown_attendance,Fitness,Bronx,St. Mary's Park,Trap and Spin,Open House,morning_time,weekday,young_adult_audience,adults_audience,,,,,,
med_attendance,Sport,Brooklyn,Heckscher Playground,Youth Summer Pop Up Recreation,Local Event,morning_time,weekday,tot_audience,children_audience,young_adult_audience,,,,,
med_attendance,Sport,Brooklyn,Star Spangled Playground,Youth Summer Pop Up Recreation,Local Event,night_time,weekday,tot_audience,young_adult_audience,children_audience,,,,,
unknown_attendance,Sport,Bronx,Hunts Point Playground,Basketball Skills,Agency Produced Event,afternoon_time,weekday,children_audience,young_adult_audience,teens_audience,,,,,
med_attendance,Sport,Manhattan,St. Nicholas Playground North,KIM Outdoor Programming,Community Based Event,morning_time,weekday,tot_audience,children_audience,teens_audience,,,,,
med_attendance,Sport,Bronx,Slattery Playground,unknown_name,Community Based Event,afternoon_time,weekday,children_audience,teens_audience,,,,,,
med_attendance,Fitness,Staten Island,Jennifer's Playground,Stronger Than Ever,Open House,morning_time,weekday,seniors_audience,,,,,,,
med_attendance,Sport,Brooklyn,Potomac Playground,Youth Summer Pop Up Recreation,Local Event,afternoon_time,weekday,tot_audience,children_audience,,,,,,
med_attendance,Sport,Brooklyn,Maria Hernandez,Youth Summer Pop Up Recreation,Local Event,morning_time,weekday,tot_audience,children_audience,,,,,,
unknown_attendance,Sport,Bronx,Castle Hill Playground,Basketball Skills,Agency Produced Event,afternoon_time,weekday,children_audience,young_adult_audience,teens_audience,,,,,
med_attendance,Sport,Brooklyn,Hilltop Playground,Mobile Recreation,Community Based Event,morning_time,weekday,children_audience,teens_audience,general_public_audience,,,,,
low_attendance,Sport,Brooklyn,Linden Park,Mobile Recreation,Community Based Event,morning_time,weekday,children_audience,teens_audience,general_public_audience,,,,,
unknown_attendance,Sport,Brooklyn,Hilltop Playground,Mobile Recreation,Community Based Event,morning_time,weekday,general_public_audience,,,,,,,
med_attendance,Sport,Brooklyn,Linden Park,Mobile Recreation,Community Based Event,morning_time,weekday,children_audience,teens_audience,general_public_audience,,,,,
low_attendance,Sport,Brooklyn,Cypress Hills Playground,Mobile Recreation,Community Based Event,afternoon_time,weekday,children_audience,teens_audience,general_public_audience,,,,,
low_attendance,Sport,Brooklyn,Cypress Hills Playground,Mobile Recreation,Community Based Event,morning_time,weekday,general_public_audience,,,,,,,
unknown_attendance,Fitness,Staten Island,De Matti Playground,Walk-a-thon,Community Based Event,morning_time,weekday,children_audience,,,,,,,
low_attendance,Fitness,Staten Island,De Matti Playground,Sports Drills,Community Based Event,afternoon_time,weekday,teens_audience,children_audience,,,,,,
med_attendance,Fitness,Staten Island,De Matti Playground,Hula Hoop Fitness,Community Based Event,morning_time,weekday,children_audience,teens_audience,,,,,,
unknown_attendance,Fitness,Staten Island,De Matti Playground,Sports Drills,Community Based Event,morning_time,weekday,teens_audience,children_audience,,,,,,
unknown_attendance,Fitness,Staten Island,De Matti Playground,Fit Kids,Community Based Event,afternoon_time,weekday,children_audience,teens_audience,,,,,,
med_attendance,Sport,Brooklyn,Coffey Park,Youth Summer Pop Up Recreation,Local Event,morning_time,weekday,tot_audience,children_audience,,,,,,
med_attendance,Sport,Bronx,Slattery Playground,unknown_name,Community Based Event,afternoon_time,weekday,children_audience,teens_audience,,,,,,
med_attendance,Fitness,Staten Island,Jennifer's Playground,Stronger Than Ever,Open House,morning_time,weekday,seniors_audience,,,,,,,
unknown_attendance,Sport,Brooklyn,Linden Playground,Mobile Recreation,Community Based Event,morning_time,weekday,children_audience,teens_audience,general_public_audience,,,,,
low_attendance,Sport,Brooklyn,Maria Hernandez,Youth Summer Pop Up Recreation,Local Event,morning_time,weekday,tot_audience,children_audience,,,,,,
unknown_attendance,Sport,Bronx,Hunts Point Playground,Basketball Skills,Agency Produced Event,afternoon_time,weekday,children_audience,young_adult_audience,teens_audience,,,,,
unknown_attendance,Sport,Brooklyn,Potomac Playground,Youth Summer Pop Up Recreation,Local Event,afternoon_time,weekday,tot_audience,children_audience,young_adult_audience,,,,,
low_attendance,Sport,Manhattan,St. Nicholas Playground North,KIM Outdoor Programming,Community Based Event,morning_time,weekday,tot_audience,children_audience,teens_audience,,,,,
unknown_attendance,Sport,Bronx,Slattery Playground,unknown_name,Community Based Event,afternoon_time,weekday,children_audience,teens_audience,,,,,,
unknown_attendance,Fitness,Staten Island,De Matti Playground,Walk-a-thon,Community Based Event,morning_time,weekday,children_audience,teens_audience,,,,,,
med_attendance,Sport,Brooklyn,Maria Hernandez,Youth Summer Pop Up Recreation,Local Event,morning_time,weekday,tot_audience,young_adult_audience,children_audience,,,,,
med_attendance,Sport,Brooklyn,Potomac Playground,Youth Summer Pop Up Recreation,Local Event,afternoon_time,weekday,tot_audience,children_audience,young_adult_audience,,,,,
low_attendance,Sport,Brooklyn,Hilltop Playground,Mobile Recreation,Community Based Event,morning_time,weekday,children_audience,teens_audience,general_public_audience,tot_audience,,,,
unknown_attendance,Sport,Brooklyn,Cypress Hills Playground,Mobile Recreation,Community Based Event,afternoon_time,weekday,children_audience,teens_audience,general_public_audience,,,,,
med_attendance,Sport,Brooklyn,Linden Park,Mobile Recreation,Community Based Event,morning_time,weekday,children_audience,teens_audience,general_public_audience,,,,,
med_attendance,Sport,Brooklyn,Heckscher Playground,Youth Summer Pop Up Recreation,Local Event,morning_time,weekday,tot_audience,children_audience,young_adult_audience,,,,,
med_attendance,Sport,Brooklyn,Star Spangled Playground,Youth Summer Pop Up Recreation,Local Event,afternoon_time,weekday,tot_audience,children_audience,young_adult_audience,,,,,
med_attendance,Sport,Brooklyn,Hilltop Playground,Mobile Recreation,Community Based Event,morning_time,weekday,children_audience,teens_audience,general_public_audience,,,,,
med_attendance,Fitness,Staten Island,Jennifer's Playground,Stonger Than Ever,Open House,morning_time,weekday,seniors_audience,,,,,,,
unknown_attendance,Sport,Brooklyn,Cypress Hills Playground,unknown_name,Community Based Event,afternoon_time,weekday,children_audience,teens_audience,general_public_audience,,,,,
med_attendance,Sport,Brooklyn,Maria Hernandez,Youth Summer Pop Up Recreation,Local Event,morning_time,weekday,tot_audience,children_audience,,,,,,
med_attendance,Fitness,Manhattan,Matthew P. Sapolin Playground,Learn to Ride,Community Based Event,morning_time,weekend,general_public_audience,young_adult_audience,children_audience,tot_audience,teens_audience,,,
med_attendance,Sport,Brooklyn,Potomac Playground,Youth Summer Pop Up Recreation,Local Event,afternoon_time,weekday,tot_audience,children_audience,,,,,,
low_attendance,Sport,Bronx,Mott Playground,Basketball Skills,Agency Produced Event,afternoon_time,weekday,children_audience,young_adult_audience,teens_audience,,,,,
med_attendance,Sport,Manhattan,Anne Loftus Playground,KIM Outdoor Programming,Community Based Event,morning_time,weekday,tot_audience,children_audience,teens_audience,,,,,
unknown_attendance,Fitness,Staten Island,De Matti Playground,Fit Kids,Community Based Event,afternoon_time,weekday,children_audience,teens_audience,,,,,,
med_attendance,Fitness,Staten Island,De Matti Playground,Hula Hoop Fitness,Community Based Event,morning_time,weekday,children_audience,teens_audience,,,,,,
med_attendance,Sport,Manhattan,Anne Loftus Playground,KIM Outdoor Programming,Community Based Event,morning_time,weekday,tot_audience,children_audience,teens_audience,adults_audience,,,,
med_attendance,Sport,Brooklyn,Linden Park,Mobile Recreation,Community Based Event,morning_time,weekday,children_audience,teens_audience,young_adult_audience,general_public_audience,,,,
med_attendance,Sport,Brooklyn,Heckscher Playground,Youth Summer Pop Up Recreation,Local Event,morning_time,weekday,tot_audience,children_audience,,,,,,
med_attendance,Sport,Brooklyn,Star Spangled Playground,Youth Summer Pop Up Recreation,Local Event,afternoon_time,weekday,tot_audience,children_audience,,,,,,
unknown_attendance,Fitness,Staten Island,De Matti Playground,Sports Drills,Community Based Event,afternoon_time,weekday,children_audience,teens_audience,,,,,,
med_attendance,Sport,Brooklyn,Linden Park,Mobile Recreation,Community Based Event,morning_time,weekday,children_audience,teens_audience,general_public_audience,,,,,
unknown_attendance,Fitness,Staten Island,De Matti Playground,Fit Kids,Community Based Event,morning_time,weekday,children_audience,teens_audience,,,,,,
unknown_attendance,Fitness,Staten Island,De Matti Playground,Walk-a-Thon,Community Based Event,morning_time,weekday,children_audience,,,,,,,
low_attendance,Fitness,Staten Island,Jennifer's Playground,Stronger Than Ever,Open House,morning_time,weekday,seniors_audience,,,,,,,
low_attendance,Fitness,Staten Island,De Matti Playground,Fit Kids,Community Based Event,afternoon_time,weekday,children_audience,teens_audience,,,,,,
unknown_attendance,Sport,Bronx,Castle Hill Playground,Soccer Skills,Agency Produced Event,morning_time,weekday,children_audience,young_adult_audience,teens_audience,,,,,
unknown_attendance,Sport,Brooklyn,Potomac Playground,Youth Summer Pop Up Recreation,Local Event,afternoon_time,weekday,tot_audience,children_audience,,,,,,
unknown_attendance,Sport,Bronx,Hunts Point Playground,Basketball Skills,Agency Produced Event,afternoon_time,weekday,children_audience,young_adult_audience,teens_audience,,,,,
unknown_attendance,Fitness,Bronx,St. Mary's,Adult Hip hop Fitness,Open House,afternoon_time,weekend,adults_audience,young_adult_audience,,,,,,
low_attendance,Fitness,Bronx,St. Mary's Park West,Trap & Spin,Open House,morning_time,weekday,young_adult_audience,adults_audience,,,,,,
med_attendance,Sport,Brooklyn,Maria Hernandez,Youth Summer Pop Up Recreation,Local Event,morning_time,weekday,tot_audience,children_audience,,,,,,
med_attendance,Sport,Brooklyn,Hilltop Playground,Mobile Recreation,Community Based Event,morning_time,weekday,tot_audience,children_audience,,,,,,
med_attendance,Sport,Brooklyn,Jesse Owens Playground,Youth Summer Pop Up Recreation,Local Event,afternoon_time,weekday,tot_audience,children_audience,,,,,,
unknown_attendance,Sport,Brooklyn,Cypress Hills Playground,Mobile Recreation,Community Based Event,afternoon_time,weekday,children_audience,,,,,,,
unknown_attendance,Sport,Brooklyn,Heckscher Playground,Youth Summer Pop Up Recreation,Local Event,morning_time,weekday,tot_audience,children_audience,,,,,,
unknown_attendance,Sport,Brooklyn,Star Spangled Playground,Youth Summer Pop Up Recreation,Local Event,afternoon_time,weekday,tot_audience,children_audience,,,,,,
unknown_attendance,Fitness,Bronx,St. Mary's Park West,Trap and Spin,Open House,morning_time,weekday,young_adult_audience,adults_audience,,,,,,
med_attendance,Fitness,Staten Island,Jennifer's Playground,stronger than ever,Open House,morning_time,weekday,seniors_audience,,,,,,,
med_attendance,Fitness,Staten Island,Jennifer's Playground,unknown_name,Open House,morning_time,weekday,seniors_audience,,,,,,,
med_attendance,Fitness,Staten Island,Jennifer's Playground,stronger than ever,Open House,morning_time,weekday,seniors_audience,,,,,,,
med_attendance,Sport,Brooklyn,Maria Hernandez,Youth Summer Pop Up Recreation,Local Event,night_time,weekday,children_audience,tot_audience,,,,,,
med_attendance,Sport,Brooklyn,Potomac Playground,Youth Summer Pop Up Recreation,Local Event,afternoon_time,weekday,tot_audience,children_audience,,,,,,
med_attendance,Fitness,Bronx,St. Mary's Park West,Trap & Spin,Open House,morning_time,weekday,young_adult_audience,adults_audience,,,,,,
unknown_attendance,Sport,Bronx,P.O. Serrano Playground,unknown_name,Community Based Event,afternoon_time,weekday,children_audience,teens_audience,,,,,,
low_attendance,Sport,Bronx,St. Mary's Recreation Center,Skills & Drills,Community Based Event,morning_time,weekday,teens_audience,,,,,,,
med_attendance,Sport,Brooklyn,Linden Park,Mobile Recreation,Community Based Event,afternoon_time,weekday,children_audience,teens_audience,general_public_audience,,,,,
med_attendance,Sport,Brooklyn,Hilltop Playground,Mobile Recreation,Community Based Event,morning_time,weekday,children_audience,teens_audience,,,,,,
low_attendance,Fitness,Staten Island,De Matti Playground,Hula Hoop Fitness,Community Based Event,morning_time,weekday,children_audience,teens_audience,,,,,,
med_attendance,Fitness,Staten Island,De Matti Playground,Sports Drills,Community Based Event,afternoon_time,weekday,teens_audience,children_audience,,,,,,
unknown_attendance,Fitness,Staten Island,De Matti Playground,Walk-a-thon,Community Based Event,afternoon_time,weekday,children_audience,,,,,,,
unknown_attendance,Fitness,Staten Island,De Matti Playground,Hula Hoop Fitness,Community Based Event,afternoon_time,weekday,children_audience,teens_audience,,,,,,
unknown_attendance,Fitness,Staten Island,De Matti Playground,Hula Hoop Fitness,Community Based Event,morning_time,weekday,children_audience,teens_audience,,,,,,
low_attendance,Fitness,Staten Island,De Matti Playground,Sports Drills,Community Based Event,afternoon_time,weekday,children_audience,teens_audience,,,,,,
unknown_attendance,Fitness,Staten Island,De Matti Playground,Hula Hoop Fitness,Community Based Event,afternoon_time,weekday,children_audience,teens_audience,,,,,,
low_attendance,Fitness,Staten Island,De Matti Playground,Fit Kids,Community Based Event,afternoon_time,weekday,children_audience,teens_audience,,,,,,
unknown_attendance,Fitness,Staten Island,De Matti Playground,Fit Kids,Community Based Event,morning_time,weekday,children_audience,teens_audience,,,,,,
low_attendance,Fitness,Staten Island,De Matti Playground,Sports Drills,Community Based Event,afternoon_time,weekday,children_audience,teens_audience,,,,,,
unknown_attendance,Sport,Brooklyn,Maria Hernandez,Youth Summer Pop Up Recreation,Local Event,morning_time,weekday,tot_audience,children_audience,,,,,,
med_attendance,Sport,Manhattan,St. Nicholas Playground North,KIM Outdoor Programming,Community Based Event,morning_time,weekday,tot_audience,children_audience,,,,,,
unknown_attendance,Sport,Brooklyn,Linden Park,Mobile Recreation,Community Based Event,morning_time,weekday,children_audience,teens_audience,,,,,,
unknown_attendance,Sport,Brooklyn,Linden Park,Mobile Recreation,Community Based Event,morning_time,weekday,children_audience,teens_audience,,,,,,
unknown_attendance,Sport,Brooklyn,Linden Park,Mobile Recreation,Community Based Event,morning_time,weekday,children_audience,teens_audience,,,,,,
med_attendance,Fitness,Staten Island,Jennifer's Playground,Stronger Than Ever,Open House,morning_time,weekday,seniors_audience,,,,,,,
med_attendance,Sport,Brooklyn,Jesse Owens Playground,Youth Summer Pop Up Recreation,Local Event,night_time,weekday,tot_audience,children_audience,,,,,,
low_attendance,Fitness,Staten Island,De Matti Playground,Fit Kids,Community Based Event,afternoon_time,weekday,tot_audience,children_audience,,,,,,
unknown_attendance,Fitness,Staten Island,De Matti Playground,Fit Kids,Community Based Event,morning_time,weekday,children_audience,teens_audience,tot_audience,,,,,
med_attendance,Fitness,Staten Island,De Matti Playground,Sports Drills,Community Based Event,afternoon_time,weekday,children_audience,teens_audience,,,,,,
med_attendance,Fitness,Bronx,St. Mary's Park West,Trap and Spin,Open House,morning_time,weekday,young_adult_audience,adults_audience,,,,,,
med_attendance,Sport,Brooklyn,Maria Hernandez,Youth Summer Pop Up Recreation,Local Event,morning_time,weekday,tot_audience,children_audience,adults_audience,young_adult_audience,,,,
unknown_attendance,Sport,Brooklyn,Fox Playground,Youth Summer Pop Up Reacreation,Local Event,morning_time,weekday,children_audience,teens_audience,,,,,,
med_attendance,Sport,Brooklyn,Century Playground,Youth Summer Pop Up Recreation,Local Event,afternoon_time,weekday,children_audience,teens_audience,,,,,,
low_attendance,Sport,Brooklyn,Hilltop Playground,Mobile Recreation,Community Based Event,morning_time,weekday,tot_audience,,,,,,,
low_attendance,Sport,Brooklyn,Century Playground,Youth Summer Pop Up Recreation,Local Event,afternoon_time,weekday,teens_audience,children_audience,,,,,,
unknown_attendance,Sport,Brooklyn,100% Playground,Youth Summer Pop Up Recreation,Local Event,afternoon_time,weekday,teens_audience,,,,,,,
med_attendance,Sport,Brooklyn,Jesse Owens Playground,Youth Summer Pop Up Recreation,Local Event,afternoon_time,weekday,tot_audience,children_audience,,,,,,
med_attendance,Sport,Brooklyn,West Playground,Youth Summer Pop Up Recreation,Local Event,morning_time,weekday,children_audience,tot_audience,,,,,,
unknown_attendance,Sport,Brooklyn,Linden Park,Mobile Recreation,Community Based Event,afternoon_time,weekday,general_public_audience,,,,,,,
low_attendance,Fitness,Brooklyn,West Playground,Youth Summer Pop Up Recreation,Local Event,morning_time,weekday,children_audience,tot_audience,,,,,,
low_attendance,Fitness,Staten Island,De Matti Playground,Hula Hoop Fitness,Community Based Event,morning_time,weekday,children_audience,tot_audience,teens_audience,,,,,
low_attendance,Fitness,Staten Island,De Matti Playground,Walk-a-thon,Community Based Event,afternoon_time,weekday,children_audience,teens_audience,,,,,,
low_attendance,Fitness,Staten Island,De Matti Playground,Fit Kids,Community Based Event,afternoon_time,weekday,children_audience,teens_audience,,,,,,
unknown_attendance,Fitness,Staten Island,De Matti Playground,Hula Hoop Fitness,Community Based Event,afternoon_time,weekday,children_audience,tot_audience,,,,,,
med_attendance,Fitness,Staten Island,Jennifer's Playground,Stronger Than Ever,Open House,morning_time,weekday,seniors_audience,,,,,,,
med_attendance,Sport,Brooklyn,Heckscher Playground,Youth Summer Pop Up Recreation,Local Event,morning_time,weekday,tot_audience,children_audience,,,,,,
med_attendance,Fitness,Staten Island,De Matti Playground,Fit Kids,Community Based Event,afternoon_time,weekday,children_audience,teens_audience,,,,,,
med_attendance,Sport,Brooklyn,Star Spangled Playground,Youth Summer Pop Up Recreation,Local Event,afternoon_time,weekday,tot_audience,children_audience,,,,,,
med_attendance,Fitness,Staten Island,De Matti Playground,Fit Kids,Community Based Event,afternoon_time,weekday,children_audience,teens_audience,,,,,,
unknown_attendance,Fitness,Staten Island,De Matti Playground,Walk-a-thon,Community Based Event,afternoon_time,weekday,children_audience,tot_audience,teens_audience,,,,,
med_attendance,Fitness,Staten Island,De Matti Playground,Hula Hoop Fitness,Community Based Event,afternoon_time,weekday,teens_audience,children_audience,,,,,,
med_attendance,Sport,Brooklyn,Hilltop Playground,Mobile Recreation,Community Based Event,morning_time,weekday,tot_audience,children_audience,,,,,,
unknown_attendance,Fitness,Staten Island,De Matti Playground,Hula Hoop Fitness,Community Based Event,morning_time,weekday,children_audience,teens_audience,,,,,,
med_attendance,Sport,Brooklyn,Linden Park,Mobile Recreation,Community Based Event,morning_time,weekday,tot_audience,children_audience,teens_audience,,,,,
unknown_attendance,Fitness,Staten Island,De Matti Playground,Walk-a-thon,Community Based Event,night_time,weekday,children_audience,teens_audience,,,,,,
med_attendance,Sport,Brooklyn,Potomac Playground,Youth Summer Pop Up Recreation,Local Event,afternoon_time,weekday,tot_audience,children_audience,,,,,,
med_attendance,Sport,Brooklyn,Maria Hernandez,Youth Summer Pop Up Recreation,Local Event,morning_time,weekday,tot_audience,children_audience,,,,,,
low_attendance,Sport,Manhattan,St. Nicholas Playground North,KIM Outdoor Programming,Community Based Event,morning_time,weekday,children_audience,,,,,,,
unknown_attendance,Sport,Manhattan,St. Nicholas Playground North,KIM Outdoor Programming,Community Based Event,morning_time,weekday,tot_audience,children_audience,,,,,,
low_attendance,Sport,Manhattan,St. Nicholas Playground North,KIM Outdoor Programming,Community Based Event,morning_time,weekday,tot_audience,children_audience,,,,,,
med_attendance,Fitness,Staten Island,Jennifer's Playground,Stronger Than Ever,Open House,morning_time,weekday,seniors_audience,,,,,,,
unknown_attendance,Sport,Brooklyn,Linden Park,Mobile Recreation,Community Based Event,morning_time,weekday,tot_audience,children_audience,teens_audience,general_public_audience,,,,
med_attendance,Sport,Brooklyn,Maria Hernandez,Youth Summer Pop Up Recreation,Local Event,morning_time,weekday,adults_audience,teens_audience,tot_audience,children_audience,young_adult_audience,,,
med_attendance,Sport,Brooklyn,Jesse Owens Playground,Youth Summer Pop Up Recreation,Local Event,afternoon_time,weekday,tot_audience,young_adult_audience,children_audience,,,,,
med_attendance,Sport,Brooklyn,Hilltop Playground,Mobile Recreation,Community Based Event,morning_time,weekday,tot_audience,children_audience,,,,,,
med_attendance,Sport,Brooklyn,Maria Hernandez,Youth Summer Pop Up Recreation,Local Event,morning_time,weekday,tot_audience,children_audience,,,,,,
med_attendance,Sport,Brooklyn,Jesse Owens Playground,Youth Summer Pop Up Recreation,Local Event,afternoon_time,weekday,tot_audience,children_audience,young_adult_audience,,,,,
med_attendance,Fitness,Staten Island,De Matti Playground,Walk-a-thon,Community Based Event,night_time,weekday,children_audience,teens_audience,,,,,,
med_attendance,Fitness,Staten Island,De Matti Playground,Hula Hoop Fitness,Community Based Event,morning_time,weekday,children_audience,teens_audience,,,,,,
low_attendance,Fitness,Staten Island,De Matti Playground,Hula Hoop Fitness,Community Based Event,afternoon_time,weekday,children_audience,teens_audience,,,,,,
unknown_attendance,Fitness,Staten Island,De Matti Playground,Hula Hoop Fitness,Community Based Event,afternoon_time,weekday,children_audience,teens_audience,,,,,,
low_attendance,Fitness,Staten Island,De Matti Playground,Fit Kids,Community Based Event,afternoon_time,weekday,children_audience,teens_audience,,,,,,
unknown_attendance,Fitness,Staten Island,De Matti Playground,Fit Kids,Community Based Event,afternoon_time,weekday,children_audience,teens_audience,,,,,,
med_attendance,Fitness,Staten Island,De Matti Playground,Sports Drills,Community Based Event,night_time,weekday,children_audience,teens_audience,,,,,,
med_attendance,Fitness,Staten Island,De Matti Playground,Hula Hoop Fitness,Community Based Event,morning_time,weekday,children_audience,teens_audience,,,,,,
unknown_attendance,Fitness,Staten Island,De Matti Playground,Sports Drills,Community Based Event,night_time,weekday,children_audience,teens_audience,,,,,,
unknown_attendance,Fitness,Staten Island,De Matti Playground,Walk-a-thon,Community Based Event,afternoon_time,weekday,children_audience,teens_audience,,,,,,
med_attendance,Fitness,Staten Island,De Matti Playground,Fit Kids,Community Based Event,afternoon_time,weekday,children_audience,teens_audience,,,,,,
med_attendance,Sport,Brooklyn,Linden Park,Mobile Recreation,Community Based Event,morning_time,weekday,tot_audience,children_audience,teens_audience,general_public_audience,,,,
med_attendance,Sport,Brooklyn,Heckscher Playground,Youth Summer Pop Up Recreation,Local Event,morning_time,weekday,tot_audience,children_audience,young_adult_audience,,,,,
med_attendance,Sport,Brooklyn,Star Spangled Playground,Youth Summer Pop Up Recreation,Local Event,afternoon_time,weekday,tot_audience,children_audience,young_adult_audience,,,,,
low_attendance,Fitness,Staten Island,De Matti Playground,Walk-a-thon,Community Based Event,afternoon_time,weekday,children_audience,teens_audience,,,,,,
low_attendance,Fitness,Staten Island,De Matti Playground,Hula Hoop Fitness,Community Based Event,afternoon_time,weekday,children_audience,teens_audience,,,,,,
low_attendance,Fitness,Staten Island,De Matti Playground,Fit Kids,Community Based Event,afternoon_time,weekday,children_audience,teens_audience,,,,,,
unknown_attendance,Fitness,Staten Island,De Matti Playground,Sports Drills,Community Based Event,night_time,weekday,children_audience,teens_audience,,,,,,
med_attendance,Fitness,Queens,Nautilus Playground,Kids in Motion,Community Based Event,morning_time,weekday,adults_audience,seniors_audience,,,,,,
low_attendance,Sport,Manhattan,St. Nicholas Playground North,KIM Outdoor Programming,Community Based Event,morning_time,weekday,tot_audience,children_audience,,,,,,
med_attendance,Sport,Manhattan,St. Nicholas Playground North,KIM Outdoor Programming,Community Based Event,morning_time,weekday,tot_audience,children_audience,teens_audience,,,,,
unknown_attendance,Sport,Brooklyn,Hilltop Playground,Mobile Recreation,Community Based Event,morning_time,weekday,tot_audience,,,,,,,
unknown_attendance,Fitness,Bronx,St. Mary's park Parking Lot,Trap and Spin,Open House,morning_time,weekday,adults_audience,young_adult_audience,,,,,,
unknown_attendance,Fitness,Staten Island,De Matti Playground,Hula Hoop Fitness,Community Based Event,morning_time,weekday,children_audience,teens_audience,,,,,,
unknown_attendance,Fitness,Staten Island,De Matti Playground,Hula Hoop Fitness,Community Based Event,afternoon_time,weekday,children_audience,teens_audience,,,,,,
unknown_attendance,Fitness,Staten Island,De Matti Playground,Walk-a-thon,Community Based Event,afternoon_time,weekday,children_audience,teens_audience,,,,,,
low_attendance,Fitness,Staten Island,De Matti Playground,Fit Kids,Community Based Event,afternoon_time,weekday,children_audience,teens_audience,,,,,,
unknown_attendance,Fitness,Staten Island,De Matti Playground,Sports Drills,Community Based Event,night_time,weekday,children_audience,teens_audience,,,,,,
unknown_attendance,Fitness,Staten Island,De Matti Playground,Walk-a-thon,Community Based Event,afternoon_time,weekday,tot_audience,children_audience,teens_audience,,,,,
unknown_attendance,Fitness,Staten Island,De Matti Playground,Hula Hoop Fitness,Community Based Event,afternoon_time,weekday,tot_audience,teens_audience,children_audience,,,,,
unknown_attendance,Fitness,Staten Island,De Matti Playground,Fit Kids,Community Based Event,afternoon_time,weekday,children_audience,teens_audience,,,,,,
unknown_attendance,Fitness,Staten Island,De Matti Playground,Sports Drills,Community Based Event,night_time,weekday,tot_audience,children_audience,teens_audience,,,,,
med_attendance,Sport,Brooklyn,Linden Park,Mobile Recreation,Community Based Event,morning_time,weekday,tot_audience,children_audience,teens_audience,,,,,
med_attendance,Sport,Brooklyn,Maria Hernandez,Youth Summer Pop Up Recreation,Open House,morning_time,weekday,tot_audience,children_audience,young_adult_audience,,,,,
med_attendance,Sport,Brooklyn,Jesse Owens Playground,Youth Summer Pop Up Recreation,Local Event,afternoon_time,weekday,tot_audience,children_audience,,,,,,
med_attendance,Fitness,Staten Island,Jennifer's Playground,Stronger Than Ever,Open House,morning_time,weekday,seniors_audience,,,,,,,
med_attendance,Fitness,Staten Island,Jennifer's Playground,Stronger Than Ever,Open House,morning_time,weekday,seniors_audience,,,,,,,
med_attendance,Fitness,Staten Island,Jennifer's Playground,Stronger Than ever,Open House,morning_time,weekday,seniors_audience,,,,,,,
med_attendance,Fitness,Staten Island,Jennifer's Playground,Stronger Than Ever,Open House,morning_time,weekday,seniors_audience,,,,,,,
med_attendance,Sport,Brooklyn,Hilltop Playground,Mobile Recreation,Community Based Event,morning_time,weekday,tot_audience,children_audience,,,,,,
med_attendance,Sport,Manhattan,Anne Loftus Playground,KIM Outdoor Programming,Community Based Event,morning_time,weekday,tot_audience,children_audience,teens_audience,adults_audience,,,,
med_attendance,Sport,Manhattan,Anne Loftus Playground,KIM Outdoor Programming,Community Based Event,morning_time,weekday,tot_audience,children_audience,teens_audience,adults_audience,,,,
med_attendance,Sport,Brooklyn,Jesse Owens Playground,Youth Summer Pop Up Recreation,Local Event,afternoon_time,weekday,tot_audience,children_audience,teens_audience,,,,,
med_attendance,Sport,Brooklyn,Maria Hernandez,Youth Summer Pop Up Recreation,Local Event,morning_time,weekday,tot_audience,children_audience,,,,,,
low_attendance,Fitness,Staten Island,De Matti Playground,Walk-a-thon,Community Based Event,afternoon_time,weekday,children_audience,tot_audience,,,,,,
low_attendance,Fitness,Staten Island,De Matti Playground,Sports Drills,Community Based Event,morning_time,weekday,children_audience,teens_audience,,,,,,
med_attendance,Fitness,Staten Island,De Matti Playground,Fit Kids,Community Based Event,afternoon_time,weekday,tot_audience,teens_audience,children_audience,,,,,
low_attendance,Fitness,Staten Island,De Matti Playground,Fit Kids,Community Based Event,afternoon_time,weekday,children_audience,teens_audience,,,,,,
low_attendance,Fitness,Staten Island,De Matti Playground,Walk-a-thon,Community Based Event,afternoon_time,weekday,tot_audience,children_audience,teens_audience,,,,,
low_attendance,Fitness,Staten Island,De Matti Playground,Sports Drills,Community Based Event,night_time,weekday,tot_audience,children_audience,teens_audience,,,,,
med_attendance,Fitness,Staten Island,De Matti Playground,Hula Hoop Fitness,Community Based Event,morning_time,weekday,children_audience,teens_audience,tot_audience,,,,,
med_attendance,Fitness,Staten Island,De Matti Playground,Hula Hoop Fitness,Community Based Event,afternoon_time,weekday,tot_audience,teens_audience,children_audience,,,,,
med_attendance,Fitness,Staten Island,De Matti Playground,Sports Drills,Community Based Event,night_time,weekday,tot_audience,children_audience,teens_audience,,,,,
med_attendance,Fitness,Staten Island,De Matti Playground,Fit Kids,Community Based Event,afternoon_time,weekday,tot_audience,children_audience,teens_audience,,,,,
med_attendance,Sport,Brooklyn,Star Spangled Playground,Youth Summer Pop Up Recreation,Local Event,afternoon_time,weekday,tot_audience,children_audience,,,,,,
med_attendance,Sport,Brooklyn,Heckscher Playground,Youth Summer Pop Up Recreation,Local Event,morning_time,weekday,tot_audience,children_audience,,,,,,
med_attendance,Fitness,Staten Island,De Matti Playground,Fit Kids,Community Based Event,afternoon_time,weekday,tot_audience,children_audience,teens_audience,,,,,
med_attendance,Fitness,Staten Island,De Matti Playground,Sports Drills,Community Based Event,night_time,weekday,tot_audience,children_audience,teens_audience,,,,,
unknown_attendance,Fitness,Staten Island,De Matti Playground,Walk-a-thon,Community Based Event,afternoon_time,weekday,children_audience,tot_audience,teens_audience,,,,,
low_attendance,Fitness,Staten Island,De Matti Playground,Hula Hoop Fitness,Community Based Event,afternoon_time,weekday,tot_audience,children_audience,teens_audience,,,,,
low_attendance,Fitness,Staten Island,De Matti Playground,Fit Kids,Community Based Event,afternoon_time,weekday,tot_audience,children_audience,teens_audience,,,,,
med_attendance,Sport,Manhattan,St. Nicholas Playground North,KIM Outdoor Programming,Community Based Event,morning_time,weekday,tot_audience,children_audience,,,,,,
med_attendance,Sport,Manhattan,St. Nicholas Playground North,KIM Outdoor Programming,Community Based Event,morning_time,weekday,tot_audience,children_audience,,,,,,
med_attendance,Sport,Brooklyn,Linden Park,Mobile Recreation,Community Based Event,morning_time,weekday,tot_audience,children_audience,teens_audience,,,,,
med_attendance,Fitness,Staten Island,Jennifer's Playground,Stronger Than Ever,Open House,morning_time,weekday,seniors_audience,,,,,,,
med_attendance,Sport,Brooklyn,Maria Hernandez,Youth Summer Pop Up Recreation,Local Event,morning_time,weekday,tot_audience,children_audience,teens_audience,,,,,
med_attendance,Sport,Brooklyn,Potomac Playground,Youth Summer Pop Up Recreation,Local Event,afternoon_time,weekday,tot_audience,children_audience,teens_audience,,,,,
med_attendance,Fitness,Staten Island,Jennifer's Playground,Stonger Than Ever,Open House,morning_time,weekday,seniors_audience,,,,,,,
med_attendance,Fitness,Bronx,St. mary's Parking lot,Trap and Spin,Open House,morning_time,weekday,young_adult_audience,adults_audience,,,,,,
med_attendance,Fitness,Staten Island,De Matti Playground,Hula Hoop Fitness,Community Based Event,morning_time,weekday,children_audience,teens_audience,,,,,,
unknown_attendance,Fitness,Staten Island,De Matti Playground,Walk-a-thon,Community Based Event,afternoon_time,weekday,children_audience,tot_audience,teens_audience,,,,,
unknown_attendance,Fitness,Staten Island,De Matti Playground,Hula Hoop Fitness,Community Based Event,afternoon_time,weekday,tot_audience,children_audience,teens_audience,,,,,
unknown_attendance,Fitness,Staten Island,De Matti Playground,Sports Drills,Community Based Event,night_time,weekday,tot_audience,children_audience,teens_audience,,,,,
unknown_attendance,Fitness,Staten Island,De Matti Playground,Fit Kids,Community Based Event,afternoon_time,weekday,tot_audience,children_audience,teens_audience,,,,,
med_attendance,Sport,Brooklyn,Heckscher Playground,Youth Summer Pop Up Recreation,Local Event,morning_time,weekday,tot_audience,children_audience,teens_audience,,,,,
med_attendance,Sport,Brooklyn,Star Spangled Playground,Youth Summer Pop Up Recreation,Local Event,afternoon_time,weekday,tot_audience,children_audience,teens_audience,,,,,
unknown_attendance,Fitness,Staten Island,De Matti Playground,Walk-a-thon,Community Based Event,afternoon_time,weekday,tot_audience,children_audience,teens_audience,,,,,
unknown_attendance,Fitness,Staten Island,De Matti Playground,Sports Drills,Community Based Event,night_time,weekday,tot_audience,teens_audience,children_audience,,,,,
low_attendance,Fitness,Staten Island,De Matti Playground,Fit Kids,Community Based Event,afternoon_time,weekday,tot_audience,teens_audience,children_audience,,,,,
low_attendance,Fitness,Staten Island,De Matti Playground,Fit Kids,Community Based Event,afternoon_time,weekday,tot_audience,children_audience,teens_audience,,,,,
med_attendance,Fitness,Staten Island,De Matti Playground,Hula Hoop Fitness,Community Based Event,afternoon_time,weekday,tot_audience,children_audience,teens_audience,,,,,
med_attendance,Sport,Brooklyn,Linden Park,Mobile Recreation,Community Based Event,morning_time,weekday,tot_audience,children_audience,teens_audience,,,,,
med_attendance,Sport,Brooklyn,Linden Park,Mobile Recreation,Community Based Event,morning_time,weekday,tot_audience,children_audience,teens_audience,,,,,
med_attendance,Fitness,Bronx,Fort Independence Playground,Shape Up NYC: Cardio Fit,Community Based Event,morning_time,weekend,adults_audience,,,,,,,
med_attendance,Sport,Brooklyn,Maria Hernandez,Youth Summer Pop Up Recreation,Open House,morning_time,weekday,tot_audience,teens_audience,children_audience,,,,,
low_attendance,Fitness,Bronx,St. mary's,Trap and Spin,Open House,morning_time,weekend,adults_audience,young_adult_audience,,,,,,
med_attendance,Sport,Brooklyn,Maria Hernandez,Youth Summer Pop Up Recreation,Local Event,morning_time,weekday,tot_audience,children_audience,,,,,,
med_attendance,Sport,Brooklyn,Jesse Owens Playground,Youth Summer Pop Up Recreation,Local Event,afternoon_time,weekday,tot_audience,teens_audience,children_audience,,,,,
med_attendance,Fitness,Bronx,St. Mary's Parking Lot,Trap and Spin,Open House,morning_time,weekday,adults_audience,young_adult_audience,,,,,,
low_attendance,Fitness,Bronx,St. Mary's Parking Lot,Chair Aerobics,Open House,morning_time,weekday,adults_audience,young_adult_audience,seniors_audience,adaptive_audience,,,,
med_attendance,Fitness,Brooklyn,St. Andrew's Playground,Zumba,Community Based Event,night_time,weekend,adults_audience,,,,,,,
med_attendance,Fitness,Bronx,Fort Independence Playground,Cardio Fit,Community Based Event,night_time,weekend,adults_audience,,,,,,,
med_attendance,Fitness,Bronx,Fort Independence Playground,Cardio Fit,Community Based Event,night_time,weekend,adults_audience,,,,,,,
med_attendance,Fitness,Bronx,Fort Independence Playground,Cardio Fit,Community Based Event,night_time,weekend,adults_audience,,,,,,,
med_attendance,Fitness,Bronx,Fort Independence Playground,Cardio Fit,Community Based Event,night_time,weekend,adults_audience,,,,,,,
med_attendance,Sport,Brooklyn,Heckscher Playground,Youth Summer Pop Up Recreation,Local Event,morning_time,weekday,tot_audience,children_audience,teens_audience,,,,,
med_attendance,Sport,Brooklyn,Star Spangled Playground,Youth Summer Pop Up Recreation,Local Event,afternoon_time,weekday,tot_audience,children_audience,teens_audience,,,,,
med_attendance,Fitness,Bronx,Fort Independence playground,Cardio fit,Community Based Event,night_time,weekend,adults_audience,,,,,,,
low_attendance,Fitness,Staten Island,De Matti Playground,Hula Hoop Fitness,Community Based Event,morning_time,weekday,tot_audience,children_audience,teens_audience,,,,,
med_attendance,Fitness,Staten Island,De Matti Playground,Walk-a-thon,Community Based Event,afternoon_time,weekday,tot_audience,children_audience,teens_audience,,,,,
unknown_attendance,Fitness,Staten Island,De Matti Playground,Fit Kids,Community Based Event,afternoon_time,weekday,tot_audience,teens_audience,children_audience,,,,,
low_attendance,Fitness,Staten Island,Stapleton Playground,Fit Kids,Community Based Event,afternoon_time,weekday,tot_audience,children_audience,teens_audience,,,,,
med_attendance,Fitness,Staten Island,De Matti Playground,Hula Hoop Fitness,Community Based Event,afternoon_time,weekday,tot_audience,teens_audience,children_audience,,,,,
low_attendance,Fitness,Staten Island,Stapleton Playground,Sports Drills,Community Based Event,afternoon_time,weekday,tot_audience,children_audience,teens_audience,,,,,
low_attendance,Fitness,Staten Island,Stapleton Playground,Sports Drills,Community Based Event,afternoon_time,weekday,children_audience,tot_audience,teens_audience,,,,,
low_attendance,Fitness,Staten Island,Stapleton Playground,Fit Kids,Community Based Event,afternoon_time,weekday,tot_audience,children_audience,teens_audience,,,,,
med_attendance,Fitness,Staten Island,De Matti Playground,Sports Drills,Community Based Event,afternoon_time,weekday,tot_audience,children_audience,teens_audience,,,,,
med_attendance,Fitness,Bronx,Fort Independence Playground,Shape Up NYC: Cardio Fit,Community Based Event,morning_time,weekend,adults_audience,,,,,,,
med_attendance,Fitness,Brooklyn,St. Andrew's Playground,Shape Up NYC: Zumba,Community Based Event,morning_time,weekend,adults_audience,,,,,,,
med_attendance,Fitness,Bronx,Fort Independence Playground,Shape Up NYC: Cardio Fit,Community Based Event,morning_time,weekend,adults_audience,,,,,,,
med_attendance,Fitness,Brooklyn,St. Andrew's Playground,Shape Up NYC: Zumba,Community Based Event,morning_time,weekend,adults_audience,,,,,,,
med_attendance,Fitness,Staten Island,De Matti Playground,Hula Hoop Fitness,Community Based Event,afternoon_time,weekday,tot_audience,children_audience,teens_audience,,,,,
med_attendance,Fitness,Staten Island,Stapleton Playground,Fit Kids,Community Based Event,morning_time,weekday,children_audience,tot_audience,teens_audience,,,,,
unknown_attendance,Sport,Brooklyn,Linden Park,Mobile Recreation,Community Based Event,morning_time,weekday,tot_audience,children_audience,teens_audience,,,,,
unknown_attendance,Sport,Brooklyn,Hilltop Playground,Mobile Recreation,Community Based Event,morning_time,weekday,tot_audience,children_audience,,,,,,
med_attendance,Fitness,Staten Island,De Matti Playground,Sports Drills,Community Based Event,afternoon_time,weekday,tot_audience,children_audience,teens_audience,,,,,
med_attendance,Sport,Brooklyn,Linden Park,Mobile Recreation,Community Based Event,morning_time,weekday,children_audience,teens_audience,,,,,,
med_attendance,Fitness,Staten Island,Stapleton Playground,Sports Drills,Community Based Event,afternoon_time,weekday,tot_audience,children_audience,teens_audience,,,,,
low_attendance,Fitness,Staten Island,De Matti Playground,Walk-a-thon,Community Based Event,afternoon_time,weekday,tot_audience,children_audience,teens_audience,,,,,
med_attendance,Fitness,Staten Island,Stapleton Playground,Sports Drills,Community Based Event,afternoon_time,weekday,tot_audience,children_audience,teens_audience,,,,,
low_attendance,Fitness,Staten Island,Stapleton Playground,Fit Kids,Community Based Event,afternoon_time,weekday,tot_audience,children_audience,teens_audience,,,,,
low_attendance,Fitness,Staten Island,De Matti Playground,Fit Kids,Community Based Event,afternoon_time,weekday,tot_audience,children_audience,teens_audience,,,,,
low_attendance,Fitness,Staten Island,De Matti Playground,Sports Drills,Community Based Event,afternoon_time,weekday,tot_audience,children_audience,teens_audience,,,,,
low_attendance,Fitness,Staten Island,De Matti Playground,Hula Hoop Fitness,Community Based Event,morning_time,weekday,tot_audience,children_audience,teens_audience,,,,,
med_attendance,Fitness,Staten Island,Jennifer's Playground,stronger than ever,Open House,morning_time,weekday,seniors_audience,,,,,,,
med_attendance,Fitness,Staten Island,Jennifer's Playground,stronger than ever,Open House,morning_time,weekday,seniors_audience,,,,,,,
med_attendance,Fitness,Staten Island,Jennifer's Playground,stronger than ever,Open House,morning_time,weekday,seniors_audience,,,,,,,
low_attendance,Fitness,Staten Island,Stapleton Playground,Sprinkler Time,Community Based Event,afternoon_time,weekend,tot_audience,teens_audience,children_audience,,,,,
med_attendance,Fitness,Staten Island,Stapleton Playground,Fit Kids,Community Based Event,morning_time,weekend,tot_audience,teens_audience,children_audience,,,,,
med_attendance,Fitness,Staten Island,Stapleton Playground,Sports Drills,Community Based Event,afternoon_time,weekend,tot_audience,children_audience,teens_audience,,,,,
low_attendance,Fitness,Staten Island,Stapleton Playground,Sports Drills,Community Based Event,morning_time,weekday,tot_audience,children_audience,teens_audience,,,,,
med_attendance,Fitness,Staten Island,Stapleton Playground,Fit Kids,Community Based Event,afternoon_time,weekday,tot_audience,teens_audience,children_audience,,,,,
low_attendance,Fitness,Staten Island,Stapleton Playground,Walk-a-thon,Community Based Event,afternoon_time,weekday,tot_audience,children_audience,teens_audience,,,,,
med_attendance,Fitness,Bronx,Williamsbridge Oval Park,Circuit Training,Community Based Event,morning_time,weekday,adults_audience,young_adult_audience,seniors_audience,,,,,
med_attendance,Fitness,Bronx,Fort Independence Playground,Shape Up NYC: Cardio Fit,Community Based Event,morning_time,weekend,adults_audience,,,,,,,
med_attendance,Fitness,Bronx,Poe Park Visitor Center,Spring Programs,Local Event,afternoon_time,weekday,children_audience,,,,,,,
high_attendance,Fitness,Manhattan,Asser Levy Playground,unknown_name,Community Based Event,night_time,weekend,general_public_audience,,,,,,,
high_attendance,Fitness,Manhattan,Anne Loftus Playground,Summer Festival,Community Based Event,morning_time,weekday,children_audience,,,,,,,
high_attendance,Sport,Manhattan,Robert Moses Playground,International Pickleball Festival,Community Based Event,morning_time,weekend,general_public_audience,,,,,,,
med_attendance,Fitness,Queens,Horace Harding Playground,Learn to Ride,Open House,morning_time,weekend,teens_audience,children_audience,,,,,,
low_attendance,Fitness,Bronx,Mapes,Cool Pools - Shape Up NYC,Community Based Event,morning_time,weekday,adults_audience,teens_audience,,,,,,
unknown_attendance,Fitness,Manhattan,Wagner,Shape Up NYC Cool Pool,Community Based Event,night_time,weekday,adults_audience,,,,,,,
low_attendance,Fitness,Manhattan,Dry Dock,Body Conditioning,Agency Produced Event,night_time,weekend,adults_audience,seniors_audience,,,,,,
low_attendance,Fitness,Bronx,Mapes,Zumba w/GiGi,Agency Produced Event,morning_time,weekday,adults_audience,seniors_audience,,,,,,
med_attendance,Fitness,Queens,Fisher Pool,Dance Fitness,Agency Produced Event,afternoon_time,weekend,adults_audience,seniors_audience,,,,,,
med_attendance,Fitness,Manhattan,Sheltering Arms,Zumba w/GiGi,Agency Produced Event,morning_time,weekday,seniors_audience,adults_audience,,,,,,
low_attendance,Fitness,Bronx,Claremont,Poolside Yoga,Agency Produced Event,afternoon_time,weekday,adults_audience,seniors_audience,,,,,,
unknown_attendance,Fitness,Queens,Fisher Pool,Zumba,Agency Produced Event,morning_time,weekday,adults_audience,seniors_audience,,,,,,
low_attendance,Fitness,Manhattan,Wagner,Bootcamp,Agency Produced Event,night_time,weekday,adults_audience,seniors_audience,,,,,,
med_attendance,Fitness,Staten Island,Tottenville,Yoga,Agency Produced Event,night_time,weekday,adults_audience,seniors_audience,,,,,,
med_attendance,Fitness,Bronx,Mapes,Line Dancing,Agency Produced Event,night_time,weekday,adults_audience,seniors_audience,,,,,,
med_attendance,Fitness,Manhattan,Sheltering Arms,Zumba w/GiGi,Agency Produced Event,morning_time,weekday,adults_audience,seniors_audience,,,,,,
low_attendance,Fitness,Bronx,Mapes,Yoga,Agency Produced Event,morning_time,weekday,adults_audience,seniors_audience,,,,,,
low_attendance,Fitness,Staten Island,Tottenville,Yoga,Agency Produced Event,night_time,weekday,adults_audience,seniors_audience,,,,,,
med_attendance,Fitness,Bronx,Mapes,Line Dancing,Agency Produced Event,afternoon_time,weekday,adults_audience,seniors_audience,,,,,,
med_attendance,Fitness,Manhattan,Sheltering Arms,Zumba,Agency Produced Event,night_time,weekday,adults_audience,seniors_audience,,,,,,
low_attendance,Fitness,Manhattan,Dry Dock,Body Conditioning,Agency Produced Event,afternoon_time,weekday,adults_audience,seniors_audience,,,,,,
med_attendance,Fitness,Bronx,Mapes,Zumba W/GIGI,Agency Produced Event,afternoon_time,weekday,adults_audience,seniors_audience,,,,,,
unknown_attendance,Fitness,Bronx,Claremont,Yoga,Agency Produced Event,morning_time,weekday,adults_audience,seniors_audience,,,,,,
unknown_attendance,Fitness,Bronx,Mapes,Yoga,Agency Produced Event,morning_time,weekday,adults_audience,seniors_audience,,,,,,
med_attendance,Fitness,Manhattan,Dry Dock,Body Conditioning,Agency Produced Event,night_time,weekday,adults_audience,seniors_audience,,,,,,
unknown_attendance,Fitness,Manhattan,Wagner,Bootcamp,Agency Produced Event,night_time,weekend,adults_audience,seniors_audience,,,,,,
med_attendance,Fitness,Bronx,Mapes,Line Dancing,Agency Produced Event,night_time,weekend,adults_audience,seniors_audience,,,,,,
med_attendance,Fitness,Bronx,Mapes,Zumba w/GiGi,Agency Produced Event,afternoon_time,weekday,adults_audience,seniors_audience,,,,,,
med_attendance,Fitness,Bronx,Mapes,Zumba,Agency Produced Event,afternoon_time,weekday,adults_audience,seniors_audience,,,,,,
unknown_attendance,Fitness,Bronx,Claremont,Shape Up Low Impact Fitness,Agency Produced Event,night_time,weekday,adults_audience,,,,,,,
med_attendance,Fitness,Bronx,Claremont,Shape Up Low Impact Fitness,Agency Produced Event,night_time,weekday,adults_audience,,,,,,,
low_attendance,Fitness,Bronx,Claremont,Shape Up Low Impact Fitness,Agency Produced Event,night_time,weekday,adults_audience,,,,,,,
low_attendance,Fitness,Bronx,Claremont,Shape Up NYC - Yoga,Agency Produced Event,morning_time,weekday,adults_audience,,,,,,,
low_attendance,Fitness,Brooklyn,Commodore barry,Shape Up  Cardio Sculpt,Agency Produced Event,night_time,weekday,adults_audience,,,,,,,
med_attendance,Fitness,Bronx,Claremont,Shape Up Low Impact Fitness,Agency Produced Event,night_time,weekday,adults_audience,,,,,,,
med_attendance,Fitness,Queens,Fisher Pool,Shape Up Zumba,Agency Produced Event,night_time,weekday,adults_audience,,,,,,,
low_attendance,Fitness,Staten Island,Tottenville,Shape Up NYC - Yoga,Agency Produced Event,night_time,weekday,adults_audience,,,,,,,
unknown_attendance,Fitness,Staten Island,Tottenville,Shape Up NYC - Yoga,Agency Produced Event,night_time,weekday,adults_audience,,,,,,,
unknown_attendance,Fitness,Brooklyn,Commodore barry,Shape Up Cardio Sculpt,Agency Produced Event,night_time,weekday,adults_audience,,,,,,,
unknown_attendance,Fitness,Brooklyn,Commodore barry,Shape Up Cardio Sculpt,Agency Produced Event,night_time,weekday,adults_audience,,,,,,,
med_attendance,Fitness,Bronx,Mapes,Shape Up Line Dancing,Agency Produced Event,night_time,weekday,adults_audience,,,,,,,
low_attendance,Fitness,Manhattan,Sheltering Arms,Shape Up Zumba,Agency Produced Event,night_time,weekday,adults_audience,,,,,,,
unknown_attendance,Fitness,Bronx,Claremont,Shape Up Low Impact Fitness,Agency Produced Event,night_time,weekday,adults_audience,,,,,,,
unknown_attendance,Fitness,Bronx,Mapes,Shape Up Zumba,Agency Produced Event,night_time,weekday,adults_audience,,,,,,,
med_attendance,Fitness,Queens,Fisher Pool,Shape Up Zumba,Agency Produced Event,night_time,weekday,general_public_audience,,,,,,,
low_attendance,Fitness,Bronx,Mapes,Shape Up NYC - Yoga,Agency Produced Event,morning_time,weekday,adults_audience,,,,,,,
low_attendance,Fitness,Bronx,Mapes,Shape Up Zumba,Agency Produced Event,night_time,weekday,adults_audience,teens_audience,general_public_audience,,,,,
med_attendance,Fitness,Bronx,Mapes,Shape Up Zumba,Agency Produced Event,night_time,weekday,general_public_audience,,,,,,,
med_attendance,Fitness,Bronx,Mapes,Shape Up Zumba,Agency Produced Event,night_time,weekday,general_public_audience,,,,,,,
med_attendance,Fitness,Queens,Fisher Pool,Shape Up Zumba,Agency Produced Event,night_time,weekday,general_public_audience,,,,,,,
med_attendance,Fitness,Queens,Fisher Pool,Shape Up Zumba,Agency Produced Event,night_time,weekday,general_public_audience,,,,,,,
low_attendance,Fitness,Manhattan,Dry Dock,Shape Up Cardio Sculpt,Agency Produced Event,morning_time,weekend,general_public_audience,,,,,,,
med_attendance,Sport,Manhattan,Alfred E. Smith Recreation Center,Battle of the Paddles Special Event,Tournament/Competition,night_time,weekday,adults_audience,seniors_audience,young_adult_audience,,,,,
med_attendance,Fitness,Manhattan,Alfred E. Smith Recreation Center,Event New Year Ultimate Fitness Frenzy,Local Event,night_time,weekend,teens_audience,young_adult_audience,adults_audience,seniors_audience,,,,
high_attendance,Fitness,Manhattan,Pelham Fritz Recreation Center,"Live, Laugh, Love Fitness Expo",Agency Produced Event,morning_time,weekend,general_public_audience,adults_audience,young_adult_audience,seniors_audience,,,,
med_attendance,Fitness,Manhattan,Thomas Jefferson Recreation Center,Teen Fitness Challenge,Agency Produced Event,afternoon_time,weekday,teens_audience,,,,,,,
low_attendance,Sport,Manhattan,Gertrude Ederle Recreation Center,Senior Game Night,Agency Produced Event,night_time,weekday,seniors_audience,,,,,,,
med_attendance,Sport,Manhattan,Pelham Fritz Recreation Center,Sports Spectacular,Agency Produced Event,afternoon_time,weekend,general_public_audience,,,,,,,
med_attendance,Sport,Manhattan,Chelsea Recreation Center,She Got Game,Agency Produced Event,afternoon_time,weekend,adults_audience,teens_audience,seniors_audience,general_public_audience,,,,
high_attendance,Fitness,Manhattan,Hansborough Recreation Center,Shape-Up: Silent Disco,Agency Produced Event,night_time,weekday,general_public_audience,,,,,,,
med_attendance,Sport,Manhattan,Thomas Jefferson Recreation Center,Table Tennis Challenge,Tournament/Competition,night_time,weekend,general_public_audience,,,,,,,
high_attendance,Sport,Queens,Flushing Meadows Corona Park Pool & Rink,High Point 3,Tournament/Competition,morning_time,weekend,children_audience,general_public_audience,,,,,,
high_attendance,Sport,Queens,Flushing Meadows Corona Park Pool & Rink,High Point  2,Tournament/Competition,morning_time,weekend,children_audience,general_public_audience,,,,,,
high_attendance,Sport,Queens,Flushing Meadows Corona Park Pool & Rink,High Point 1,Tournament/Competition,morning_time,weekend,children_audience,general_public_audience,,,,,,
high_attendance,Sport,Queens,Flushing Meadows Corona Park Pool & Rink,Masters Meet,Tournament/Competition,morning_time,weekend,young_adult_audience,adults_audience,seniors_audience,,,,,
high_attendance,Sport,Queens,Flushing Meadows Corona Park Pool & Rink,Borough Cup Championship,Tournament/Competition,morning_time,weekend,children_audience,general_public_audience,,,,,,
high_attendance,Sport,Brooklyn,Brownsville Recreation Center,Senior Games,Tournament/Competition,morning_time,weekday,seniors_audience,,,,,,,
high_attendance,Sport,Bronx,St. Mary's Recreation Center,Senior Swim Olympics,Tournament/Competition,morning_time,weekday,seniors_audience,,,,,,,
med_attendance,Fitness,Manhattan,J. Hood Wright Recreation Center,Sounds of Disco,Local Event,night_time,weekday,tot_audience,adults_audience,teens_audience,children_audience,young_adult_audience,adaptive_audience,seniors_audience,general_public_audience
med_attendance,Sport,Manhattan,J. Hood Wright Recreation Center,Father's Day Game Night,Local Event,afternoon_time,weekday,young_adult_audience,adults_audience,seniors_audience,,,,,
high_attendance,Fitness,Manhattan,J. Hood Wright Recreation Center,Latin Dance Night,Local Event,night_time,weekday,children_audience,young_adult_audience,adults_audience,teens_audience,seniors_audience,general_public_audience,tot_audience,
high_attendance,Fitness,Manhattan,Gertrude Ederle Recreation Center,Find the SHE-Ro in You,Agency Produced Event,morning_time,weekend,children_audience,young_adult_audience,adults_audience,teens_audience,general_public_audience,,,
high_attendance,Fitness,Bronx,St. James Recreation Center,National Parks and Recreation Open House Month,Open House,morning_time,weekday,tot_audience,children_audience,young_adult_audience,adults_audience,teens_audience,adaptive_audience,seniors_audience,general_public_audience
high_attendance,Fitness,Manhattan,Hansborough Recreation Center,She's on Point,Agency Produced Event,morning_time,weekend,children_audience,young_adult_audience,teens_audience,general_public_audience,,,,
high_attendance,Fitness,Bronx,St. James Recreation Center,Jump In To Fall Open House Week,Open House,morning_time,weekday,young_adult_audience,adults_audience,children_audience,teens_audience,seniors_audience,adaptive_audience,general_public_audience,
med_attendance,Sport,Manhattan,Recreation Center 54,Father's Day Intergenerational Basketball Game,Tournament/Competition,morning_time,weekday,young_adult_audience,adults_audience,teens_audience,adaptive_audience,seniors_audience,general_public_audience,,
med_attendance,Fitness,Manhattan,Chelsea Recreation Center,Senior Social,Agency Produced Event,morning_time,weekday,seniors_audience,,,,,,,
med_attendance,Fitness,Manhattan,Chelsea Recreation Center,Family Fit Soca Dance,Community Based Event,morning_time,weekend,adults_audience,young_adult_audience,seniors_audience,general_public_audience,,,,
high_attendance,Sport,Manhattan,Alfred E. Smith Recreation Center,Event National Women & Girls Sports Day,Community Based Event,night_time,weekday,tot_audience,children_audience,,,,,,
med_attendance,Fitness,Manhattan,Tony Dapolito Recreation Center,NYC Parks Pride Ride 2019,Agency Produced Event,night_time,weekday,young_adult_audience,adults_audience,general_public_audience,,,,,
med_attendance,Sport,Manhattan,Recreation Center 54,Pre-Father's Day Family Clinic and Corrections Dad's Game,Tournament/Competition,morning_time,weekend,children_audience,general_public_audience,,,,,,
med_attendance,Sport,Manhattan,Recreation Center 54,3 VS 3 Intergenerational Father's Basketball tournament,Tournament/Competition,morning_time,weekday,young_adult_audience,adults_audience,seniors_audience,,,,,
high_attendance,Fitness,Queens,Lost Battalion Hall Recreation Center,Lost Battalion Hall Weightlifting Classic,Local Event,morning_time,weekend,general_public_audience,,,,,,,
med_attendance,Fitness,Manhattan,J. Hood Wright Recreation Center,Summer Dance Night,Agency Produced Event,afternoon_time,weekday,adults_audience,children_audience,seniors_audience,,,,,
med_attendance,Fitness,Manhattan,Gertrude Ederle Recreation Center,"New Year, New You Fitness Fest",Agency Produced Event,morning_time,weekend,young_adult_audience,adults_audience,teens_audience,seniors_audience,,,,
high_attendance,Fitness,Manhattan,Tony Dapolito Recreation Center,Family Fun Fit Fusion,Community Based Event,night_time,weekday,tot_audience,children_audience,young_adult_audience,adults_audience,teens_audience,adaptive_audience,seniors_audience,general_public_audience
med_attendance,Sport,Manhattan,Gertrude Ederle Recreation Center,Hockey Tournament,Tournament/Competition,night_time,weekend,adults_audience,teens_audience,children_audience,,,,,
med_attendance,Fitness,Manhattan,Highbridge Recreation Center,Family Wellness Day,Open House,morning_time,weekend,children_audience,tot_audience,adults_audience,teens_audience,young_adult_audience,,,
unknown_attendance,Sport,Manhattan,Highbridge Recreation Center,Chess Tournament,Tournament/Competition,night_time,weekday,seniors_audience,adults_audience,,,,,,
med_attendance,Fitness,Manhattan,Highbridge Recreation Center,OFF THE HOOK Open House,Open House,night_time,weekday,adults_audience,,,,,,,
med_attendance,Sport,Manhattan,Chelsea Recreation Center,Chelsea Recreation All Star Competition,Tournament/Competition,night_time,weekday,children_audience,,,,,,,
high_attendance,Sport,Manhattan,Chelsea Recreation Center,Sports Award Ceremony,Agency Produced Event,afternoon_time,weekday,children_audience,,,,,,,
med_attendance,Sport,Manhattan,Chelsea Recreation Center,Billiard Tournament,Tournament/Competition,morning_time,weekend,young_adult_audience,adults_audience,,,,,,
med_attendance,Fitness,Manhattan,Highbridge Recreation Center,Family Wellness Day,Open House,morning_time,weekend,general_public_audience,,,,,,,
med_attendance,Sport,Manhattan,Chelsea Recreation Center,Billiard Tournament,Tournament/Competition,morning_time,weekend,young_adult_audience,adults_audience,,,,,,
high_attendance,Sport,Manhattan,Alfred E. Smith Recreation Center,P.S. 126/MAT Homecoming Basketball Game,Tournament/Competition,afternoon_time,weekday,children_audience,,,,,,,
med_attendance,Sport,Manhattan,Jackie Robinson Recreation Center,March Madness: Adults Basketball tournament,Tournament/Competition,night_time,weekday,young_adult_audience,adults_audience,,,,,,
high_attendance,Fitness,Manhattan,Pelham Fritz Recreation Center,Love Your Body/Fitness Festival,Agency Produced Event,night_time,weekend,general_public_audience,,,,,,,
med_attendance,Fitness,Manhattan,Pelham Fritz Recreation Center,"The ""Let It Out"" Vogue Fest",Agency Produced Event,night_time,weekday,general_public_audience,,,,,,,
med_attendance,Fitness,Manhattan,Pelham Fritz Recreation Center,Step Into Dancing Line Dance Event,Agency Produced Event,night_time,weekday,general_public_audience,,,,,,,
med_attendance,Fitness,Manhattan,Pelham Fritz Recreation Center,Ultimate Obstacle Course,Agency Produced Event,afternoon_time,weekend,teens_audience,,,,,,,
high_attendance,Fitness,Staten Island,Ocean Breeze Track & Field Athletic Complex,Health and Wellness Fair,Community Based Event,morning_time,weekend,tot_audience,children_audience,adults_audience,young_adult_audience,teens_audience,adaptive_audience,general_public_audience,seniors_audience
unknown_attendance,Sport,Staten Island,Ocean Breeze Track & Field Athletic Complex,Ocean Breeze Beach Soccer & Food Truck Festival,Community Based Event,morning_time,weekend,children_audience,young_adult_audience,adults_audience,teens_audience,seniors_audience,adaptive_audience,general_public_audience,
med_attendance,Fitness,Manhattan,Hamilton Fish Recreation Center,Jump into Fall Fitness,Open House,morning_time,weekend,teens_audience,adults_audience,young_adult_audience,seniors_audience,general_public_audience,,,
med_attendance,Fitness,Manhattan,Highbridge Recreation Center,Family Wellness Day,Open House,morning_time,weekend,teens_audience,young_adult_audience,tot_audience,children_audience,adults_audience,general_public_audience,adaptive_audience,seniors_audience
med_attendance,Fitness,Manhattan,J. Hood Wright Recreation Center,Danceathon: Line Dancing,Community Based Event,afternoon_time,weekday,general_public_audience,,,,,,,
med_attendance,Sport,Manhattan,Jackie Robinson Recreation Center,Basketball tournament,Tournament/Competition,night_time,weekend,teens_audience,,,,,,,
med_attendance,Fitness,Manhattan,J. Hood Wright Recreation Center,Danceathon: Latin Night,Community Based Event,night_time,weekday,general_public_audience,,,,,,,
low_attendance,Fitness,Manhattan,Highbridge Recreation Center,Family Wellness,Community Based Event,night_time,weekend,general_public_audience,,,,,,,
high_attendance,Fitness,Bronx,St. James Recreation Center,Free Spin Classes,Agency Produced Event,morning_time,weekday,young_adult_audience,adults_audience,seniors_audience,general_public_audience,,,,
high_attendance,Fitness,Bronx,St. James Recreation Center,Fall Fitness Open House Week,Open House,morning_time,weekday,tot_audience,children_audience,young_adult_audience,adults_audience,teens_audience,adaptive_audience,seniors_audience,general_public_audience
med_attendance,Fitness,Bronx,St. James Recreation Center,Ultimate Teen Boot Camp Challenge,Agency Produced Event,night_time,weekday,teens_audience,,,,,,,
med_attendance,Sport,Queens,Lost Battalion Hall Recreation Center,NYC Parks Basketball Clinic,Community Based Event,afternoon_time,weekday,children_audience,teens_audience,,,,,,
med_attendance,Fitness,Manhattan,Highbridge Recreation Center,Off The Hook,Agency Produced Event,night_time,weekday,young_adult_audience,adults_audience,seniors_audience,teens_audience,general_public_audience,adaptive_audience,,
med_attendance,Fitness,Manhattan,Highbridge Recreation Center,Family Wellness Day,Community Based Event,morning_time,weekend,children_audience,adults_audience,tot_audience,young_adult_audience,teens_audience,,,
med_attendance,Fitness,Manhattan,Highbridge Recreation Center,Family Wellness Day,Open House,morning_time,weekend,general_public_audience,,,,,,,
med_attendance,Sport,Manhattan,Asser Levy Recreation Center,Asser Levy's Girls Classic Basketball Tournament,Tournament/Competition,morning_time,weekend,teens_audience,,,,,,,
med_attendance,Sport,Queens,Al Oerter Recreation Center,Queens Recreation Tennis Clinic,Community Based Event,afternoon_time,weekend,children_audience,teens_audience,,,,,,
med_attendance,Sport,Manhattan,Tony Dapolito Recreation Center,Cops VS teens,Tournament/Competition,afternoon_time,weekday,teens_audience,adults_audience,young_adult_audience,,,,,
unknown_attendance,Fitness,Manhattan,Chelsea Recreation Center,Chelsea Fitness Marathon,Agency Produced Event,morning_time,weekday,young_adult_audience,adults_audience,seniors_audience,adaptive_audience,teens_audience,,,
med_attendance,Sport,Manhattan,Chelsea Recreation Center,Chelsea 2nd Annual PickleBall Tournament,Agency Produced Event,morning_time,weekend,adults_audience,seniors_audience,,,,,,
med_attendance,Sport,Manhattan,Alfred E. Smith Recreation Center,Girls GEVA Volleyball Team Tryouts,Local Event,night_time,weekday,teens_audience,,,,,,,
med_attendance,Fitness,Manhattan,Highbridge Recreation Center,Family Wellness Day,Community Based Event,morning_time,weekend,general_public_audience,,,,,,,
med_attendance,Sport,Queens,Al Oerter Recreation Center,NYC Parks Pickleball Tournement,Community Based Event,morning_time,weekend,seniors_audience,adults_audience,,,,,,
med_attendance,Sport,Queens,Lost Battalion Hall Recreation Center,NYC Parks Pickleball Tournement,Community Based Event,morning_time,weekend,seniors_audience,,,,,,,
med_attendance,Sport,Manhattan,Tony Dapolito Recreation Center,Final 4 Fridays,Tournament/Competition,afternoon_time,weekday,children_audience,teens_audience,general_public_audience,,,,,
med_attendance,Sport,Queens,Al Oerter Recreation Center,Turkey Bowl,Tournament/Competition,morning_time,weekend,children_audience,teens_audience,,,,,,
med_attendance,Fitness,Queens,Roy Wilkins Recreation Center,Fitness Buffet,Open House,morning_time,weekend,young_adult_audience,adults_audience,general_public_audience,seniors_audience,,,,
med_attendance,Fitness,Manhattan,Highbridge Recreation Center,Family Wellness Day,Community Based Event,morning_time,weekend,general_public_audience,,,,,,,
med_attendance,Sport,Manhattan,Alfred E. Smith Recreation Center,Holiday Classic Badminton Doubles Tournament,Tournament/Competition,night_time,weekday,adults_audience,,,,,,,
high_attendance,Sport,Manhattan,Asser Levy Recreation Center,Asser Levy Winter Girls Basketball Classic,Tournament/Competition,morning_time,weekend,teens_audience,,,,,,,
high_attendance,Fitness,Manhattan,Chelsea Recreation Center,Chelsea Fitness Marathon,Local Event,morning_time,weekday,adults_audience,teens_audience,young_adult_audience,,,,,
med_attendance,Sport,Manhattan,Alfred E. Smith Recreation Center,Pickleball Showcase,Tournament/Competition,morning_time,weekend,seniors_audience,adults_audience,,,,,,
med_attendance,Fitness,Manhattan,Highbridge Recreation Center,Shape Up Kick off,Agency Produced Event,morning_time,weekend,general_public_audience,,,,,,,
high_attendance,Sport,Queens,Sorrentino Recreation Center,Double Dutch Holiday Classic,Tournament/Competition,morning_time,weekday,children_audience,teens_audience,,,,,,
high_attendance,Sport,Queens,Sorrentino Recreation Center,Mommy & Me Double Dutch Event,Local Event,morning_time,weekend,adults_audience,children_audience,teens_audience,young_adult_audience,tot_audience,seniors_audience,,
high_attendance,Sport,Queens,Lost Battalion Hall Recreation Center,Holiday Classic,Tournament/Competition,morning_time,weekday,children_audience,teens_audience,,,,,,
high_attendance,Fitness,Bronx,St. James Recreation Center,Winter Open House Week,Open House,morning_time,weekday,tot_audience,children_audience,young_adult_audience,adults_audience,teens_audience,adaptive_audience,seniors_audience,general_public_audience
high_attendance,Fitness,Bronx,St. James Recreation Center,Spin for Life: Healthy Heart Spin Off,Local Event,morning_time,weekday,adults_audience,young_adult_audience,seniors_audience,,,,,
med_attendance,Fitness,Queens,Sorrentino Recreation Center,Zumbathon,Community Based Event,morning_time,weekend,general_public_audience,,,,,,,
med_attendance,Fitness,Manhattan,Asser Levy Recreation Center,Neon Glow Spin Challenge,Community Based Event,night_time,weekday,adults_audience,young_adult_audience,seniors_audience,general_public_audience,,,,
med_attendance,Sport,Queens,Flushing Meadows Corona Park Pool & Rink,NYC Parks Swim Clinic,Community Based Event,afternoon_time,weekday,children_audience,,,,,,,
med_attendance,Sport,Manhattan,Tony Dapolito Recreation Center,Round Robin Pickleball Tournament,Tournament/Competition,night_time,weekday,young_adult_audience,adults_audience,seniors_audience,,,,,
med_attendance,Fitness,Manhattan,Highbridge Recreation Center,Off The Hook Open Mat,Open House,night_time,weekday,general_public_audience,,,,,,,
med_attendance,Fitness,Manhattan,Jackie Robinson Recreation Center,Line Dance,Community Based Event,night_time,weekday,adults_audience,seniors_audience,general_public_audience,children_audience,,,,
med_attendance,Fitness,Manhattan,Highbridge Recreation Center,Family Wellness Day,Agency Produced Event,morning_time,weekend,young_adult_audience,adults_audience,teens_audience,children_audience,general_public_audience,seniors_audience,adaptive_audience,tot_audience
med_attendance,Sport,Manhattan,Alfred E. Smith Recreation Center,King of the Net,Tournament/Competition,night_time,weekday,teens_audience,,,,,,,
med_attendance,Sport,Manhattan,Jackie Robinson Recreation Center,Youth Basketball league Championship & skills challenge,Tournament/Competition,afternoon_time,weekend,teens_audience,,,,,,,
high_attendance,Sport,Bronx,Hunts Point Recreation Center,Family Dodgeball,Local Event,afternoon_time,weekday,children_audience,teens_audience,general_public_audience,,,,,
med_attendance,Sport,Manhattan,Hansborough Recreation Center,All Star Madness,Tournament/Competition,afternoon_time,weekday,children_audience,teens_audience,adults_audience,,,,,
high_attendance,Fitness,Manhattan,Asser Levy Recreation Center,Neon Glow Zumba Fest,Community Based Event,night_time,weekday,adults_audience,young_adult_audience,seniors_audience,general_public_audience,,,,
high_attendance,Sport,Bronx,Hunts Point Recreation Center,Ultimate Dodgeball,Community Based Event,afternoon_time,weekday,teens_audience,children_audience,general_public_audience,,,,,
high_attendance,Sport,Bronx,Hunts Point Recreation Center,Hunts Point Game On,Community Based Event,afternoon_time,weekday,children_audience,teens_audience,adaptive_audience,,,,,
med_attendance,Sport,Manhattan,Recreation Center 54,King of the Rock,Agency Produced Event,afternoon_time,weekday,teens_audience,,,,,,,
med_attendance,Sport,Manhattan,Recreation Center 54,Holiday Basketball Classic,Tournament/Competition,morning_time,weekday,adults_audience,seniors_audience,,,,,,
med_attendance,Fitness,Manhattan,Highbridge Recreation Center,Teen Fitness Challenge,Agency Produced Event,afternoon_time,weekday,teens_audience,,,,,,,
med_attendance,Fitness,Bronx,St. James Recreation Center,Spin for Life,Community Based Event,morning_time,weekday,general_public_audience,,,,,,,
med_attendance,Sport,Bronx,St. James Recreation Center,Family Soccer,Community Based Event,afternoon_time,weekday,general_public_audience,,,,,,,
med_attendance,Fitness,Bronx,St. James Recreation Center,Spin for Life,Community Based Event,morning_time,weekday,general_public_audience,,,,,,,
med_attendance,Fitness,Bronx,St. James Recreation Center,Stretching & Relaxation,Open House,morning_time,weekday,young_adult_audience,adults_audience,seniors_audience,,,,,
med_attendance,Sport,Manhattan,Tony Dapolito Recreation Center,Learn To Play Basket Ball,Community Based Event,morning_time,weekend,tot_audience,children_audience,general_public_audience,,,,,
low_attendance,Sport,Bronx,Hunts Point Recreation Center,Soccer Skills,Agency Produced Event,afternoon_time,weekday,children_audience,young_adult_audience,teens_audience,,,,,
unknown_attendance,Fitness,Bronx,St. James Recreation Center,HIIT Circuit Fitness,Open House,morning_time,weekday,young_adult_audience,adults_audience,seniors_audience,,,,,
med_attendance,Fitness,Bronx,Hunts Point Recreation Center,Hula Hoop,Community Based Event,morning_time,weekday,children_audience,,,,,,,
med_attendance,Fitness,Bronx,St. James Recreation Center,Spin for Life,Community Based Event,morning_time,weekday,general_public_audience,adults_audience,seniors_audience,young_adult_audience,,,,
low_attendance,Sport,Bronx,Williamsbridge Oval Recreation Center,Pickle Ball,Community Based Event,morning_time,weekday,seniors_audience,,,,,,,
unknown_attendance,Sport,Bronx,Hunts Point Recreation Center,Soccer Skills / Obstacle Course,Agency Produced Event,morning_time,weekday,children_audience,young_adult_audience,teens_audience,,,,,
med_attendance,Fitness,Bronx,St. James Recreation Center,Spin for Life,Community Based Event,morning_time,weekday,young_adult_audience,adults_audience,seniors_audience,general_public_audience,,,,
unknown_attendance,Sport,Bronx,St. James Recreation Center,Family Soccer,Community Based Event,afternoon_time,weekday,tot_audience,children_audience,general_public_audience,adults_audience,,,,
med_attendance,Fitness,Bronx,St. James Recreation Center,Stretching & Relaxation,Open House,morning_time,weekday,young_adult_audience,adults_audience,teens_audience,,,,,
low_attendance,Fitness,Bronx,St. James Recreation Center,HIIT Circuit Fitness,Open House,morning_time,weekday,young_adult_audience,adults_audience,teens_audience,,,,,
unknown_attendance,Sport,Manhattan,Chelsea Recreation Center,Chelsea Rec Back to School Bonanza,Community Based Event,afternoon_time,weekday,children_audience,,,,,,,
med_attendance,Fitness,Bronx,St. James Recreation Center,Spin for Life,Community Based Event,morning_time,weekday,general_public_audience,,,,,,,
med_attendance,Sport,Manhattan,Alfred E. Smith Recreation Center,King of the Court Volleyball Tournament,Tournament/Competition,afternoon_time,weekend,young_adult_audience,teens_audience,,,,,,
unknown_attendance,Fitness,Bronx,St. Mary's Recreation Center,Spin,Community Based Event,morning_time,weekday,young_adult_audience,adults_audience,teens_audience,seniors_audience,,,,
unknown_attendance,Fitness,Bronx,St. Mary's Recreation Center,spin,Community Based Event,morning_time,weekday,adults_audience,young_adult_audience,seniors_audience,teens_audience,,,,
unknown_attendance,Fitness,Bronx,St. Mary's Recreation Center,Trap & Spin,Community Based Event,morning_time,weekday,young_adult_audience,adults_audience,teens_audience,seniors_audience,,,,
unknown_attendance,Fitness,Bronx,St. Mary's Recreation Center,Spin,Community Based Event,morning_time,weekday,young_adult_audience,adults_audience,teens_audience,seniors_audience,,,,
unknown_attendance,Fitness,Bronx,St. Mary's Recreation Center,Trap & Spin,Community Based Event,morning_time,weekday,adults_audience,young_adult_audience,teens_audience,seniors_audience,,,,
unknown_attendance,Fitness,Bronx,St. Mary's Recreation Center,Trap & Spin,Community Based Event,morning_time,weekday,teens_audience,adults_audience,seniors_audience,young_adult_audience,,,,
med_attendance,Fitness,Bronx,St. James Recreation Center,Stretching & Relaxation,Open House,morning_time,weekday,adults_audience,young_adult_audience,seniors_audience,,,,,
unknown_attendance,Fitness,Bronx,St. James Recreation Center,HIIT Circuit Fitness,Open House,morning_time,weekday,young_adult_audience,adults_audience,seniors_audience,,,,,
unknown_attendance,Fitness,Bronx,St. James Recreation Center,Salsa Aerobic,Local Event,morning_time,weekend,young_adult_audience,adults_audience,,,,,,
med_attendance,Fitness,Bronx,St. Mary's Recreation Center,Cardio + Strength,Local Event,morning_time,weekday,children_audience,teens_audience,,,,,,
med_attendance,Sport,Bronx,St. Mary's Recreation Center,Skills & Drills,Community Based Event,morning_time,weekend,teens_audience,children_audience,,,,,,
unknown_attendance,Fitness,Bronx,St. Mary's Recreation Center,Step it Up,Community Based Event,afternoon_time,weekday,children_audience,,,,,,,
low_attendance,Sport,Bronx,St. James Recreation Center,Toddlers Games,Community Based Event,morning_time,weekday,tot_audience,,,,,,,
unknown_attendance,Sport,Bronx,St. Mary's Recreation Center,Skills & Drills,Community Based Event,morning_time,weekday,children_audience,young_adult_audience,teens_audience,,,,,
high_attendance,Sport,Brooklyn,McCarren Play Center,March Madness,Local Event,morning_time,weekday,tot_audience,,,,,,,
low_attendance,Fitness,Bronx,St. James Park,A Walk In The Park,Open House,morning_time,weekday,adults_audience,,,,,,,
med_attendance,Sport,Bronx,St. James Recreation Center,Toddlers Games,Community Based Event,morning_time,weekday,tot_audience,children_audience,,,,,,
med_attendance,Fitness,Bronx,St. James Recreation Center,Stretching & Relaxation,Open House,morning_time,weekday,young_adult_audience,adults_audience,,,,,,
unknown_attendance,Fitness,Bronx,St. James Recreation Center,HIIT Circuit Fitness,Open House,morning_time,weekday,young_adult_audience,adults_audience,,,,,,
unknown_attendance,Fitness,Bronx,St. James Recreation Center,unknown_name,Community Based Event,morning_time,weekday,adults_audience,seniors_audience,general_public_audience,,,,,
med_attendance,Fitness,Bronx,St. James Recreation Center,unknown_name,Community Based Event,morning_time,weekday,young_adult_audience,adults_audience,seniors_audience,general_public_audience,,,,
med_attendance,Fitness,Bronx,Hunts Point Recreation Center,Outdoor Extreme HIIT Training AKA â€œDigital HIITâ€,Local Event,morning_time,weekday,adults_audience,young_adult_audience,,,,,,
low_attendance,Fitness,Bronx,Hunts Point Recreation Center,Outdoor Extreme HIIT Training AKA â€œDigital HIITâ€,Local Event,morning_time,weekday,general_public_audience,,,,,,,
low_attendance,Fitness,Bronx,Hunts Point Recreation Center,Outdoor Extreme HIIT Training AKA â€œDigital HIITâ€,Local Event,afternoon_time,weekday,general_public_audience,,,,,,,
high_attendance,Sport,Bronx,Owen Dolen Recreation Center,Citywide Flag Football Championship,Tournament/Competition,morning_time,weekend,teens_audience,children_audience,,,,,,
med_attendance,Sport,Manhattan,Tony Dapolito Recreation Center,Learn to play Pickleball,Community Based Event,morning_time,weekend,teens_audience,seniors_audience,adults_audience,young_adult_audience,children_audience,tot_audience,,
low_attendance,Fitness,Bronx,St. Mary's Recreation Center,Step it up,Community Based Event,afternoon_time,weekday,children_audience,,,,,,,
med_attendance,Fitness,Bronx,St. James Recreation Center,Spin for Life,Community Based Event,morning_time,weekday,young_adult_audience,adults_audience,seniors_audience,general_public_audience,,,,
med_attendance,Sport,Bronx,St. James Recreation Center,unknown_name,Community Based Event,morning_time,weekday,tot_audience,children_audience,,,,,,
med_attendance,Fitness,Bronx,St. James Recreation Center,Stretching and Relaxation,Open House,morning_time,weekday,adults_audience,young_adult_audience,seniors_audience,,,,,
med_attendance,Sport,Manhattan,Chelsea Recreation Center,Cops VS Kids Basketball,Local Event,afternoon_time,weekday,children_audience,,,,,,,
med_attendance,Sport,Bronx,St. James Recreation Center,Toddlers Games,Community Based Event,morning_time,weekday,tot_audience,children_audience,,,,,,
unknown_attendance,Fitness,Bronx,St. Mary's Recreation Center,unknown_name,Community Based Event,morning_time,weekday,children_audience,,,,,,,
med_attendance,Fitness,Bronx,St. James Recreation Center,fITNESS Hiit Circuit,Open House,morning_time,weekday,young_adult_audience,adults_audience,,,,,,
low_attendance,Fitness,Bronx,St. Mary's Recreation Center,step it up,Community Based Event,afternoon_time,weekend,children_audience,,,,,,,
low_attendance,Fitness,Bronx,St. Mary's Recreation Center,step it up,Community Based Event,afternoon_time,weekday,children_audience,,,,,,,
med_attendance,Fitness,Bronx,St. Mary's Recreation Center,step it up,Community Based Event,afternoon_time,weekend,children_audience,,,,,,,
low_attendance,Fitness,Bronx,St. Mary's Recreation Center,step it up,Community Based Event,afternoon_time,weekday,children_audience,,,,,,,
low_attendance,Fitness,Bronx,St. Mary's Recreation Center,step it up,Community Based Event,afternoon_time,weekend,children_audience,,,,,,,
unknown_attendance,Sport,Bronx,St. Mary's Recreation Center,skills & drills,Community Based Event,night_time,weekend,children_audience,,,,,,,
low_attendance,Sport,Bronx,St. Mary's Recreation Center,step it up,Community Based Event,afternoon_time,weekend,children_audience,,,,,,,
unknown_attendance,Sport,Bronx,St. Mary's Recreation Center,step it up,Community Based Event,night_time,weekday,children_audience,,,,,,,
unknown_attendance,Sport,Bronx,St. Mary's Recreation Center,skills & drills,Community Based Event,night_time,weekday,children_audience,,,,,,,
unknown_attendance,Sport,Bronx,St. Mary's Recreation Center,step it up,Community Based Event,night_time,weekday,children_audience,,,,,,,
med_attendance,Fitness,Bronx,St. James Recreation Center,Spin for Life,Community Based Event,morning_time,weekday,young_adult_audience,adults_audience,general_public_audience,,,,,
med_attendance,Fitness,Bronx,St. James Recreation Center,Spin for Life,Community Based Event,morning_time,weekday,young_adult_audience,adults_audience,teens_audience,seniors_audience,,,,
med_attendance,Fitness,Bronx,St. James Recreation Center,Spin for Life,Community Based Event,morning_time,weekday,young_adult_audience,adults_audience,seniors_audience,,,,,
med_attendance,Fitness,Bronx,St. James Recreation Center,Stretching & Relaxation,Open House,morning_time,weekday,young_adult_audience,adults_audience,seniors_audience,,,,,
low_attendance,Fitness,Bronx,St. James Recreation Center,A Walk In The Park,Community Based Event,morning_time,weekday,adults_audience,,,,,,,
med_attendance,Sport,Bronx,St. James Recreation Center,Toddler Games,Community Based Event,morning_time,weekday,tot_audience,children_audience,,,,,,
med_attendance,Fitness,Bronx,St. James Recreation Center,HIIT Circuit training,Open House,morning_time,weekday,young_adult_audience,adults_audience,seniors_audience,,,,,
low_attendance,Fitness,Bronx,St. Mary's Recreation Center,step it up,Community Based Event,afternoon_time,weekend,children_audience,,,,,,,
low_attendance,Sport,Bronx,St. Mary's Recreation Center,step it up,Community Based Event,afternoon_time,weekday,children_audience,,,,,,,
med_attendance,Sport,Bronx,St. James Recreation Center,Toddler Games,Community Based Event,morning_time,weekday,tot_audience,children_audience,,,,,,
low_attendance,Fitness,Bronx,St. James Recreation Center,Stretching & Relaxation,Open House,morning_time,weekday,young_adult_audience,adults_audience,seniors_audience,,,,,
med_attendance,Sport,Bronx,St. James Recreation Center,Toddler Games,Community Based Event,morning_time,weekday,tot_audience,children_audience,,,,,,
med_attendance,Fitness,Bronx,St. James Recreation Center,HIIT Circuit Fitness,Open House,morning_time,weekday,young_adult_audience,adults_audience,seniors_audience,,,,,
med_attendance,Sport,Manhattan,Gertrude Ederle Recreation Center,Kick a Goal! Outdoor programming,Local Event,morning_time,weekend,children_audience,tot_audience,adults_audience,,,,,
low_attendance,Sport,Bronx,St. Mary's Recreation Center,step it up,Community Based Event,afternoon_time,weekend,children_audience,,,,,,,
low_attendance,Fitness,Bronx,St. James Recreation Center,A Walk In The Park,Community Based Event,morning_time,weekday,seniors_audience,,,,,,,
med_attendance,Fitness,Bronx,St. James Recreation Center,Spin for Life,Community Based Event,morning_time,weekday,young_adult_audience,adults_audience,seniors_audience,general_public_audience,,,,
low_attendance,Fitness,Bronx,St. Mary's Recreation Center,step it up,Community Based Event,afternoon_time,weekday,children_audience,,,,,,,
med_attendance,Fitness,Bronx,St. James Recreation Center,Stretching & Relaxation,Open House,morning_time,weekday,young_adult_audience,adults_audience,seniors_audience,,,,,
med_attendance,Fitness,Bronx,St. James Recreation Center,Stretching & Relaxation,Open House,morning_time,weekday,young_adult_audience,adults_audience,,,,,,
med_attendance,Sport,Bronx,St. James Recreation Center,Toddlers Games,Community Based Event,morning_time,weekday,tot_audience,children_audience,,,,,,
unknown_attendance,Sport,Bronx,St. James Recreation Center,Toddlers Games,Community Based Event,morning_time,weekday,tot_audience,children_audience,,,,,,
med_attendance,Fitness,Bronx,St. James Recreation Center,Spin for Life,Community Based Event,morning_time,weekday,adults_audience,young_adult_audience,seniors_audience,,,,,
med_attendance,Sport,Manhattan,Jackie Robinson Recreation Center,FDNY hands on training,Local Event,morning_time,weekday,young_adult_audience,teens_audience,adults_audience,,,,,
unknown_attendance,Sport,Brooklyn,Red Hook Recreation Center,MLK  I Have a Dream  All Star Basketball Game,Tournament/Competition,afternoon_time,weekend,teens_audience,young_adult_audience,,,,,,
med_attendance,Fitness,Manhattan,Gertrude Ederle Recreation Center,Soccer Fun,Local Event,afternoon_time,weekday,tot_audience,children_audience,,,,,,
med_attendance,Fitness,Bronx,St. James Recreation Center,HIIT Circuit fitness,Open House,morning_time,weekday,young_adult_audience,adults_audience,seniors_audience,,,,,
med_attendance,Sport,Bronx,St. Mary's Recreation Center,step it up,Community Based Event,afternoon_time,weekend,children_audience,,,,,,,
med_attendance,Fitness,Bronx,St. James Recreation Center,Spin for Life,Community Based Event,morning_time,weekday,young_adult_audience,adults_audience,seniors_audience,,,,,
low_attendance,Sport,Bronx,St. Mary's Recreation Center,step it up,Community Based Event,afternoon_time,weekday,children_audience,,,,,,,
med_attendance,Sport,Manhattan,Jackie Robinson Recreation Center,Track & Field trip to Icahn Stadium,Local Event,night_time,weekend,children_audience,,,,,,,
high_attendance,Fitness,Manhattan,Jackie Robinson Recreation Center,Open House- Aerobics expo,Open House,morning_time,weekday,teens_audience,young_adult_audience,adults_audience,seniors_audience,,,,
med_attendance,Sport,Manhattan,Jackie Robinson Recreation Center,Video game tournament,Tournament/Competition,afternoon_time,weekday,children_audience,teens_audience,,,,,,
med_attendance,Fitness,Bronx,St. James Recreation Center,Orchard Beach Grand Opening,Local Event,morning_time,weekday,adults_audience,seniors_audience,,,,,,
med_attendance,Fitness,Bronx,St. James Recreation Center,unknown_name,Open House,morning_time,weekday,young_adult_audience,adults_audience,seniors_audience,,,,,
med_attendance,Fitness,Bronx,St. James Recreation Center,Spin for Life,Community Based Event,morning_time,weekday,young_adult_audience,adults_audience,seniors_audience,,,,,
med_attendance,Fitness,Bronx,St. James Recreation Center,HIIT Circuit Fitness,Open House,morning_time,weekday,young_adult_audience,adults_audience,seniors_audience,,,,,
med_attendance,Fitness,Manhattan,Asser Levy Recreation Center,Neon Glow Fittness Challange,Community Based Event,afternoon_time,weekday,general_public_audience,,,,,,,
high_attendance,Fitness,Brooklyn,McCarren Play Center,Tots Easter Egg Hunt,Local Event,afternoon_time,weekday,tot_audience,children_audience,,,,,,
med_attendance,Fitness,Bronx,St. James Recreation Center,Spin for Life,Community Based Event,morning_time,weekday,general_public_audience,,,,,,,
med_attendance,Fitness,Manhattan,Jackie Robinson Recreation Center,Earth Day - Park Walkthrough,Community Based Event,night_time,weekday,general_public_audience,,,,,,,
med_attendance,Fitness,Bronx,St. James Recreation Center,Stretching & Relaxation,Open House,morning_time,weekday,young_adult_audience,adults_audience,seniors_audience,,,,,
med_attendance,Fitness,Bronx,St. James Recreation Center,Hiit Circuit Fitness,Open House,morning_time,weekday,young_adult_audience,adults_audience,seniors_audience,,,,,
med_attendance,Fitness,Bronx,St. James Recreation Center,Spin for Life,Community Based Event,morning_time,weekday,adults_audience,seniors_audience,young_adult_audience,,,,,
med_attendance,Fitness,Manhattan,Pelham Fritz Recreation Center,Harlem Dance: Capoeira,Community Based Event,afternoon_time,weekend,general_public_audience,,,,,,,
med_attendance,Fitness,Bronx,St. James Recreation Center,HIIT Circuit,Open House,morning_time,weekday,young_adult_audience,adults_audience,seniors_audience,,,,,
med_attendance,Fitness,Bronx,St. James Recreation Center,Stretching & Relaxation,Open House,morning_time,weekday,young_adult_audience,adults_audience,seniors_audience,,,,,
med_attendance,Fitness,Manhattan,Pelham Fritz Recreation Center,Harlem Dance: The Loft Practice,Community Based Event,afternoon_time,weekend,general_public_audience,,,,,,,
med_attendance,Fitness,Bronx,St. James Recreation Center,Stretching & Relaxation,Open House,morning_time,weekday,young_adult_audience,adults_audience,teens_audience,seniors_audience,,,,
med_attendance,Fitness,Bronx,St. James Recreation Center,Spin for Life Breast Cancer Awareness Class,Community Based Event,morning_time,weekday,general_public_audience,,,,,,,
med_attendance,Fitness,Bronx,St. James Recreation Center,HIIT Circuit,Open House,morning_time,weekday,adults_audience,young_adult_audience,teens_audience,seniors_audience,,,,
med_attendance,Fitness,Bronx,St. James Recreation Center,Cross-Training Cicruit,Open House,morning_time,weekday,young_adult_audience,adults_audience,seniors_audience,,,,,
high_attendance,Fitness,Manhattan,Recreation Center 54,RecYouth Event,Community Based Event,afternoon_time,weekday,children_audience,teens_audience,,,,,,
med_attendance,Fitness,Bronx,St. James Recreation Center,Spin for Life,Community Based Event,morning_time,weekday,young_adult_audience,adults_audience,seniors_audience,,,,,
med_attendance,Fitness,Bronx,St. James Recreation Center,Stretching & Relaxation,Open House,morning_time,weekday,young_adult_audience,adults_audience,seniors_audience,,,,,
med_attendance,Fitness,Bronx,St. James Recreation Center,HIIT Circuit,Open House,morning_time,weekday,young_adult_audience,adults_audience,seniors_audience,,,,,
med_attendance,Fitness,Bronx,St. James Recreation Center,HIIT Circuit,Open House,morning_time,weekday,young_adult_audience,adults_audience,seniors_audience,,,,,
med_attendance,Fitness,Bronx,St. James Recreation Center,Walk to run,Open House,morning_time,weekday,young_adult_audience,adults_audience,seniors_audience,,,,,
med_attendance,Fitness,Bronx,St. James Recreation Center,Hiit circuit workout,Open House,morning_time,weekday,young_adult_audience,adults_audience,seniors_audience,,,,,
med_attendance,Fitness,Bronx,St. James Recreation Center,Stretching & Relaxation,Open House,morning_time,weekday,young_adult_audience,adults_audience,seniors_audience,,,,,
low_attendance,Fitness,Bronx,St. James Recreation Center,Stretching & Relaxation,Open House,morning_time,weekday,young_adult_audience,seniors_audience,adults_audience,,,,,
med_attendance,Fitness,Bronx,St. James Recreation Center,Walk to Run,Open House,morning_time,weekday,young_adult_audience,adults_audience,seniors_audience,,,,,
med_attendance,Fitness,Bronx,St. James Recreation Center,Stretching & Relaxation,Open House,morning_time,weekday,young_adult_audience,adults_audience,seniors_audience,,,,,
med_attendance,Fitness,Bronx,St. James Recreation Center,Walk to Run,Open House,morning_time,weekday,young_adult_audience,adults_audience,seniors_audience,,,,,
unknown_attendance,Fitness,Bronx,St. James Recreation Center,HIIT circuit workout,Open House,morning_time,weekday,young_adult_audience,adults_audience,seniors_audience,,,,,
med_attendance,Fitness,Bronx,St. James Recreation Center,ZOOM Workout class,Open House,morning_time,weekday,young_adult_audience,adults_audience,seniors_audience,,,,,
med_attendance,Fitness,Bronx,St. James Recreation Center,Outdoor workout,Open House,morning_time,weekday,young_adult_audience,adults_audience,seniors_audience,,,,,
med_attendance,Fitness,Bronx,St. James Recreation Center,HIIT Circuit Workout,Open House,morning_time,weekday,adults_audience,young_adult_audience,seniors_audience,,,,,
med_attendance,Fitness,Bronx,St. James Recreation Center,ZOOM Workout,Open House,morning_time,weekday,adults_audience,young_adult_audience,seniors_audience,,,,,
med_attendance,Fitness,Manhattan,J. Hood Wright Recreation Center,Summer Danceathon,Community Based Event,afternoon_time,weekday,general_public_audience,,,,,,,
med_attendance,Sport,Brooklyn,Sunset Park Recreation Center,Cops & Kids basketball classic,Local Event,afternoon_time,weekday,teens_audience,young_adult_audience,adults_audience,,,,,
high_attendance,Sport,Staten Island,Greenbelt Recreation Center,Bea Victor Senoir Olympics,Tournament/Competition,morning_time,weekday,seniors_audience,,,,,,,
med_attendance,Fitness,Bronx,St. James Recreation Center,Ntional Parks and Recreation Month,Community Based Event,morning_time,weekday,tot_audience,children_audience,young_adult_audience,adults_audience,teens_audience,,,
med_attendance,Fitness,Bronx,St. James Recreation Center,National Parks and Recreation Month,Community Based Event,morning_time,weekday,tot_audience,children_audience,young_adult_audience,adults_audience,teens_audience,,,
med_attendance,Fitness,Bronx,St. James Recreation Center,National Parks and Recreation Month,Community Based Event,morning_time,weekday,children_audience,tot_audience,young_adult_audience,adults_audience,teens_audience,,,
med_attendance,Fitness,Bronx,St. James Recreation Center,National Parks and Recreation Month,Community Based Event,morning_time,weekday,children_audience,tot_audience,young_adult_audience,adults_audience,teens_audience,,,
med_attendance,Fitness,Bronx,St. James Recreation Center,National Parks and Recreation Month,Community Based Event,morning_time,weekday,tot_audience,children_audience,young_adult_audience,adults_audience,teens_audience,,,
med_attendance,Fitness,Bronx,St. James Recreation Center,National Parks and Recreation Month,Community Based Event,morning_time,weekday,tot_audience,children_audience,young_adult_audience,adults_audience,teens_audience,,,
med_attendance,Fitness,Bronx,St. James Recreation Center,National Parks and Recreation Month,Community Based Event,morning_time,weekday,tot_audience,children_audience,young_adult_audience,adults_audience,teens_audience,,,
med_attendance,Sport,Bronx,St. James Recreation Center,Toddler Time Soccer,Community Based Event,morning_time,weekday,tot_audience,,,,,,,
med_attendance,Fitness,Bronx,St. James Recreation Center,National Parks and Recreation Month,Community Based Event,morning_time,weekday,tot_audience,children_audience,young_adult_audience,adults_audience,teens_audience,,,
med_attendance,Fitness,Bronx,St. James Recreation Center,National Parks and Recreation Month,Community Based Event,morning_time,weekday,tot_audience,children_audience,young_adult_audience,adults_audience,teens_audience,,,
med_attendance,Sport,Bronx,St. James Recreation Center,Toddler Time Soccer,Community Based Event,morning_time,weekday,tot_audience,,,,,,,
med_attendance,Fitness,Bronx,St. James Recreation Center,National Parks and Recreation Month,Community Based Event,morning_time,weekday,tot_audience,children_audience,young_adult_audience,adults_audience,teens_audience,,,
med_attendance,Fitness,Bronx,Williamsbridge Oval Recreation Center,Summer Olympics,Community Based Event,afternoon_time,weekday,children_audience,tot_audience,,,,,,
med_attendance,Fitness,Manhattan,Recreation Center 54,Cops VS kids Volleyball Game,Community Based Event,afternoon_time,weekday,children_audience,teens_audience,,,,,,
med_attendance,Fitness,Manhattan,Alfred E. Smith Recreation Center,3-Point Context and & 3 on 3 Tournament,Tournament/Competition,afternoon_time,weekday,general_public_audience,,,,,,,
med_attendance,Fitness,Manhattan,Jackie Robinson Recreation Center,Exhibition Basketball Game,Community Based Event,night_time,weekday,general_public_audience,,,,,,,
high_attendance,Fitness,Manhattan,Pelham Fritz Recreation Center,Love Your Body Fittness Marathon,Community Based Event,night_time,weekend,general_public_audience,,,,,,,
med_attendance,Sport,Manhattan,Jackie Robinson Recreation Center,Exhibition Basketball Game,Community Based Event,morning_time,weekday,general_public_audience,,,,,,,
med_attendance,Sport,Manhattan,Jackie Robinson Recreation Center,Exhibition Basketball Game,Community Based Event,night_time,weekday,adults_audience,young_adult_audience,seniors_audience,,,,,
med_attendance,Fitness,Manhattan,Hamilton Fish Recreation Center,Breast Cancer Awareness Day,Community Based Event,night_time,weekend,general_public_audience,,,,,,,
low_attendance,Fitness,Manhattan,Alfred E. Smith Recreation Center,Breast Cancer Awareness Day,Community Based Event,night_time,weekday,general_public_audience,,,,,,,
med_attendance,Fitness,Manhattan,Highbridge Recreation Center,Senior Fitness Day,Open House,night_time,weekday,seniors_audience,adults_audience,,,,,,
med_attendance,Fitness,Manhattan,J. Hood Wright Recreation Center,Line Dancing for Fun and Fitness,Community Based Event,night_time,weekday,adults_audience,young_adult_audience,seniors_audience,,,,,
med_attendance,Sport,Manhattan,J. Hood Wright Recreation Center,JHW Field Day,Community Based Event,afternoon_time,weekday,children_audience,,,,,,,
med_attendance,Fitness,Manhattan,J. Hood Wright Recreation Center,AC&F NYC Style Mambo,Local Event,night_time,weekend,general_public_audience,,,,,,,
high_attendance,Sport,Manhattan,Alfred E. Smith Recreation Center,Breast Cancer Awareness Day,Community Based Event,night_time,weekday,teens_audience,young_adult_audience,children_audience,adults_audience,seniors_audience,general_public_audience,,
med_attendance,Fitness,Manhattan,J. Hood Wright Recreation Center,Spring Danceathon,Community Based Event,night_time,weekday,adults_audience,young_adult_audience,seniors_audience,,,,,
med_attendance,Fitness,Manhattan,Asser Levy Recreation Center,Neon Glow Fitness Party,Community Based Event,night_time,weekday,young_adult_audience,adults_audience,seniors_audience,general_public_audience,,,,
med_attendance,Fitness,Manhattan,Asser Levy Recreation Center,5 hour-Neon Glow Fitness Challenge,Local Event,afternoon_time,weekday,adults_audience,young_adult_audience,seniors_audience,general_public_audience,,,,
med_attendance,Fitness,Manhattan,Highbridge Recreation Center,Fall Fit Family Day,Local Event,morning_time,weekend,tot_audience,children_audience,young_adult_audience,adults_audience,teens_audience,general_public_audience,seniors_audience,adaptive_audience
med_attendance,Sport,Queens,Lost Battalion Hall Recreation Center,Pickleball,Community Based Event,morning_time,weekend,seniors_audience,adults_audience,,,,,,
med_attendance,Fitness,Manhattan,Chelsea Recreation Center,Dodgeball Championship,Tournament/Competition,night_time,weekday,young_adult_audience,teens_audience,,,,,,
med_attendance,Sport,Manhattan,Chelsea Recreation Center,Volleyball Tryouts for GEVA team,Local Event,morning_time,weekday,general_public_audience,young_adult_audience,teens_audience,,,,,
med_attendance,Sport,Manhattan,Highbridge Recreation Center,Basketball tournament,Tournament/Competition,morning_time,weekday,general_public_audience,,,,,,,
med_attendance,Sport,Manhattan,Alfred E. Smith Recreation Center,Girls GEVA Club Volleyball Try Outs,Tournament/Competition,afternoon_time,weekend,teens_audience,,,,,,,
high_attendance,Fitness,Queens,Al Oerter Recreation Center,Shape Up NYC: Silent Disco,Agency Produced Event,morning_time,weekend,adults_audience,young_adult_audience,,,,,,
med_attendance,Sport,Queens,Al Oerter Recreation Center,Street Hockey Floor Festival,Tournament/Competition,morning_time,weekend,children_audience,,,,,,,
high_attendance,Fitness,Bronx,St. James Recreation Center,May Open House Week,Open House,morning_time,weekday,general_public_audience,,,,,,,
high_attendance,Fitness,Manhattan,Chelsea Recreation Center,Shape Up in the Dark,Agency Produced Event,night_time,weekday,general_public_audience,,,,,,,
med_attendance,Sport,Queens,Al Oerter Recreation Center,Turkey Bowl,Community Based Event,morning_time,weekday,children_audience,adults_audience,young_adult_audience,,,,,
med_attendance,Sport,Manhattan,Highbridge Recreation Center,NYPD vs. Teens,Community Based Event,night_time,weekday,teens_audience,adults_audience,,,,,,
med_attendance,Sport,Manhattan,Highbridge Recreation Center,Loteria y Cafe,Tournament/Competition,morning_time,weekday,adults_audience,seniors_audience,general_public_audience,adaptive_audience,,,,
med_attendance,Fitness,Manhattan,Pelham Fritz Recreation Center,Shape Up NYC Host Site Orientation,Open House,morning_time,weekday,adults_audience,,,,,,,
high_attendance,Fitness,Queens,Lost Battalion Hall Recreation Center,Think-Move-Achieve Resource Expo,Open House,morning_time,weekday,adults_audience,,,,,,,
med_attendance,Fitness,Brooklyn,Fort Hamilton Senior Center,Circuit Training for Seniors,Local Event,morning_time,weekday,seniors_audience,adults_audience,general_public_audience,,,,,
med_attendance,Fitness,Manhattan,Alfred E. Smith Recreation Center,Ultimate Fitness Frenzy,Agency Produced Event,morning_time,weekend,seniors_audience,adults_audience,teens_audience,,,,,
med_attendance,Fitness,Manhattan,Asser Levy Recreation Center,Neon Glow Zumba Fest,Agency Produced Event,night_time,weekday,general_public_audience,seniors_audience,adults_audience,young_adult_audience,,,,
high_attendance,Fitness,Manhattan,Highbridge Recreation Center,Family Wellness Day,Open House,night_time,weekend,general_public_audience,,,,,,,
med_attendance,Fitness,Bronx,St. James Recreation Center,Healthy Heart Spin Off,Open House,morning_time,weekday,young_adult_audience,adults_audience,seniors_audience,general_public_audience,,,,
high_attendance,Sport,Manhattan,Alfred E. Smith Recreation Center,Girls Empowerment Day: Part 1: PS 126 MAT School,Community Based Event,afternoon_time,weekday,children_audience,,,,,,,
med_attendance,Sport,Manhattan,J. Hood Wright Recreation Center,Chess Tournamnet 2019,Tournament/Competition,afternoon_time,weekend,children_audience,adults_audience,young_adult_audience,teens_audience,seniors_audience,,,
high_attendance,Fitness,Manhattan,Alfred E. Smith Recreation Center,Girls Empowerment Day: Part 2: Alfred E. Smith School PS 001,Agency Produced Event,night_time,weekday,children_audience,,,,,,,
med_attendance,Fitness,Bronx,St. James Recreation Center,Recreation Without Limits Open House Week,Open House,morning_time,weekday,adaptive_audience,,,,,,,
med_attendance,Fitness,Manhattan,Highbridge Recreation Center,Flashback Fitness,Agency Produced Event,night_time,weekday,young_adult_audience,teens_audience,adults_audience,,,,,
med_attendance,Sport,Manhattan,Tony Dapolito Recreation Center,Final Four Fridays,Tournament/Competition,afternoon_time,weekday,children_audience,teens_audience,general_public_audience,,,,,
med_attendance,Sport,Manhattan,Highbridge Recreation Center,PEP VS. Teens Basketball Tournament,Tournament/Competition,night_time,weekday,teens_audience,,,,,,,
med_attendance,Fitness,Bronx,St. James Recreation Center,Ultimate Teen Boot Camp Challenge,Tournament/Competition,afternoon_time,weekend,teens_audience,young_adult_audience,,,,,,
high_attendance,Sport,Bronx,St. James Recreation Center,Toddler Time Soccer Event,Community Based Event,morning_time,weekday,tot_audience,,,,,,,
med_attendance,Sport,Queens,Lost Battalion Hall Recreation Center,Sports Day,Community Based Event,morning_time,weekday,children_audience,teens_audience,,,,,,
med_attendance,Fitness,Manhattan,J. Hood Wright Recreation Center,Spring Dance-a-Thon,Agency Produced Event,night_time,weekday,young_adult_audience,adults_audience,seniors_audience,general_public_audience,teens_audience,children_audience,,
med_attendance,Fitness,Manhattan,Alfred E. Smith Recreation Center,Fit Mania,Open House,morning_time,weekend,young_adult_audience,adults_audience,,,,,,
high_attendance,Sport,Queens,Al Oerter Recreation Center,She's On Point,Community Based Event,afternoon_time,weekend,children_audience,teens_audience,general_public_audience,,,,,
med_attendance,Fitness,Manhattan,Highbridge Recreation Center,Family Wellness Day,Open House,morning_time,weekend,general_public_audience,,,,,,,
med_attendance,Sport,Manhattan,Tony Dapolito Recreation Center,Final Four Fridays,Tournament/Competition,afternoon_time,weekday,children_audience,teens_audience,,,,,,
high_attendance,Fitness,Queens,Al Oerter Recreation Center,Silent Disco,Open House,morning_time,weekend,general_public_audience,,,,,,,
med_attendance,Sport,Queens,Al Oerter Recreation Center,Martin Luther King Jr. 3 on 3 Basketball Classic,Tournament/Competition,afternoon_time,weekday,teens_audience,,,,,,,
med_attendance,Sport,Queens,Al Oerter Recreation Center,All Star Basketball,Open House,morning_time,weekday,teens_audience,,,,,,,
med_attendance,Sport,Queens,Al Oerter Recreation Center,Senior 3vs3 Basketball League,Tournament/Competition,morning_time,weekday,seniors_audience,,,,,,,
high_attendance,Sport,Staten Island,Tony Dapolito Recreation Center,City-Wide Allstar Showcase,Tournament/Competition,night_time,weekend,children_audience,teens_audience,,,,,,
high_attendance,Fitness,Queens,Sorrentino Recreation Center,Double Dutch Workshop,Open House,morning_time,weekend,general_public_audience,,,,,,,
med_attendance,Fitness,Manhattan,Highbridge Recreation Center,Family Wellness Day,Open House,morning_time,weekend,children_audience,tot_audience,adults_audience,young_adult_audience,teens_audience,,,
med_attendance,Sport,Manhattan,Recreation Center 54,KEEN Operation Child Safe ID,Community Based Event,afternoon_time,weekend,teens_audience,young_adult_audience,,,,,,
high_attendance,Fitness,Manhattan,Highbridge Recreation Center,Teens Unite,Agency Produced Event,afternoon_time,weekend,teens_audience,,,,,,,
med_attendance,Fitness,Manhattan,Asser Levy Recreation Center,Golden Games,Agency Produced Event,morning_time,weekday,seniors_audience,,,,,,,
med_attendance,Fitness,Manhattan,Tony Dapolito Recreation Center,FIt Fest 2019,Agency Produced Event,night_time,weekday,general_public_audience,,,,,,,
med_attendance,Sport,Manhattan,Tony Dapolito Recreation Center,Final Four Fridays,Tournament/Competition,afternoon_time,weekday,teens_audience,,,,,,,
med_attendance,Sport,Manhattan,Alfred E. Smith Recreation Center,Serve and Spike Volleyball Tournament,Tournament/Competition,morning_time,weekend,young_adult_audience,adults_audience,,,,,,
med_attendance,Sport,Manhattan,Alfred E. Smith Recreation Center,Alfred E. Smith 2019 Badminton Doubles Tournament,Tournament/Competition,night_time,weekday,adults_audience,,,,,,,
high_attendance,Fitness,Manhattan,Chelsea Recreation Center,National Senior Health Fitness Day,Agency Produced Event,morning_time,weekday,seniors_audience,,,,,,,
med_attendance,Fitness,Manhattan,Highbridge Recreation Center,Teen Fitness Day,Agency Produced Event,morning_time,weekend,teens_audience,,,,,,,
med_attendance,Fitness,Manhattan,Asser Levy Recreation Center,Health And Wellness Fitness Expo,Community Based Event,morning_time,weekday,young_adult_audience,adults_audience,seniors_audience,,,,,
med_attendance,Sport,Manhattan,Alfred E. Smith Recreation Center,Battle of the Paddles Special Event,Tournament/Competition,night_time,weekday,adults_audience,seniors_audience,young_adult_audience,,,,,
med_attendance,Sport,Manhattan,Jackie Robinson Recreation Center,Basketball tournament,Tournament/Competition,night_time,weekend,teens_audience,,,,,,,
high_attendance,Sport,Brooklyn,McCarren Play Center,March Madness,Local Event,afternoon_time,weekday,tot_audience,,,,,,,
high_attendance,Sport,Staten Island,Tony Dapolito Recreation Center,City-Wide Allstar Showcase,Tournament/Competition,morning_time,weekend,children_audience,teens_audience,,,,,,
med_attendance,Fitness,Manhattan,Alfred E. Smith Recreation Center,Event New Year Ultimate Fitness Frenzy,Local Event,morning_time,weekend,teens_audience,young_adult_audience,adults_audience,seniors_audience,,,,
high_attendance,Sport,Manhattan,Alfred E. Smith Recreation Center,Event National Women & Girls Sports Day,Community Based Event,morning_time,weekday,tot_audience,children_audience,,,,,,
high_attendance,Fitness,Manhattan,Tony Dapolito Recreation Center,Family Fun Fit Fusion,Community Based Event,night_time,weekday,tot_audience,children_audience,young_adult_audience,adults_audience,teens_audience,adaptive_audience,seniors_audience,general_public_audience
med_attendance,Fitness,Staten Island,P.S 18,She's On Point,Community Based Event,night_time,weekday,children_audience,teens_audience,,,,,,
med_attendance,Sport,Manhattan,Tony Dapolito Recreation Center,Cops VS teens,Tournament/Competition,night_time,weekday,teens_audience,adults_audience,young_adult_audience,,,,,
unknown_attendance,Sport,Manhattan,Chelsea Recreation Center,Chelsea Rec Back to School Bonanza,Community Based Event,night_time,weekday,children_audience,,,,,,,
med_attendance,Sport,Manhattan,Alfred E. Smith Recreation Center,King of the Court Volleyball Tournament,Tournament/Competition,night_time,weekend,young_adult_audience,teens_audience,,,,,,
med_attendance,Sport,Manhattan,Chelsea Recreation Center,Cops VS Kids Basketball,Local Event,night_time,weekday,children_audience,,,,,,,
high_attendance,Fitness,Manhattan,St. Nicholas Park,Skate Night,Community Based Event,night_time,weekday,general_public_audience,,,,,,,
med_attendance,Sport,Queens,Al Oerter Recreation Center,Street Hockey Floor Festival,Tournament/Competition,afternoon_time,weekend,children_audience,,,,,,,
med_attendance,Sport,Queens,Roy Wilkins,NYC Parks Pickleball Tournament,Tournament/Competition,afternoon_time,weekend,young_adult_audience,adults_audience,seniors_audience,,,,,
high_attendance,Sport,Queens,Long Island City YMCA,DOE CED Distirct 30 Healthy Kids Day,Community Based Event,night_time,weekend,children_audience,teens_audience,,,,,,
med_attendance,Sport,Manhattan,Alfred E. Smith Recreation Center,Serve and Spike Volleyball Tournament,Tournament/Competition,afternoon_time,weekend,young_adult_audience,adults_audience,,,,,,
med_attendance,Sport,Manhattan,Recreation Center 54,Pre-Father's Day Family Clinic and Corrections Dad's Game,Tournament/Competition,afternoon_time,weekend,children_audience,general_public_audience,,,,,,
med_attendance,Sport,Manhattan,Recreation Center 54,3 VS 3 Intergenerational Father's Basketball tournament,Tournament/Competition,afternoon_time,weekday,young_adult_audience,adults_audience,seniors_audience,,,,,
high_attendance,Sport,Manhattan,Stanley Isaacs Playground,Skate Night,Community Based Event,night_time,weekday,general_public_audience,,,,,,,
med_attendance,Fitness,Staten Island,Franklin D. Roosevelt Boardwalk and Beach,Twilight Run,Community Based Event,night_time,weekday,general_public_audience,,,,,,,
med_attendance,Sport,Manhattan,Tony Dapolito Recreation Center,Learn To Play Basket Ball,Community Based Event,afternoon_time,weekend,tot_audience,children_audience,general_public_audience,,,,,
unknown_attendance,Fitness,Staten Island,Franklin D. Roosevelt Boardwalk and Beach,Twilight Run,Community Based Event,night_time,weekday,general_public_audience,,,,,,,
unknown_attendance,Fitness,Staten Island,Franklin D. Roosevelt Boardwalk and Beach,Twilight Run,Community Based Event,night_time,weekday,general_public_audience,,,,,,,
med_attendance,Sport,Manhattan,West 4th Park,Greenwich Handball Tournament,Tournament/Competition,afternoon_time,weekend,young_adult_audience,adults_audience,teens_audience,,,,,
med_attendance,Fitness,Manhattan,Matthew P. Sapolin Playground,Learn to Ride,Community Based Event,afternoon_time,weekend,general_public_audience,young_adult_audience,children_audience,tot_audience,teens_audience,,,
high_attendance,Fitness,Brooklyn,Betsy Head Park,Fall Feild Day,Local Event,afternoon_time,weekday,children_audience,,,,,,,
high_attendance,Sport,Bronx,Owen Dolen Recreation Center,Citywide Flag Football Championship,Tournament/Competition,afternoon_time,weekend,teens_audience,children_audience,,,,,,
med_attendance,Sport,Manhattan,Tony Dapolito Recreation Center,Learn to play Pickleball,Community Based Event,afternoon_time,weekend,teens_audience,seniors_audience,adults_audience,young_adult_audience,children_audience,tot_audience,,
high_attendance,Sport,Staten Island,Macombs Dam Park,Citywide Flag Football Championship,Tournament/Competition,afternoon_time,weekend,tot_audience,teens_audience,,,,,,
high_attendance,Fitness,Manhattan,Marcus Garvey Park,Iron Kid,Tournament/Competition,afternoon_time,weekday,children_audience,,,,,,,
high_attendance,Fitness,Manhattan,Washington Square Park,Dance Away the Night Series: Strictly Tango Nights,Community Based Event,night_time,weekday,adults_audience,seniors_audience,,,,,,
med_attendance,Sport,Manhattan,Jackie Robinson Recreation Center,FDNY hands on training,Local Event,afternoon_time,weekday,young_adult_audience,teens_audience,adults_audience,,,,,
unknown_attendance,Sport,Brooklyn,Red Hook Recreation Center,MLK  I Have a Dream  All Star Basketball Game,Tournament/Competition,night_time,weekend,teens_audience,young_adult_audience,,,,,,
med_attendance,Sport,Manhattan,Jackie Robinson Recreation Center,Track & Field trip to Icahn Stadium,Local Event,night_time,weekend,children_audience,,,,,,,
high_attendance,Fitness,Manhattan,Jackie Robinson Recreation Center,Open House- Aerobics expo,Open House,afternoon_time,weekday,teens_audience,young_adult_audience,adults_audience,seniors_audience,,,,
med_attendance,Sport,Manhattan,Jackie Robinson Recreation Center,Video game tournament,Tournament/Competition,night_time,weekday,children_audience,teens_audience,,,,,,
med_attendance,Fitness,Bronx,St. James Recreation Center,Orchard Beach Grand Opening,Local Event,afternoon_time,weekday,adults_audience,seniors_audience,,,,,,
med_attendance,Fitness,Manhattan,Asser Levy Recreation Center,Neon Glow Fittness Challange,Community Based Event,night_time,weekday,general_public_audience,,,,,,,
high_attendance,Fitness,Brooklyn,McCarren Play Center,Tots Easter Egg Hunt,Local Event,afternoon_time,weekday,tot_audience,children_audience,,,,,,
med_attendance,Fitness,Manhattan,Jackie Robinson Recreation Center,Earth Day - Park Walkthrough,Community Based Event,morning_time,weekday,general_public_audience,,,,,,,
unknown_attendance,Fitness,Manhattan,Thomas Jefferson Park,Street Games,Community Based Event,afternoon_time,weekend,general_public_audience,,,,,,,
med_attendance,Fitness,Manhattan,Pelham Fritz Recreation Center,Harlem Dance: Capoeira,Community Based Event,night_time,weekend,general_public_audience,,,,,,,
med_attendance,Fitness,Manhattan,J. Hood Wright Park,Line Dance for Fittness and Fun,Community Based Event,night_time,weekday,general_public_audience,,,,,,,
med_attendance,Fitness,Manhattan,Pelham Fritz Recreation Center,Harlem Dance: The Loft Practice,Community Based Event,night_time,weekend,general_public_audience,,,,,,,
high_attendance,Fitness,Manhattan,Recreation Center 54,RecYouth Event,Community Based Event,night_time,weekday,children_audience,teens_audience,,,,,,
med_attendance,Sport,Manhattan,Highbridge Park,unknown_name,Community Based Event,night_time,weekend,teens_audience,,,,,,,
med_attendance,Fitness,Manhattan,J. Hood Wright Recreation Center,Summer Danceathon,Community Based Event,night_time,weekday,general_public_audience,,,,,,,
high_attendance,Fitness,Manhattan,Asser Levy Playground,unknown_name,Community Based Event,night_time,weekend,general_public_audience,,,,,,,
med_attendance,Sport,Brooklyn,Sunset Park Recreation Center,Cops & Kids basketball classic,Local Event,afternoon_time,weekday,teens_audience,young_adult_audience,adults_audience,,,,,
high_attendance,Sport,Staten Island,Greenbelt Recreation Center,Bea Victor Senoir Olympics,Tournament/Competition,afternoon_time,weekday,seniors_audience,,,,,,,
med_attendance,Fitness,Manhattan,Recreation Center 54,Cops VS kids Volleyball Game,Community Based Event,night_time,weekday,children_audience,teens_audience,,,,,,
med_attendance,Fitness,Manhattan,Alfred E. Smith Recreation Center,3-Point Context and & 3 on 3 Tournament,Tournament/Competition,night_time,weekday,general_public_audience,,,,,,,
med_attendance,Fitness,Manhattan,Jackie Robinson Recreation Center,Exhibition Basketball Game,Community Based Event,night_time,weekend,general_public_audience,,,,,,,
high_attendance,Fitness,Manhattan,Pelham Fritz Recreation Center,Love Your Body Fittness Marathon,Community Based Event,morning_time,weekend,general_public_audience,,,,,,,
med_attendance,Sport,Manhattan,Jackie Robinson Recreation Center,Exhibition Basketball Game,Community Based Event,afternoon_time,weekday,general_public_audience,,,,,,,
med_attendance,Sport,Manhattan,Jackie Robinson Recreation Center,Exhibition Basketball Game,Community Based Event,night_time,weekday,adults_audience,young_adult_audience,seniors_audience,,,,,
high_attendance,Fitness,Manhattan,Washington Square Park,Strictly Tango,Community Based Event,night_time,weekday,general_public_audience,,,,,,,
high_attendance,Fitness,Manhattan,Washington Square Park,Dance Away the Night: Strictly Tango,Community Based Event,night_time,weekday,general_public_audience,,,,,,,
high_attendance,Fitness,Manhattan,Thomas Jefferson Park,Jefferson Track Day,Community Based Event,afternoon_time,weekend,general_public_audience,,,,,,,
med_attendance,Sport,Manhattan,Thomas Jefferson Park,Teen Fitness Gauntlet,Tournament/Competition,night_time,weekday,teens_audience,,,,,,,
med_attendance,Fitness,Manhattan,J. Hood Wright Recreation Center,Line Dancing for Fun and Fitness,Community Based Event,night_time,weekday,adults_audience,young_adult_audience,seniors_audience,,,,,
med_attendance,Sport,Manhattan,J. Hood Wright Recreation Center,JHW Field Day,Community Based Event,night_time,weekday,children_audience,,,,,,,
med_attendance,Fitness,Manhattan,J. Hood Wright Recreation Center,AC&F NYC Style Mambo,Local Event,night_time,weekend,general_public_audience,,,,,,,
high_attendance,Sport,Manhattan,Alfred E. Smith Recreation Center,Breast Cancer Awareness Day,Community Based Event,night_time,weekday,teens_audience,young_adult_audience,children_audience,adults_audience,seniors_audience,general_public_audience,,
med_attendance,Fitness,Manhattan,J. Hood Wright Recreation Center,Spring Danceathon,Community Based Event,night_time,weekday,adults_audience,young_adult_audience,seniors_audience,,,,,
med_attendance,Fitness,Manhattan,Asser Levy Recreation Center,Neon Glow Fitness Party,Community Based Event,night_time,weekday,young_adult_audience,adults_audience,seniors_audience,general_public_audience,,,,
med_attendance,Fitness,Manhattan,Asser Levy Recreation Center,5 hour-Neon Glow Fitness Challenge,Local Event,night_time,weekday,adults_audience,young_adult_audience,seniors_audience,general_public_audience,,,,
med_attendance,Fitness,Manhattan,Highbridge Recreation Center,Fall Fit Family Day,Local Event,afternoon_time,weekend,tot_audience,children_audience,young_adult_audience,adults_audience,teens_audience,general_public_audience,seniors_audience,adaptive_audience
high_attendance,Sport,Manhattan,Hamilton Fish Recreation Center,2018 Cops & Kis March Madness,Community Based Event,afternoon_time,weekend,general_public_audience,teens_audience,adults_audience,young_adult_audience,children_audience,,,
med_attendance,Sport,Queens,Lost Battalion Hall Recreation Center,Pickleball,Community Based Event,afternoon_time,weekend,seniors_audience,adults_audience,,,,,,
high_attendance,Fitness,Manhattan,Anne Loftus Playground,Summer Festival,Community Based Event,afternoon_time,weekday,children_audience,,,,,,,
med_attendance,Fitness,Manhattan,Chelsea Recreation Center,Dodgeball Championship,Tournament/Competition,night_time,weekday,young_adult_audience,teens_audience,,,,,,
med_attendance,Sport,Manhattan,Chelsea Recreation Center,Volleyball Tryouts for GEVA team,Local Event,afternoon_time,weekday,general_public_audience,young_adult_audience,teens_audience,,,,,
high_attendance,Sport,Manhattan,Robert Moses Playground,International Pickleball Festival,Community Based Event,afternoon_time,weekend,general_public_audience,,,,,,,
med_attendance,Sport,Manhattan,Highbridge Recreation Center,Basketball tournament,Tournament/Competition,afternoon_time,weekday,general_public_audience,,,,,,,
high_attendance,Sport,Queens,Beach 32nd Street,Girl's Flag Football Invitational,Community Based Event,afternoon_time,weekday,teens_audience,children_audience,,,,,,
med_attendance,Sport,Manhattan,Alfred E. Smith Recreation Center,Girls GEVA Club Volleyball Try Outs,Tournament/Competition,night_time,weekend,teens_audience,,,,,,,
high_attendance,Fitness,Queens,Al Oerter Recreation Center,Shape Up NYC: Silent Disco,Agency Produced Event,afternoon_time,weekend,adults_audience,young_adult_audience,,,,,,
high_attendance,Fitness,Manhattan,Chelsea Recreation Center,Shape Up in the Dark,Agency Produced Event,night_time,weekday,general_public_audience,,,,,,,
med_attendance,Sport,Queens,Al Oerter Recreation Center,Turkey Bowl,Community Based Event,afternoon_time,weekday,children_audience,adults_audience,young_adult_audience,,,,,
med_attendance,Sport,Manhattan,Highbridge Recreation Center,NYPD vs. Teens,Community Based Event,night_time,weekday,teens_audience,adults_audience,,,,,,
med_attendance,Sport,Manhattan,Highbridge Recreation Center,Loteria y Cafe,Tournament/Competition,afternoon_time,weekday,adults_audience,seniors_audience,general_public_audience,adaptive_audience,,,,
med_attendance,Fitness,Manhattan,Pelham Fritz Recreation Center,Shape Up NYC Host Site Orientation,Open House,afternoon_time,weekday,adults_audience,,,,,,,
high_attendance,Fitness,Queens,Lost Battalion Hall Recreation Center,Think-Move-Achieve Resource Expo,Open House,afternoon_time,weekday,adults_audience,,,,,,,
med_attendance,Fitness,Brooklyn,Fort Hamilton Senior Center,Circuit Training for Seniors,Local Event,afternoon_time,weekday,seniors_audience,adults_audience,general_public_audience,,,,,
med_attendance,Fitness,Manhattan,Alfred E. Smith Recreation Center,Ultimate Fitness Frenzy,Agency Produced Event,afternoon_time,weekend,seniors_audience,adults_audience,teens_audience,,,,,
med_attendance,Fitness,Manhattan,Asser Levy Recreation Center,Neon Glow Zumba Fest,Agency Produced Event,night_time,weekday,general_public_audience,seniors_audience,adults_audience,young_adult_audience,,,,
med_attendance,Fitness,Manhattan,Highbridge Recreation Center,Senior Fitness Day,Open House,morning_time,weekday,seniors_audience,adults_audience,,,,,,
high_attendance,Fitness,Manhattan,Highbridge Recreation Center,Family Wellness Day,Open House,morning_time,weekend,general_public_audience,,,,,,,
med_attendance,Fitness,Bronx,St. James Recreation Center,Healthy Heart Spin Off,Open House,afternoon_time,weekday,young_adult_audience,adults_audience,seniors_audience,general_public_audience,,,,
high_attendance,Sport,Manhattan,Alfred E. Smith Recreation Center,Girls Empowerment Day: Part 1: PS 126 MAT School,Community Based Event,night_time,weekday,children_audience,,,,,,,
med_attendance,Sport,Manhattan,J. Hood Wright Recreation Center,Chess Tournamnet 2019,Tournament/Competition,night_time,weekend,children_audience,adults_audience,young_adult_audience,teens_audience,seniors_audience,,,
high_attendance,Fitness,Manhattan,Alfred E. Smith Recreation Center,Girls Empowerment Day: Part 2: Alfred E. Smith School PS 001,Agency Produced Event,morning_time,weekday,children_audience,,,,,,,
med_attendance,Fitness,Bronx,St. James Recreation Center,Recreation Without Limits Open House Week,Open House,afternoon_time,weekday,adaptive_audience,,,,,,,
high_attendance,Sport,Manhattan,Basketball City,March Madness: Cops & Kids Baksetball,Tournament/Competition,afternoon_time,weekend,children_audience,teens_audience,general_public_audience,,,,,
med_attendance,Fitness,Manhattan,Highbridge Recreation Center,Flashback Fitness,Agency Produced Event,night_time,weekday,young_adult_audience,teens_audience,adults_audience,,,,,
med_attendance,Sport,Manhattan,Tony Dapolito Recreation Center,Final Four Fridays,Tournament/Competition,night_time,weekday,children_audience,teens_audience,general_public_audience,,,,,
med_attendance,Sport,Manhattan,Highbridge Recreation Center,PEP VS. Teens Basketball Tournament,Tournament/Competition,night_time,weekday,teens_audience,,,,,,,
med_attendance,Fitness,Bronx,St. James Recreation Center,Ultimate Teen Boot Camp Challenge,Tournament/Competition,afternoon_time,weekend,teens_audience,young_adult_audience,,,,,,
high_attendance,Fitness,Bronx,St. James Recreation Center,May Open House Week,Open House,afternoon_time,weekday,general_public_audience,,,,,,,
high_attendance,Sport,Bronx,St. James Recreation Center,Toddler Time Soccer Event,Community Based Event,afternoon_time,weekday,tot_audience,,,,,,,
med_attendance,Sport,Queens,Lost Battalion Hall Recreation Center,Sports Day,Community Based Event,afternoon_time,weekday,children_audience,teens_audience,,,,,,
med_attendance,Sport,Queens,Al Oerter Soccer field 8,Sports Day,Community Based Event,morning_time,weekday,children_audience,teens_audience,,,,,,
med_attendance,Fitness,Manhattan,J. Hood Wright Recreation Center,Spring Dance-a-Thon,Agency Produced Event,night_time,weekday,young_adult_audience,adults_audience,seniors_audience,general_public_audience,teens_audience,children_audience,,
med_attendance,Fitness,Manhattan,Alfred E. Smith Recreation Center,Fit Mania,Open House,afternoon_time,weekend,young_adult_audience,adults_audience,,,,,,
high_attendance,Sport,Queens,Al Oerter Recreation Center,She's On Point,Community Based Event,afternoon_time,weekend,children_audience,teens_audience,general_public_audience,,,,,
med_attendance,Fitness,Manhattan,Highbridge Recreation Center,Family Wellness Day,Open House,afternoon_time,weekend,general_public_audience,,,,,,,
med_attendance,Sport,Manhattan,Tony Dapolito Recreation Center,Final Four Fridays,Tournament/Competition,night_time,weekday,children_audience,teens_audience,,,,,,
high_attendance,Fitness,Queens,Al Oerter Recreation Center,Silent Disco,Open House,afternoon_time,weekend,general_public_audience,,,,,,,
med_attendance,Sport,Queens,Al Oerter Recreation Center,Martin Luther King Jr. 3 on 3 Basketball Classic,Tournament/Competition,night_time,weekday,teens_audience,,,,,,,
med_attendance,Sport,Queens,Al Oerter Recreation Center,All Star Basketball,Open House,afternoon_time,weekday,teens_audience,,,,,,,
med_attendance,Sport,Queens,Al Oerter Recreation Center,Senior 3vs3 Basketball League,Tournament/Competition,afternoon_time,weekday,seniors_audience,,,,,,,
high_attendance,Fitness,Queens,Sorrentino Recreation Center,Double Dutch Workshop,Open House,afternoon_time,weekend,general_public_audience,,,,,,,
low_attendance,Fitness,Queens,Springfield Park,Learn to Ride,Open House,afternoon_time,weekend,children_audience,teens_audience,young_adult_audience,,,,,
med_attendance,Sport,Staten Island,Freshkills Park,Freshkills Kayak Tour,Local Event,afternoon_time,weekend,general_public_audience,,,,,,,
med_attendance,Fitness,Manhattan,Highbridge Recreation Center,Family Wellness Day,Open House,afternoon_time,weekend,children_audience,tot_audience,adults_audience,young_adult_audience,teens_audience,,,
med_attendance,Sport,Manhattan,Recreation Center 54,KEEN Operation Child Safe ID,Community Based Event,night_time,weekend,teens_audience,young_adult_audience,,,,,,
med_attendance,Fitness,Queens,Horace Harding Playground,Learn to Ride,Open House,afternoon_time,weekend,teens_audience,children_audience,,,,,,
high_attendance,Fitness,Manhattan,Highbridge Recreation Center,Teens Unite,Agency Produced Event,afternoon_time,weekend,teens_audience,,,,,,,
med_attendance,Fitness,Manhattan,Asser Levy Recreation Center,Golden Games,Agency Produced Event,afternoon_time,weekday,seniors_audience,,,,,,,
med_attendance,Fitness,Manhattan,Tony Dapolito Recreation Center,FIt Fest 2019,Agency Produced Event,night_time,weekday,general_public_audience,,,,,,,
med_attendance,Sport,Manhattan,Tony Dapolito Recreation Center,Final Four Fridays,Tournament/Competition,night_time,weekday,teens_audience,,,,,,,
med_attendance,Sport,Manhattan,Alfred E. Smith Recreation Center,Alfred E. Smith 2019 Badminton Doubles Tournament,Tournament/Competition,night_time,weekday,adults_audience,,,,,,,
high_attendance,Fitness,Manhattan,Chelsea Recreation Center,National Senior Health Fitness Day,Agency Produced Event,morning_time,weekday,seniors_audience,,,,,,,
med_attendance,Fitness,Manhattan,Highbridge Recreation Center,Teen Fitness Day,Agency Produced Event,afternoon_time,weekend,teens_audience,,,,,,,
med_attendance,Fitness,Manhattan,Asser Levy Recreation Center,Health And Wellness Fitness Expo,Community Based Event,afternoon_time,weekday,young_adult_audience,adults_audience,seniors_audience,,,,,
high_attendance,Fitness,Manhattan,Pelham Fritz Recreation Center,"Live, Laugh, Love Fitness Expo",Agency Produced Event,afternoon_time,weekend,general_public_audience,adults_audience,young_adult_audience,seniors_audience,,,,
med_attendance,Fitness,Manhattan,John Jay Park,Learn to Ride,Community Based Event,afternoon_time,weekday,children_audience,young_adult_audience,teens_audience,,,,,
med_attendance,Fitness,Manhattan,Thomas Jefferson Recreation Center,Teen Fitness Challenge,Agency Produced Event,night_time,weekday,teens_audience,,,,,,,
low_attendance,Sport,Manhattan,Gertrude Ederle Recreation Center,Senior Game Night,Agency Produced Event,night_time,weekday,seniors_audience,,,,,,,
med_attendance,Sport,Queens,Grover Cleveland Park,Learn to Ride,Community Based Event,afternoon_time,weekend,children_audience,teens_audience,,,,,,
med_attendance,Sport,Manhattan,Pelham Fritz Recreation Center,Sports Spectacular,Agency Produced Event,afternoon_time,weekend,general_public_audience,,,,,,,
med_attendance,Sport,Manhattan,Chelsea Recreation Center,She Got Game,Agency Produced Event,afternoon_time,weekend,adults_audience,teens_audience,seniors_audience,general_public_audience,,,,
high_attendance,Fitness,Manhattan,Hansborough Recreation Center,Shape-Up: Silent Disco,Agency Produced Event,night_time,weekday,general_public_audience,,,,,,,
med_attendance,Sport,Queens,Arverne Playground,Learn to Ride,Community Based Event,afternoon_time,weekend,children_audience,teens_audience,,,,,,
med_attendance,Sport,Manhattan,Thomas Jefferson Recreation Center,Table Tennis Challenge,Tournament/Competition,night_time,weekend,general_public_audience,,,,,,,
high_attendance,Sport,Queens,Flushing Meadows Corona Park Pool & Rink,High Point 3,Tournament/Competition,afternoon_time,weekend,children_audience,general_public_audience,,,,,,
high_attendance,Sport,Queens,Flushing Meadows Corona Park Pool & Rink,High Point  2,Tournament/Competition,afternoon_time,weekend,children_audience,general_public_audience,,,,,,
high_attendance,Sport,Queens,Flushing Meadows Corona Park Pool & Rink,High Point 1,Tournament/Competition,afternoon_time,weekend,children_audience,general_public_audience,,,,,,
high_attendance,Sport,Queens,Flushing Meadows Corona Park Pool & Rink,Masters Meet,Tournament/Competition,afternoon_time,weekend,young_adult_audience,adults_audience,seniors_audience,,,,,
high_attendance,Sport,Queens,Flushing Meadows Corona Park Pool & Rink,Borough Cup Championship,Tournament/Competition,afternoon_time,weekend,children_audience,general_public_audience,,,,,,
high_attendance,Sport,Brooklyn,Brownsville Recreation Center,Senior Games,Tournament/Competition,afternoon_time,weekday,seniors_audience,,,,,,,
high_attendance,Sport,Bronx,St. Mary's Recreation Center,Senior Swim Olympics,Tournament/Competition,afternoon_time,weekday,seniors_audience,,,,,,,
med_attendance,Fitness,Manhattan,J. Hood Wright Recreation Center,Sounds of Disco,Local Event,night_time,weekday,tot_audience,adults_audience,teens_audience,children_audience,young_adult_audience,adaptive_audience,seniors_audience,general_public_audience
med_attendance,Sport,Manhattan,J. Hood Wright Recreation Center,Father's Day Game Night,Local Event,night_time,weekday,young_adult_audience,adults_audience,seniors_audience,,,,,
high_attendance,Sport,Queens,Roy Wilkins Park,Queens Recreation Pickleball Tournament,Tournament/Competition,afternoon_time,weekend,seniors_audience,adults_audience,,,,,,
high_attendance,Fitness,Manhattan,J. Hood Wright Recreation Center,Latin Dance Night,Local Event,night_time,weekday,children_audience,young_adult_audience,adults_audience,teens_audience,seniors_audience,general_public_audience,tot_audience,
high_attendance,Fitness,Manhattan,Gertrude Ederle Recreation Center,Find the SHE-Ro in You,Agency Produced Event,afternoon_time,weekend,children_audience,young_adult_audience,adults_audience,teens_audience,general_public_audience,,,
high_attendance,Fitness,Bronx,St. James Recreation Center,National Parks and Recreation Open House Month,Open House,afternoon_time,weekday,tot_audience,children_audience,young_adult_audience,adults_audience,teens_audience,adaptive_audience,seniors_audience,general_public_audience
high_attendance,Sport,Brooklyn,Shore Park and Parkway,Community Skate,Community Based Event,afternoon_time,weekend,general_public_audience,,,,,,,
high_attendance,Fitness,Manhattan,Hansborough Recreation Center,She's on Point,Agency Produced Event,afternoon_time,weekend,children_audience,young_adult_audience,teens_audience,general_public_audience,,,,
high_attendance,Fitness,Bronx,St. James Recreation Center,Jump In To Fall Open House Week,Open House,afternoon_time,weekday,young_adult_audience,adults_audience,children_audience,teens_audience,seniors_audience,adaptive_audience,general_public_audience,
med_attendance,Sport,Manhattan,Recreation Center 54,Father's Day Intergenerational Basketball Game,Tournament/Competition,afternoon_time,weekday,young_adult_audience,adults_audience,teens_audience,adaptive_audience,seniors_audience,general_public_audience,,
med_attendance,Fitness,Manhattan,Chelsea Recreation Center,Senior Social,Agency Produced Event,afternoon_time,weekday,seniors_audience,,,,,,,
med_attendance,Fitness,Manhattan,Chelsea Recreation Center,Family Fit Soca Dance,Community Based Event,afternoon_time,weekend,adults_audience,young_adult_audience,seniors_audience,general_public_audience,,,,
high_attendance,Sport,Manhattan,Central Park,Adventures NYC,Agency Produced Event,afternoon_time,weekend,children_audience,young_adult_audience,adults_audience,teens_audience,,,,
med_attendance,Fitness,Manhattan,Tony Dapolito Recreation Center,NYC Parks Pride Ride 2019,Agency Produced Event,night_time,weekday,young_adult_audience,adults_audience,general_public_audience,,,,,
high_attendance,Fitness,Queens,Lost Battalion Hall Recreation Center,Lost Battalion Hall Weightlifting Classic,Local Event,afternoon_time,weekend,general_public_audience,,,,,,,
med_attendance,Sport,Queens,Annadale,Learn to Ride,Community Based Event,afternoon_time,weekend,children_audience,,,,,,,
low_attendance,Fitness,Bronx,Mapes,Cool Pools - Shape Up NYC,Community Based Event,afternoon_time,weekday,adults_audience,teens_audience,,,,,,
unknown_attendance,Fitness,Bronx,Claremont,Shape Up NYC Cool Pool,Community Based Event,afternoon_time,weekday,adults_audience,teens_audience,,,,,,
unknown_attendance,Fitness,Manhattan,Wagner,Shape Up NYC Cool Pool,Community Based Event,night_time,weekday,adults_audience,,,,,,,
med_attendance,Sport,Queens,Detective Keith L Williams Park,Summer Sports Experience Sports Clinic: Soccer/ Flag Football,Community Based Event,afternoon_time,weekday,children_audience,teens_audience,,,,,,
med_attendance,Sport,Queens,Mafera Playground,Summer Sports Experience Clinic: Basketball,Community Based Event,afternoon_time,weekday,children_audience,teens_audience,,,,,,
low_attendance,Fitness,Manhattan,Dry Dock,Body Conditioning,Agency Produced Event,night_time,weekend,adults_audience,seniors_audience,,,,,,
low_attendance,Fitness,Bronx,Mapes,Zumba w/GiGi,Agency Produced Event,afternoon_time,weekday,adults_audience,seniors_audience,,,,,,
med_attendance,Fitness,Queens,Fisher Pool,Dance Fitness,Agency Produced Event,night_time,weekend,adults_audience,seniors_audience,,,,,,
med_attendance,Fitness,Manhattan,Sheltering Arms,Zumba w/GiGi,Agency Produced Event,afternoon_time,weekday,seniors_audience,adults_audience,,,,,,
low_attendance,Fitness,Bronx,Claremont,Poolside Yoga,Agency Produced Event,afternoon_time,weekday,adults_audience,seniors_audience,,,,,,
unknown_attendance,Fitness,Queens,Fisher Pool,Zumba,Agency Produced Event,afternoon_time,weekday,adults_audience,seniors_audience,,,,,,
low_attendance,Fitness,Manhattan,Wagner,Bootcamp,Agency Produced Event,night_time,weekday,adults_audience,seniors_audience,,,,,,
med_attendance,Fitness,Staten Island,Tottenville,Yoga,Agency Produced Event,night_time,weekday,adults_audience,seniors_audience,,,,,,
med_attendance,Fitness,Bronx,Mapes,Line Dancing,Agency Produced Event,night_time,weekday,adults_audience,seniors_audience,,,,,,
med_attendance,Fitness,Manhattan,Sheltering Arms,Zumba w/GiGi,Agency Produced Event,morning_time,weekday,adults_audience,seniors_audience,,,,,,
low_attendance,Fitness,Bronx,Mapes,Yoga,Agency Produced Event,afternoon_time,weekday,adults_audience,seniors_audience,,,,,,
low_attendance,Fitness,Staten Island,Tottenville,Yoga,Agency Produced Event,night_time,weekday,adults_audience,seniors_audience,,,,,,
med_attendance,Fitness,Bronx,Mapes,Line Dancing,Agency Produced Event,night_time,weekday,adults_audience,seniors_audience,,,,,,
med_attendance,Fitness,Manhattan,Sheltering Arms,Zumba,Agency Produced Event,night_time,weekday,adults_audience,seniors_audience,,,,,,
low_attendance,Fitness,Manhattan,Dry Dock,Body Conditioning,Agency Produced Event,afternoon_time,weekday,adults_audience,seniors_audience,,,,,,
med_attendance,Fitness,Bronx,Mapes,Zumba W/GIGI,Agency Produced Event,night_time,weekday,adults_audience,seniors_audience,,,,,,
unknown_attendance,Fitness,Bronx,Claremont,Yoga,Agency Produced Event,afternoon_time,weekday,adults_audience,seniors_audience,,,,,,
unknown_attendance,Fitness,Bronx,Mapes,Yoga,Agency Produced Event,afternoon_time,weekday,adults_audience,seniors_audience,,,,,,
med_attendance,Fitness,Manhattan,Dry Dock,Body Conditioning,Agency Produced Event,night_time,weekday,adults_audience,seniors_audience,,,,,,
unknown_attendance,Fitness,Manhattan,Wagner,Bootcamp,Agency Produced Event,night_time,weekend,adults_audience,seniors_audience,,,,,,
med_attendance,Fitness,Bronx,Mapes,Line Dancing,Agency Produced Event,night_time,weekend,adults_audience,seniors_audience,,,,,,
med_attendance,Fitness,Manhattan,J. Hood Wright Recreation Center,Summer Dance Night,Agency Produced Event,night_time,weekday,adults_audience,children_audience,seniors_audience,,,,,
med_attendance,Fitness,Bronx,Mapes,Zumba w/GiGi,Agency Produced Event,night_time,weekday,adults_audience,seniors_audience,,,,,,
med_attendance,Fitness,Manhattan,Gertrude Ederle Recreation Center,"New Year, New You Fitness Fest",Agency Produced Event,afternoon_time,weekend,young_adult_audience,adults_audience,teens_audience,seniors_audience,,,,
med_attendance,Fitness,Bronx,Mapes,Zumba,Agency Produced Event,afternoon_time,weekday,adults_audience,seniors_audience,,,,,,
med_attendance,Sport,Manhattan,Gertrude Ederle Recreation Center,Hockey Tournament,Tournament/Competition,night_time,weekend,adults_audience,teens_audience,children_audience,,,,,
med_attendance,Fitness,Manhattan,Highbridge Recreation Center,Family Wellness Day,Open House,afternoon_time,weekend,children_audience,tot_audience,adults_audience,teens_audience,young_adult_audience,,,
unknown_attendance,Sport,Manhattan,Highbridge Recreation Center,Chess Tournament,Tournament/Competition,night_time,weekday,seniors_audience,adults_audience,,,,,,
med_attendance,Fitness,Manhattan,Highbridge Recreation Center,OFF THE HOOK Open House,Open House,night_time,weekday,adults_audience,,,,,,,
med_attendance,Sport,Manhattan,Chelsea Recreation Center,Chelsea Recreation All Star Competition,Tournament/Competition,night_time,weekday,children_audience,,,,,,,
high_attendance,Sport,Manhattan,Chelsea Recreation Center,Sports Award Ceremony,Agency Produced Event,night_time,weekday,children_audience,,,,,,,
med_attendance,Sport,Manhattan,Chelsea Recreation Center,Billiard Tournament,Tournament/Competition,afternoon_time,weekend,young_adult_audience,adults_audience,,,,,,
med_attendance,Fitness,Manhattan,Highbridge Recreation Center,Family Wellness Day,Open House,afternoon_time,weekend,general_public_audience,,,,,,,
med_attendance,Sport,Manhattan,Chelsea Recreation Center,Billiard Tournament,Tournament/Competition,afternoon_time,weekend,young_adult_audience,adults_audience,,,,,,
high_attendance,Sport,Manhattan,Alfred E. Smith Recreation Center,P.S. 126/MAT Homecoming Basketball Game,Tournament/Competition,night_time,weekday,children_audience,,,,,,,
med_attendance,Sport,Manhattan,Jackie Robinson Recreation Center,March Madness: Adults Basketball tournament,Tournament/Competition,night_time,weekday,young_adult_audience,adults_audience,,,,,,
high_attendance,Fitness,Manhattan,Pelham Fritz Recreation Center,Love Your Body/Fitness Festival,Agency Produced Event,morning_time,weekend,general_public_audience,,,,,,,
med_attendance,Fitness,Manhattan,Pelham Fritz Recreation Center,"The ""Let It Out"" Vogue Fest",Agency Produced Event,night_time,weekday,general_public_audience,,,,,,,
med_attendance,Fitness,Manhattan,Pelham Fritz Recreation Center,Step Into Dancing Line Dance Event,Agency Produced Event,night_time,weekday,general_public_audience,,,,,,,
med_attendance,Fitness,Manhattan,Pelham Fritz Recreation Center,Ultimate Obstacle Course,Agency Produced Event,afternoon_time,weekend,teens_audience,,,,,,,
high_attendance,Sport,Staten Island,Franklin D. Roosevelt Boardwalk and Beach,Beach Soccer Tournament,Tournament/Competition,afternoon_time,weekend,general_public_audience,,,,,,,
high_attendance,Sport,Staten Island,Franklin D. Roosevelt Boardwalk and Beach,Beach Soccer Tournament,Tournament/Competition,afternoon_time,weekend,general_public_audience,,,,,,,
high_attendance,Sport,Manhattan,Marcus Garvey Park,Iron Kid,Agency Produced Event,afternoon_time,weekday,children_audience,teens_audience,,,,,,
med_attendance,Fitness,Queens,Torsney/Lou Lodati Playground,"Ready, Set, Family at Lou Lodati Playground",Agency Produced Event,night_time,weekend,general_public_audience,,,,,,,
unknown_attendance,Fitness,Bronx,Claremont,Shape Up Low Impact Fitness,Agency Produced Event,night_time,weekday,adults_audience,,,,,,,
med_attendance,Fitness,Bronx,Claremont,Shape Up Low Impact Fitness,Agency Produced Event,night_time,weekday,adults_audience,,,,,,,
low_attendance,Fitness,Bronx,Claremont,Shape Up Low Impact Fitness,Agency Produced Event,night_time,weekday,adults_audience,,,,,,,
low_attendance,Fitness,Bronx,Claremont,Shape Up NYC - Yoga,Agency Produced Event,afternoon_time,weekday,adults_audience,,,,,,,
low_attendance,Fitness,Brooklyn,Commodore barry,Shape Up  Cardio Sculpt,Agency Produced Event,night_time,weekday,adults_audience,,,,,,,
med_attendance,Fitness,Bronx,Claremont,Shape Up Low Impact Fitness,Agency Produced Event,night_time,weekday,adults_audience,,,,,,,
med_attendance,Fitness,Queens,Fisher Pool,Shape Up Zumba,Agency Produced Event,night_time,weekday,adults_audience,,,,,,,
low_attendance,Fitness,Staten Island,Tottenville,Shape Up NYC - Yoga,Agency Produced Event,night_time,weekday,adults_audience,,,,,,,
unknown_attendance,Fitness,Staten Island,Tottenville,Shape Up NYC - Yoga,Agency Produced Event,night_time,weekday,adults_audience,,,,,,,
unknown_attendance,Fitness,Brooklyn,Commodore barry,Shape Up Cardio Sculpt,Agency Produced Event,night_time,weekday,adults_audience,,,,,,,
unknown_attendance,Fitness,Brooklyn,Commodore barry,Shape Up Cardio Sculpt,Agency Produced Event,night_time,weekday,adults_audience,,,,,,,
med_attendance,Fitness,Bronx,Mapes,Shape Up Line Dancing,Agency Produced Event,night_time,weekday,adults_audience,,,,,,,
low_attendance,Fitness,Manhattan,Sheltering Arms,Shape Up Zumba,Agency Produced Event,night_time,weekday,adults_audience,,,,,,,
unknown_attendance,Fitness,Bronx,Claremont,Shape Up Low Impact Fitness,Agency Produced Event,night_time,weekday,adults_audience,,,,,,,
unknown_attendance,Fitness,Bronx,Mapes,Shape Up Zumba,Agency Produced Event,night_time,weekday,adults_audience,,,,,,,
med_attendance,Sport,Queens,Detective Keith L Williams Park,SSE Sports Clinic visit,Community Based Event,afternoon_time,weekday,children_audience,teens_audience,,,,,,
med_attendance,Sport,Queens,Kissena Park,SSE Flag Football Clinics,Community Based Event,afternoon_time,weekend,children_audience,teens_audience,,,,,,
high_attendance,Fitness,Manhattan,Riverside Park,Adventure Race,Agency Produced Event,afternoon_time,weekday,children_audience,teens_audience,,,,,,
med_attendance,Fitness,Queens,Addabbo Playground,"Ready, Set, Family at Addabbo Playground Report",Agency Produced Event,night_time,weekend,general_public_audience,,,,,,,
med_attendance,Sport,Queens,Kissena Park,Flag football clinic,Community Based Event,afternoon_time,weekend,children_audience,teens_audience,,,,,,
med_attendance,Sport,Queens,Kissena Park,NYC Parks Flag Football Clinic (SSE),Community Based Event,afternoon_time,weekend,teens_audience,children_audience,,,,,,
med_attendance,Fitness,Queens,Corona Golf,"Ready, Set, Family at Corona Golf Playground",Local Event,night_time,weekend,general_public_audience,,,,,,,
high_attendance,Fitness,Staten Island,Ocean Breeze Track & Field Athletic Complex,Health and Wellness Fair,Community Based Event,afternoon_time,weekend,tot_audience,children_audience,adults_audience,young_adult_audience,teens_audience,adaptive_audience,general_public_audience,seniors_audience
unknown_attendance,Sport,Staten Island,Ocean Breeze Track & Field Athletic Complex,Ocean Breeze Beach Soccer & Food Truck Festival,Community Based Event,afternoon_time,weekend,children_audience,young_adult_audience,adults_audience,teens_audience,seniors_audience,adaptive_audience,general_public_audience,
unknown_attendance,Sport,Staten Island,Ocean Breeze Park,Ocean Breeze Beach Soccer & Food Truck Festival,Community Based Event,afternoon_time,weekend,young_adult_audience,children_audience,adults_audience,teens_audience,adaptive_audience,general_public_audience,,
med_attendance,Sport,Queens,Addabbo Playground,Learn to Ride,Community Based Event,afternoon_time,weekend,children_audience,,,,,,,
med_attendance,Sport,Queens,Kissena Park,Flag Football Clinics,Community Based Event,afternoon_time,weekend,teens_audience,children_audience,,,,,,
med_attendance,Fitness,Queens,Fisher Pool,Shape Up Zumba,Agency Produced Event,night_time,weekday,general_public_audience,,,,,,,
low_attendance,Fitness,Bronx,Mapes,Shape Up NYC - Yoga,Agency Produced Event,afternoon_time,weekday,adults_audience,,,,,,,
low_attendance,Fitness,Bronx,Mapes,Shape Up Zumba,Agency Produced Event,night_time,weekday,adults_audience,teens_audience,general_public_audience,,,,,
med_attendance,Fitness,Bronx,Mapes,Shape Up Zumba,Agency Produced Event,night_time,weekday,general_public_audience,,,,,,,
med_attendance,Fitness,Bronx,Mapes,Shape Up Zumba,Agency Produced Event,night_time,weekday,general_public_audience,,,,,,,
med_attendance,Fitness,Manhattan,Hamilton Fish Recreation Center,Jump into Fall Fitness,Open House,afternoon_time,weekend,teens_audience,adults_audience,young_adult_audience,seniors_audience,general_public_audience,,,
med_attendance,Fitness,Queens,Fisher Pool,Shape Up Zumba,Agency Produced Event,night_time,weekday,general_public_audience,,,,,,,
med_attendance,Fitness,Queens,Fisher Pool,Shape Up Zumba,Agency Produced Event,night_time,weekday,general_public_audience,,,,,,,
low_attendance,Fitness,Manhattan,Dry Dock,Shape Up Cardio Sculpt,Agency Produced Event,afternoon_time,weekend,general_public_audience,,,,,,,
high_attendance,Sport,Queens,Kissena Park,Flag Football Clinic SSE,Community Based Event,afternoon_time,weekend,teens_audience,children_audience,,,,,,
high_attendance,Sport,Queens,Juniper Valley Park,Queens Bocce tournament,Tournament/Competition,afternoon_time,weekend,adults_audience,seniors_audience,general_public_audience,,,,,
high_attendance,Sport,Manhattan,Thomas Jefferson Park,Track & Field Meet,Tournament/Competition,afternoon_time,weekend,children_audience,teens_audience,seniors_audience,,,,,
med_attendance,Fitness,Manhattan,Highbridge Recreation Center,Family Wellness Day,Open House,afternoon_time,weekend,teens_audience,young_adult_audience,tot_audience,children_audience,adults_audience,general_public_audience,adaptive_audience,seniors_audience
med_attendance,Fitness,Manhattan,J. Hood Wright Recreation Center,Danceathon: Line Dancing,Community Based Event,night_time,weekday,general_public_audience,,,,,,,
med_attendance,Sport,Manhattan,John V. Lindsay East River Park,Cops and Kids Softball Game,Tournament/Competition,night_time,weekday,teens_audience,young_adult_audience,adults_audience,,,,,
med_attendance,Fitness,Manhattan,J. Hood Wright Recreation Center,Danceathon: Latin Night,Community Based Event,night_time,weekday,general_public_audience,,,,,,,
low_attendance,Fitness,Manhattan,Highbridge Recreation Center,Family Wellness,Community Based Event,night_time,weekend,general_public_audience,,,,,,,
high_attendance,Fitness,Bronx,St. James Recreation Center,Free Spin Classes,Agency Produced Event,afternoon_time,weekday,young_adult_audience,adults_audience,seniors_audience,general_public_audience,,,,
high_attendance,Fitness,Bronx,St. James Recreation Center,Fall Fitness Open House Week,Open House,morning_time,weekday,tot_audience,children_audience,young_adult_audience,adults_audience,teens_audience,adaptive_audience,seniors_audience,general_public_audience
med_attendance,Fitness,Bronx,St. James Recreation Center,Ultimate Teen Boot Camp Challenge,Agency Produced Event,night_time,weekday,teens_audience,,,,,,,
high_attendance,Fitness,Bronx,St. James Park,Bronx Fit Fest,Agency Produced Event,afternoon_time,weekend,general_public_audience,,,,,,,
med_attendance,Sport,Queens,Lost Battalion Hall Recreation Center,NYC Parks Basketball Clinic,Community Based Event,afternoon_time,weekday,children_audience,teens_audience,,,,,,
med_attendance,Fitness,Manhattan,Highbridge Recreation Center,Off The Hook,Agency Produced Event,night_time,weekday,young_adult_audience,adults_audience,seniors_audience,teens_audience,general_public_audience,adaptive_audience,,
med_attendance,Fitness,Manhattan,Highbridge Recreation Center,Family Wellness Day,Community Based Event,afternoon_time,weekend,children_audience,adults_audience,tot_audience,young_adult_audience,teens_audience,,,
med_attendance,Fitness,Manhattan,Highbridge Recreation Center,Family Wellness Day,Open House,afternoon_time,weekend,general_public_audience,,,,,,,
med_attendance,Sport,Manhattan,Asser Levy Recreation Center,Asser Levy's Girls Classic Basketball Tournament,Tournament/Competition,afternoon_time,weekend,teens_audience,,,,,,,
high_attendance,Sport,Queens,Beach 82nd Street,Rockaway Classic Basketball Tournament,Community Based Event,afternoon_time,weekend,children_audience,teens_audience,,,,,,
med_attendance,Sport,Queens,Al Oerter Recreation Center,Queens Recreation Tennis Clinic,Community Based Event,afternoon_time,weekend,children_audience,teens_audience,,,,,,
high_attendance,Sport,Queens,Beach 82nd Street,Rockaway Basketball Classic,Community Based Event,afternoon_time,weekend,children_audience,teens_audience,,,,,,
unknown_attendance,Fitness,Manhattan,Chelsea Recreation Center,Chelsea Fitness Marathon,Agency Produced Event,afternoon_time,weekday,young_adult_audience,adults_audience,seniors_audience,adaptive_audience,teens_audience,,,
med_attendance,Sport,Manhattan,Chelsea Recreation Center,Chelsea 2nd Annual PickleBall Tournament,Agency Produced Event,afternoon_time,weekend,adults_audience,seniors_audience,,,,,,
med_attendance,Sport,Manhattan,Alfred E. Smith Recreation Center,Girls GEVA Volleyball Team Tryouts,Local Event,night_time,weekday,teens_audience,,,,,,,
med_attendance,Fitness,Manhattan,Highbridge Recreation Center,Family Wellness Day,Community Based Event,afternoon_time,weekend,general_public_audience,,,,,,,
med_attendance,Sport,Manhattan,John V. Lindsay East River Park,Veteran's Softball Game,Agency Produced Event,night_time,weekday,adults_audience,young_adult_audience,general_public_audience,children_audience,,,,
med_attendance,Sport,Queens,Al Oerter Recreation Center,NYC Parks Pickleball Tournement,Community Based Event,afternoon_time,weekend,seniors_audience,adults_audience,,,,,,
med_attendance,Sport,Queens,Juniper Valley Park,Queens Recreation Softball Clinic,Community Based Event,night_time,weekend,teens_audience,children_audience,,,,,,
med_attendance,Sport,Queens,Lost Battalion Hall Recreation Center,NYC Parks Pickleball Tournement,Community Based Event,afternoon_time,weekend,seniors_audience,,,,,,,
high_attendance,Sport,Queens,Beach 32nd Street Football Fields,Girls Flag Football Invitational,Community Based Event,afternoon_time,weekday,children_audience,teens_audience,,,,,,
med_attendance,Sport,Manhattan,Tony Dapolito Recreation Center,Final 4 Fridays,Tournament/Competition,night_time,weekday,children_audience,teens_audience,general_public_audience,,,,,
med_attendance,Sport,Queens,Al Oerter Recreation Center,Turkey Bowl,Tournament/Competition,afternoon_time,weekend,children_audience,teens_audience,,,,,,
med_attendance,Fitness,Queens,Roy Wilkins Recreation Center,Fitness Buffet,Open House,afternoon_time,weekend,young_adult_audience,adults_audience,general_public_audience,seniors_audience,,,,
med_attendance,Fitness,Manhattan,Highbridge Recreation Center,Family Wellness Day,Community Based Event,afternoon_time,weekend,general_public_audience,,,,,,,
med_attendance,Sport,Manhattan,Alfred E. Smith Recreation Center,Holiday Classic Badminton Doubles Tournament,Tournament/Competition,night_time,weekday,adults_audience,,,,,,,
high_attendance,Sport,Manhattan,Asser Levy Recreation Center,Asser Levy Winter Girls Basketball Classic,Tournament/Competition,afternoon_time,weekend,teens_audience,,,,,,,
high_attendance,Fitness,Manhattan,Chelsea Recreation Center,Chelsea Fitness Marathon,Local Event,afternoon_time,weekday,adults_audience,teens_audience,young_adult_audience,,,,,
med_attendance,Sport,Manhattan,Alfred E. Smith Recreation Center,Pickleball Showcase,Tournament/Competition,afternoon_time,weekend,seniors_audience,adults_audience,,,,,,
med_attendance,Fitness,Manhattan,Highbridge Recreation Center,Shape Up Kick off,Agency Produced Event,afternoon_time,weekend,general_public_audience,,,,,,,
high_attendance,Sport,Queens,Sorrentino Recreation Center,Double Dutch Holiday Classic,Tournament/Competition,afternoon_time,weekday,children_audience,teens_audience,,,,,,
high_attendance,Sport,Queens,Sorrentino Recreation Center,Mommy & Me Double Dutch Event,Local Event,afternoon_time,weekend,adults_audience,children_audience,teens_audience,young_adult_audience,tot_audience,seniors_audience,,
high_attendance,Sport,Queens,Lost Battalion Hall Recreation Center,Holiday Classic,Tournament/Competition,afternoon_time,weekday,children_audience,teens_audience,,,,,,
high_attendance,Fitness,Bronx,St. James Recreation Center,Winter Open House Week,Open House,afternoon_time,weekday,tot_audience,children_audience,young_adult_audience,adults_audience,teens_audience,adaptive_audience,seniors_audience,general_public_audience
high_attendance,Fitness,Bronx,St. James Recreation Center,Spin for Life: Healthy Heart Spin Off,Local Event,afternoon_time,weekday,adults_audience,young_adult_audience,seniors_audience,,,,,
med_attendance,Fitness,Queens,Sorrentino Recreation Center,Zumbathon,Community Based Event,afternoon_time,weekend,general_public_audience,,,,,,,
med_attendance,Fitness,Manhattan,Asser Levy Recreation Center,Neon Glow Spin Challenge,Community Based Event,night_time,weekday,adults_audience,young_adult_audience,seniors_audience,general_public_audience,,,,
med_attendance,Sport,Queens,Flushing Meadows Corona Park Pool & Rink,NYC Parks Swim Clinic,Community Based Event,night_time,weekday,children_audience,,,,,,,
med_attendance,Sport,Manhattan,Tony Dapolito Recreation Center,Round Robin Pickleball Tournament,Tournament/Competition,night_time,weekday,young_adult_audience,adults_audience,seniors_audience,,,,,
med_attendance,Fitness,Manhattan,Highbridge Recreation Center,Off The Hook Open Mat,Open House,night_time,weekday,general_public_audience,,,,,,,
high_attendance,Sport,Manhattan,Thomas Jefferson Park,Thomas Jefferson Track & Field Day,Agency Produced Event,afternoon_time,weekend,children_audience,teens_audience,seniors_audience,general_public_audience,,,,
med_attendance,Fitness,Manhattan,Jackie Robinson Recreation Center,Line Dance,Community Based Event,night_time,weekend,adults_audience,seniors_audience,general_public_audience,children_audience,,,,
med_attendance,Fitness,Manhattan,Highbridge Recreation Center,Family Wellness Day,Agency Produced Event,afternoon_time,weekend,young_adult_audience,adults_audience,teens_audience,children_audience,general_public_audience,seniors_audience,adaptive_audience,tot_audience
high_attendance,Sport,Manhattan,Central Park,Winter Jam,Agency Produced Event,afternoon_time,weekend,tot_audience,children_audience,young_adult_audience,adults_audience,teens_audience,,,
med_attendance,Sport,Manhattan,Alfred E. Smith Recreation Center,King of the Net,Tournament/Competition,night_time,weekday,teens_audience,,,,,,,
med_attendance,Sport,Manhattan,Jackie Robinson Recreation Center,Youth Basketball league Championship & skills challenge,Tournament/Competition,night_time,weekend,teens_audience,,,,,,,
high_attendance,Sport,Bronx,Hunts Point Recreation Center,Family Dodgeball,Local Event,night_time,weekday,children_audience,teens_audience,general_public_audience,,,,,
med_attendance,Sport,Manhattan,Hansborough Recreation Center,All Star Madness,Tournament/Competition,night_time,weekday,children_audience,teens_audience,adults_audience,,,,,
high_attendance,Fitness,Manhattan,Asser Levy Recreation Center,Neon Glow Zumba Fest,Community Based Event,night_time,weekday,adults_audience,young_adult_audience,seniors_audience,general_public_audience,,,,
high_attendance,Sport,Bronx,Hunts Point Recreation Center,Ultimate Dodgeball,Community Based Event,night_time,weekday,teens_audience,children_audience,general_public_audience,,,,,
high_attendance,Sport,Bronx,Hunts Point Recreation Center,Hunts Point Game On,Community Based Event,night_time,weekday,children_audience,teens_audience,adaptive_audience,,,,,
med_attendance,Sport,Manhattan,Recreation Center 54,King of the Rock,Agency Produced Event,night_time,weekday,teens_audience,,,,,,,
med_attendance,Sport,Manhattan,Recreation Center 54,Holiday Basketball Classic,Tournament/Competition,afternoon_time,weekday,adults_audience,seniors_audience,,,,,,
med_attendance,Fitness,Manhattan,Highbridge Recreation Center,Teen Fitness Challenge,Agency Produced Event,night_time,weekday,teens_audience,,,,,,,
med_attendance,Fitness,Staten Island,Jennifer's Playground,Stronger Than Ever,Open House,afternoon_time,weekday,seniors_audience,,,,,,,
med_attendance,Sport,Brooklyn,Maria Hernandez,Youth Summer Pop Up Recreation,Local Event,afternoon_time,weekday,children_audience,,,,,,,
med_attendance,Sport,Brooklyn,Herbert Von King Park,Youth Summer Pop Up Recreation,Local Event,afternoon_time,weekday,tot_audience,children_audience,,,,,,
med_attendance,Fitness,Staten Island,Jennifer's Playground,Stronger Than Ever,Open House,afternoon_time,weekday,seniors_audience,,,,,,,
med_attendance,Fitness,Bronx,St. James Recreation Center,Spin for Life,Community Based Event,afternoon_time,weekday,general_public_audience,,,,,,,
med_attendance,Sport,Bronx,St. James Recreation Center,Family Soccer,Community Based Event,night_time,weekday,general_public_audience,,,,,,,
med_attendance,Sport,Brooklyn,Star Spangled Playground,Youth Summer Pop Up Recreation,Local Event,afternoon_time,weekday,children_audience,,,,,,,
low_attendance,Fitness,Staten Island,Freshkills Park,Stronger Than Ever - Freshkills Walk,Open House,afternoon_time,weekday,seniors_audience,,,,,,,
med_attendance,Sport,Brooklyn,Maria Hernandez,Youth Summer Pop Up Recreation,Local Event,afternoon_time,weekday,children_audience,tot_audience,,,,,,
med_attendance,Sport,Brooklyn,Potomac Playground,Youth Summer Pop Up Recreation,Local Event,afternoon_time,weekday,tot_audience,children_audience,,,,,,
med_attendance,Sport,Bronx,Williamsbridge Oval Park,Fastest Kid In Parks Track & Field Event,Local Event,afternoon_time,weekday,children_audience,general_public_audience,,,,,,
unknown_attendance,Sport,Bronx,Castle Hill Playground,Soccer Skills & Drills,Tournament/Competition,afternoon_time,weekday,teens_audience,children_audience,,,,,,
med_attendance,Sport,Brooklyn,Leif Ericson Park,Pick Up Pickleball,Local Event,afternoon_time,weekday,seniors_audience,,,,,,,
med_attendance,Sport,Bronx,Hunts Point Playground,Basketball Skills & Drills,Agency Produced Event,night_time,weekday,teens_audience,young_adult_audience,children_audience,,,,,
med_attendance,Sport,Bronx,Hunts Point Recreation Center,Soccer,Local Event,afternoon_time,weekday,children_audience,,,,,,,
low_attendance,Fitness,Brooklyn,McKinley Park,TABATA Training,Local Event,night_time,weekday,adults_audience,,,,,,,
med_attendance,Fitness,Brooklyn,McKinley Park,Rhythm & Weights,Local Event,afternoon_time,weekday,children_audience,,,,,,,
low_attendance,Fitness,Staten Island,De Matti Playground,Arts and Crafts,Community Based Event,night_time,weekday,tot_audience,children_audience,,,,,,
med_attendance,Sport,Brooklyn,Leif Ericson Park,Pick Up Pickleball,Local Event,afternoon_time,weekday,seniors_audience,,,,,,,
low_attendance,Sport,Brooklyn,McKinley Park,Soccer Skills & Games,Local Event,night_time,weekday,children_audience,,,,,,,
low_attendance,Fitness,Staten Island,Ocean Breeze Park,Inspiration Motivation,Open House,afternoon_time,weekday,general_public_audience,,,,,,,
med_attendance,Fitness,Staten Island,De Matti Playground,Hula Hoop Fitness,Community Based Event,afternoon_time,weekday,children_audience,teens_audience,,,,,,
unknown_attendance,Fitness,Staten Island,De Matti Playground,Walk-a-thon,Community Based Event,afternoon_time,weekday,children_audience,,,,,,,
med_attendance,Fitness,Staten Island,De Matti Playground,Sports Drills,Community Based Event,night_time,weekday,children_audience,teens_audience,,,,,,
unknown_attendance,Sport,Staten Island,Ocean Breeze Park,Ocean Breeze Summer Sports Sizzler - Street Hockey,Open House,afternoon_time,weekday,general_public_audience,,,,,,,
med_attendance,Fitness,Staten Island,Ocean Breeze Park,Step & Fit,Open House,afternoon_time,weekday,general_public_audience,,,,,,,
low_attendance,Fitness,Brooklyn,McKinley Park,Rthym & Weights,Local Event,afternoon_time,weekday,adults_audience,seniors_audience,,,,,,
med_attendance,Fitness,Bronx,St. James Recreation Center,Spin for Life,Community Based Event,afternoon_time,weekday,general_public_audience,,,,,,,
med_attendance,Fitness,Bronx,St. James Recreation Center,Stretching & Relaxation,Open House,afternoon_time,weekday,young_adult_audience,adults_audience,seniors_audience,,,,,
low_attendance,Fitness,Bronx,St. James Park,A Walk In The Park,Community Based Event,night_time,weekday,young_adult_audience,adults_audience,seniors_audience,,,,,
low_attendance,Sport,Manhattan,St. Nicholas Playground North,KIM Outdoor Programming,Community Based Event,afternoon_time,weekday,tot_audience,children_audience,teens_audience,,,,,
low_attendance,Fitness,Staten Island,De Matti Playground,Fit Kids,Community Based Event,afternoon_time,weekday,children_audience,teens_audience,,,,,,
med_attendance,Sport,Brooklyn,Heckscher Playground,Youth Summer Pop Up Recreation,Local Event,afternoon_time,weekday,tot_audience,children_audience,,,,,,
low_attendance,Fitness,Staten Island,De Matti Playground,Sports Drills,Community Based Event,night_time,weekday,teens_audience,children_audience,,,,,,
med_attendance,Sport,Manhattan,Columbus Park,KIM Outdoor Programming,Community Based Event,afternoon_time,weekday,tot_audience,children_audience,teens_audience,,,,,
med_attendance,Sport,Brooklyn,Star Spangled Playground,Youth Summer Pop Up Recreation,Local Event,afternoon_time,weekday,tot_audience,children_audience,,,,,,
low_attendance,Sport,Manhattan,Highbridge Park,KIM Outdoor Programming,Community Based Event,afternoon_time,weekday,children_audience,tot_audience,teens_audience,,,,,
low_attendance,Sport,Manhattan,Thomas Jefferson Park,SSE Outdoor Programming,Community Based Event,afternoon_time,weekday,tot_audience,children_audience,teens_audience,,,,,
med_attendance,Sport,Manhattan,Marcus Garvey Park,KIM Outdoor Programming,Community Based Event,afternoon_time,weekday,tot_audience,teens_audience,children_audience,,,,,
unknown_attendance,Sport,Bronx,St. Mary's Park,Sports N Fitness,Community Based Event,afternoon_time,weekend,teens_audience,,,,,,,
unknown_attendance,Sport,Bronx,St. Mary's Park,Basketball/Player Devlopment,Community Based Event,night_time,weekend,teens_audience,,,,,,,
med_attendance,Sport,Manhattan,Anne Loftus Playground,KIM Outdoor Programming,Community Based Event,afternoon_time,weekday,tot_audience,children_audience,teens_audience,,,,,
med_attendance,Sport,Manhattan,Carmansville Park,KIM Outdoor Programming,Community Based Event,afternoon_time,weekday,teens_audience,tot_audience,children_audience,,,,,
low_attendance,Sport,Bronx,Hunts Point Recreation Center,Soccer Skills,Agency Produced Event,night_time,weekday,children_audience,young_adult_audience,teens_audience,,,,,
low_attendance,Sport,Bronx,Haffen Park,Basketball Skills,Agency Produced Event,afternoon_time,weekday,children_audience,young_adult_audience,teens_audience,,,,,
unknown_attendance,Sport,Manhattan,Hamilton Fish Park,KIM Outdoor Programming,Community Based Event,afternoon_time,weekday,tot_audience,children_audience,teens_audience,,,,,
med_attendance,Sport,Manhattan,St. Nicholas Playground North,KIM Outdoor Programming,Community Based Event,afternoon_time,weekday,tot_audience,children_audience,teens_audience,,,,,
med_attendance,Sport,Manhattan,Marcus Garvey Park,KIM Outdoor Programming,Community Based Event,afternoon_time,weekday,tot_audience,children_audience,teens_audience,,,,,
low_attendance,Sport,Manhattan,Thomas Jefferson Park,SSE Outdoor Programming,Community Based Event,afternoon_time,weekday,tot_audience,children_audience,teens_audience,,,,,
med_attendance,Sport,Manhattan,Columbus Park,KIM Outdoor Programming,Community Based Event,afternoon_time,weekday,tot_audience,children_audience,teens_audience,,,,,
med_attendance,Sport,Manhattan,Highbridge Park,KIM Outdoor Programming,Community Based Event,afternoon_time,weekday,tot_audience,children_audience,teens_audience,,,,,
med_attendance,Fitness,Bronx,Williamsbridge Oval Park,Family Fun,Local Event,afternoon_time,weekday,children_audience,,,,,,,
low_attendance,Fitness,Staten Island,Freshkills Park,Stronger Than Ever - Freshkills walk,Open House,afternoon_time,weekday,seniors_audience,,,,,,,
unknown_attendance,Fitness,Bronx,St. James Recreation Center,HIIT Circuit Fitness,Open House,morning_time,weekday,young_adult_audience,adults_audience,seniors_audience,,,,,
low_attendance,Fitness,Staten Island,De Matti Playground,Walk-a-thon,Community Based Event,afternoon_time,weekday,children_audience,,,,,,,
unknown_attendance,Fitness,Staten Island,De Matti Playground,Fit Kids,Community Based Event,night_time,weekday,children_audience,teens_audience,,,,,,
med_attendance,Sport,Brooklyn,Maria Hernandez,Youth Summer Pop Up Recreation,Local Event,afternoon_time,weekday,tot_audience,children_audience,,,,,,
med_attendance,Sport,Brooklyn,Potomac Playground,Youth Summer Pop Up Recreation,Local Event,afternoon_time,weekday,tot_audience,children_audience,,,,,,
med_attendance,Fitness,Staten Island,Jennifer's Playground,Stronger Than Ever,Open House,afternoon_time,weekday,seniors_audience,,,,,,,
unknown_attendance,Sport,Bronx,St. Mary's Recreation Center,Sports N Fitness,Community Based Event,afternoon_time,weekend,teens_audience,,,,,,,
med_attendance,Fitness,Brooklyn,Leif Ericson Park,Pick Up Pickleball,Local Event,afternoon_time,weekday,seniors_audience,,,,,,,
med_attendance,Fitness,Brooklyn,McKinley Park,Soccer Skills,Local Event,night_time,weekday,children_audience,,,,,,,
med_attendance,Fitness,Staten Island,Ocean Breeze Park,Bend & Flex,Open House,afternoon_time,weekday,general_public_audience,,,,,,,
med_attendance,Fitness,Staten Island,Ocean Breeze Park,Wake-up Stretch and Relax Yoga,Open House,afternoon_time,weekday,general_public_audience,,,,,,,
unknown_attendance,Sport,Staten Island,Ocean Breeze Park,Ocean Breeze Summer Sports Sizzler - Balance & Stability Games,Open House,afternoon_time,weekday,general_public_audience,,,,,,,
unknown_attendance,Sport,Staten Island,Ocean Breeze Park,Ocean Breeze Summer Sports Sizzler - Soccer Skills,Open House,afternoon_time,weekday,general_public_audience,,,,,,,
low_attendance,Sport,Staten Island,Ocean Breeze Park,Ocean Breeze Summer Sports Sizzler - Plyometrics,Open House,afternoon_time,weekday,general_public_audience,,,,,,,
low_attendance,Fitness,Staten Island,Ocean Breeze Park,Step & Fit,Open House,afternoon_time,weekday,general_public_audience,,,,,,,
low_attendance,Fitness,Staten Island,Ocean Breeze Park,Fit to the Core,Open House,afternoon_time,weekday,general_public_audience,,,,,,,
med_attendance,Sport,Staten Island,Ocean Breeze Park,Ocean Breeze Summer Sports Sizzler - Track & Field,Open House,afternoon_time,weekday,general_public_audience,,,,,,,
med_attendance,Sport,Bronx,Williamsbridge Oval Park,Youth Meets,Local Event,night_time,weekday,children_audience,tot_audience,teens_audience,,,,,
med_attendance,Fitness,Bronx,Williamsbridge Oval Park,Chair Aerobics,Community Based Event,afternoon_time,weekday,seniors_audience,adults_audience,young_adult_audience,teens_audience,,,,
med_attendance,Sport,Manhattan,Marcus Garvey Park,Harlem Programming,Community Based Event,afternoon_time,weekend,tot_audience,children_audience,teens_audience,,,,,
med_attendance,Fitness,Staten Island,Ocean Breeze Park,Inspiration Motivation,Open House,afternoon_time,weekday,general_public_audience,,,,,,,
unknown_attendance,Sport,Manhattan,Carmansville Park,KIM Outdoor Programming,Community Based Event,afternoon_time,weekday,tot_audience,children_audience,teens_audience,,,,,
med_attendance,Sport,Manhattan,Anne Loftus Playground,KIM Outdoor Programming,Community Based Event,afternoon_time,weekday,tot_audience,children_audience,teens_audience,adults_audience,,,,
low_attendance,Sport,Manhattan,Hamilton Fish Park,KIM Outdoor Programming,Community Based Event,afternoon_time,weekday,tot_audience,children_audience,teens_audience,,,,,
unknown_attendance,Sport,Staten Island,Ocean Breeze Park,Ocean Breeze Summer Sports Sizzler - Street Hockey,Open House,afternoon_time,weekday,general_public_audience,,,,,,,
low_attendance,Sport,Manhattan,Thomas Jefferson Park,Harlem Programming,Community Based Event,afternoon_time,weekend,tot_audience,children_audience,teens_audience,,,,,
low_attendance,Fitness,Staten Island,Ocean Breeze Park,Step & Fit,Open House,afternoon_time,weekday,general_public_audience,,,,,,,
med_attendance,Fitness,Bronx,Hunts Point Recreation Center,Obstacle Course,Community Based Event,night_time,weekday,children_audience,teens_audience,,,,,,
med_attendance,Fitness,Bronx,Hunts Point Recreation Center,Hula Hoop,Community Based Event,afternoon_time,weekday,children_audience,,,,,,,
med_attendance,Fitness,Bronx,Hunts Point Recreation Center,Move to Fit,Community Based Event,afternoon_time,weekday,children_audience,,,,,,,
med_attendance,Sport,Bronx,Hunts Point Recreation Center,Golf Fun,Community Based Event,night_time,weekday,children_audience,teens_audience,,,,,,
med_attendance,Sport,Bronx,Hunts Point Recreation Center,Soccer Skills,Community Based Event,afternoon_time,weekday,children_audience,teens_audience,,,,,,
med_attendance,Fitness,Bronx,Williamsbridge Oval Park,Chair Arobics,Community Based Event,afternoon_time,weekday,young_adult_audience,adults_audience,teens_audience,adaptive_audience,seniors_audience,,,
med_attendance,Fitness,Bronx,Hunts Point Recreation Center,Jumping for Fitness,Community Based Event,afternoon_time,weekday,tot_audience,children_audience,,,,,,
med_attendance,Fitness,Bronx,Hunts Point Recreation Center,Calisthenics,Community Based Event,afternoon_time,weekday,children_audience,teens_audience,,,,,,
med_attendance,Sport,Bronx,Hunts Point Recreation Center,Dodgeball,Community Based Event,night_time,weekday,children_audience,teens_audience,,,,,,
med_attendance,Fitness,Bronx,Hunts Point Recreation Center,Cardio Fitness,Community Based Event,night_time,weekday,teens_audience,children_audience,,,,,,
med_attendance,Sport,Bronx,Bronx Park,Kids and Play,Local Event,afternoon_time,weekday,children_audience,adaptive_audience,,,,,,
med_attendance,Fitness,Bronx,Bronx Park,Fitness for Kids through Dance and Stepping,Local Event,afternoon_time,weekday,children_audience,general_public_audience,,,,,,
med_attendance,Sport,Bronx,Bronx Park,Soccer for Toddlers,Local Event,afternoon_time,weekday,tot_audience,general_public_audience,,,,,,
med_attendance,Sport,Bronx,Bronx Park,Kids and Play,Local Event,afternoon_time,weekday,children_audience,general_public_audience,,,,,,
med_attendance,Fitness,Brooklyn,Leif Ericson Park,Pick Up Pickle Ball,Local Event,afternoon_time,weekday,seniors_audience,,,,,,,
med_attendance,Fitness,Bronx,Bronx Park,Fitness for kids through Dance & Stepping,Local Event,afternoon_time,weekday,children_audience,general_public_audience,,,,,,
med_attendance,Sport,Brooklyn,Maria Hernandez,Youth Summer Pop Up Recreation,Local Event,afternoon_time,weekday,tot_audience,children_audience,,,,,,
med_attendance,Sport,Brooklyn,Potomac Playground,Youth Summer Pop Up Recreation,Local Event,afternoon_time,weekday,tot_audience,children_audience,,,,,,
low_attendance,Fitness,Brooklyn,McKinley Park,TABATA Training,Local Event,night_time,weekday,children_audience,,,,,,,
low_attendance,Fitness,Bronx,St. James Park,A Walk In The Park,Open House,afternoon_time,weekday,adults_audience,,,,,,,
unknown_attendance,Sport,Staten Island,Ocean Breeze Park,Ocean Breeze Summer Sports Sizzler - Balance & Stability Games,Open House,afternoon_time,weekday,general_public_audience,,,,,,,
unknown_attendance,Fitness,Bronx,Williamsbridge Oval Park,Jump Rope,Open House,night_time,weekday,children_audience,young_adult_audience,,,,,,
low_attendance,Sport,Bronx,Williamsbridge Oval Park,Pickle Ball,Community Based Event,afternoon_time,weekday,seniors_audience,,,,,,,
med_attendance,Fitness,Bronx,St. James Recreation Center,Spin for Life,Community Based Event,morning_time,weekday,general_public_audience,adults_audience,seniors_audience,young_adult_audience,,,,
unknown_attendance,Fitness,Bronx,Williamsbridge Oval Park,Stretch,Local Event,night_time,weekday,children_audience,,,,,,,
low_attendance,Sport,Bronx,Williamsbridge Oval Park,Pickle Ball,Community Based Event,afternoon_time,weekday,seniors_audience,,,,,,,
low_attendance,Sport,Bronx,Williamsbridge Oval Recreation Center,Pickle Ball,Community Based Event,afternoon_time,weekday,seniors_audience,,,,,,,
low_attendance,Sport,Bronx,Williamsbridge Oval Park,Street Hockey,Community Based Event,night_time,weekday,children_audience,,,,,,,
low_attendance,Sport,Bronx,Williamsbridge Oval Park,Street hockey,Community Based Event,night_time,weekday,children_audience,,,,,,,
low_attendance,Sport,Bronx,Williamsbridge Oval Park,Sport Drills,Community Based Event,night_time,weekday,children_audience,young_adult_audience,,,,,,
med_attendance,Fitness,Bronx,Williamsbridge Oval Park,Circuit Training,Community Based Event,afternoon_time,weekday,seniors_audience,adults_audience,,,,,,
med_attendance,Fitness,Bronx,Williamsbridge Oval Park,Fitness Challenge,Community Based Event,night_time,weekday,children_audience,,,,,,,
med_attendance,Fitness,Staten Island,Jennifer's Playground,Stronger Than Ever,Open House,afternoon_time,weekday,seniors_audience,,,,,,,
low_attendance,Fitness,Bronx,Soundview Park,Mindful Play,Agency Produced Event,afternoon_time,weekday,children_audience,,,,,,,
med_attendance,Sport,Bronx,Williamsbridge Oval Park,Pickle Ball,Community Based Event,afternoon_time,weekday,adults_audience,seniors_audience,,,,,,
med_attendance,Fitness,Bronx,St. Mary's,Trap and Spin,Open House,afternoon_time,weekday,adults_audience,young_adult_audience,seniors_audience,,,,,
low_attendance,Fitness,Brooklyn,McKinley Park,Rhythem & Weights,Local Event,night_time,weekday,children_audience,,,,,,,
unknown_attendance,Fitness,Bronx,St. Mary's Park,Trap and Spin,Open House,afternoon_time,weekday,young_adult_audience,adults_audience,,,,,,
unknown_attendance,Fitness,Bronx,Soundview Park,Mindful Play,Agency Produced Event,afternoon_time,weekday,children_audience,,,,,,,
unknown_attendance,Fitness,Bronx,St. Mary's Park,Trap and Spin,Open House,afternoon_time,weekday,young_adult_audience,adults_audience,,,,,,
med_attendance,Fitness,Brooklyn,St. Mary's Park,Trap and Spin,Open House,afternoon_time,weekday,young_adult_audience,adults_audience,,,,,,
med_attendance,Fitness,Bronx,St. Mary's Park,Trap and Spin,Open House,afternoon_time,weekday,adults_audience,young_adult_audience,,,,,,
unknown_attendance,Fitness,Bronx,St. Mary's Park,Trap and Spin,Open House,afternoon_time,weekday,young_adult_audience,adults_audience,,,,,,
med_attendance,Sport,Brooklyn,Heckscher Playground,Youth Summer Pop Up Recreation,Local Event,afternoon_time,weekday,tot_audience,children_audience,young_adult_audience,,,,,
med_attendance,Sport,Brooklyn,Star Spangled Playground,Youth Summer Pop Up Recreation,Local Event,night_time,weekday,tot_audience,young_adult_audience,children_audience,,,,,
med_attendance,Fitness,Brooklyn,St. John's Park,Summer 2020 Outdoor Program,Local Event,afternoon_time,weekday,adults_audience,seniors_audience,general_public_audience,,,,,
unknown_attendance,Sport,Bronx,Claremont Park,Soccer Skills,Agency Produced Event,afternoon_time,weekday,children_audience,young_adult_audience,teens_audience,,,,,
low_attendance,Sport,Bronx,Claremont Park,Basketball Skills / Obstacle Course,Agency Produced Event,afternoon_time,weekday,children_audience,young_adult_audience,teens_audience,,,,,
unknown_attendance,Sport,Bronx,Hunts Point Playground,Basketball Skills,Agency Produced Event,night_time,weekday,children_audience,young_adult_audience,teens_audience,,,,,
med_attendance,Fitness,Brooklyn,McKinley Park,Soccer Skills,Local Event,night_time,weekday,children_audience,,,,,,,
med_attendance,Sport,Manhattan,St. Nicholas Playground North,KIM Outdoor Programming,Community Based Event,afternoon_time,weekday,tot_audience,children_audience,teens_audience,,,,,
unknown_attendance,Sport,Bronx,Haffen Park,Soccer Skills / Obstacle Course,Agency Produced Event,night_time,weekday,children_audience,young_adult_audience,teens_audience,,,,,
low_attendance,Sport,Manhattan,Marcus Garvey Park,KIM Outdoor Programming,Community Based Event,afternoon_time,weekday,tot_audience,children_audience,teens_audience,,,,,
low_attendance,Sport,Manhattan,Thomas Jefferson Park,SSE Outdoor Programming,Community Based Event,afternoon_time,weekday,tot_audience,children_audience,teens_audience,,,,,
med_attendance,Sport,Bronx,Slattery Playground,unknown_name,Community Based Event,night_time,weekday,children_audience,teens_audience,,,,,,
med_attendance,Sport,Manhattan,Highbridge Park,KIM Outdoor Programming,Community Based Event,afternoon_time,weekday,tot_audience,children_audience,teens_audience,,,,,
unknown_attendance,Sport,Manhattan,Columbus Park,KIM Outdoor Programming,Community Based Event,afternoon_time,weekday,tot_audience,children_audience,teens_audience,,,,,
med_attendance,Fitness,Brooklyn,Leif Ericson Park,Pick  Up Pickle Ball,Local Event,afternoon_time,weekday,seniors_audience,,,,,,,
med_attendance,Sport,Bronx,Williamsbridge Oval Park,Pickle Ball,Community Based Event,night_time,weekday,children_audience,young_adult_audience,,,,,,
med_attendance,Fitness,Bronx,Williamsbridge Oval Park,Circuit Training,Community Based Event,afternoon_time,weekday,seniors_audience,adults_audience,,,,,,
low_attendance,Fitness,Brooklyn,St. John's Park,Summer 2020 Outdoor Program,Agency Produced Event,afternoon_time,weekday,adults_audience,seniors_audience,general_public_audience,,,,,
med_attendance,Fitness,Staten Island,Jennifer's Playground,Stronger Than Ever,Open House,afternoon_time,weekday,seniors_audience,,,,,,,
med_attendance,Sport,Brooklyn,Potomac Playground,Youth Summer Pop Up Recreation,Local Event,afternoon_time,weekday,tot_audience,children_audience,,,,,,
med_attendance,Sport,Brooklyn,Maria Hernandez,Youth Summer Pop Up Recreation,Local Event,afternoon_time,weekday,tot_audience,children_audience,,,,,,
low_attendance,Fitness,Brooklyn,McKinley Park,TABATA Training,Local Event,night_time,weekday,adults_audience,,,,,,,
unknown_attendance,Sport,Bronx,Hunts Point Recreation Center,Soccer Skills / Obstacle Course,Agency Produced Event,afternoon_time,weekday,children_audience,young_adult_audience,teens_audience,,,,,
unknown_attendance,Sport,Bronx,Castle Hill Playground,Basketball Skills,Agency Produced Event,night_time,weekday,children_audience,young_adult_audience,teens_audience,,,,,
med_attendance,Sport,Brooklyn,Hilltop Playground,Mobile Recreation,Community Based Event,afternoon_time,weekday,children_audience,teens_audience,general_public_audience,,,,,
low_attendance,Sport,Brooklyn,Linden Park,Mobile Recreation,Community Based Event,afternoon_time,weekday,children_audience,teens_audience,general_public_audience,,,,,
unknown_attendance,Sport,Brooklyn,Hilltop Playground,Mobile Recreation,Community Based Event,afternoon_time,weekday,general_public_audience,,,,,,,
med_attendance,Sport,Brooklyn,Linden Park,Mobile Recreation,Community Based Event,afternoon_time,weekday,children_audience,teens_audience,general_public_audience,,,,,
low_attendance,Sport,Brooklyn,Cypress Hills Playground,Mobile Recreation,Community Based Event,afternoon_time,weekday,children_audience,teens_audience,general_public_audience,,,,,
low_attendance,Sport,Brooklyn,Cypress Hills Playground,Mobile Recreation,Community Based Event,afternoon_time,weekday,general_public_audience,,,,,,,
med_attendance,Fitness,Bronx,St. James Recreation Center,Spin for Life,Community Based Event,morning_time,weekday,young_adult_audience,adults_audience,seniors_audience,general_public_audience,,,,
med_attendance,Fitness,Staten Island,Ocean Breeze Park,Wake-Up Stretch and Relax Yoga,Open House,afternoon_time,weekday,general_public_audience,,,,,,,
unknown_attendance,Sport,Bronx,St. James Recreation Center,Family Soccer,Community Based Event,night_time,weekday,tot_audience,children_audience,general_public_audience,adults_audience,,,,
unknown_attendance,Fitness,Staten Island,De Matti Playground,Walk-a-thon,Community Based Event,afternoon_time,weekday,children_audience,,,,,,,
low_attendance,Fitness,Staten Island,De Matti Playground,Sports Drills,Community Based Event,night_time,weekday,teens_audience,children_audience,,,,,,
med_attendance,Fitness,Staten Island,De Matti Playground,Hula Hoop Fitness,Community Based Event,afternoon_time,weekday,children_audience,teens_audience,,,,,,
unknown_attendance,Fitness,Staten Island,De Matti Playground,Sports Drills,Community Based Event,afternoon_time,weekday,teens_audience,children_audience,,,,,,
med_attendance,Fitness,Staten Island,Ocean Breeze Park,Bend & Flex,Open House,afternoon_time,weekday,general_public_audience,,,,,,,
low_attendance,Fitness,Brooklyn,St. John's Park,2020 Summer Outdoor Program,Agency Produced Event,afternoon_time,weekday,adults_audience,seniors_audience,general_public_audience,,,,,
med_attendance,Fitness,Bronx,St. James Recreation Center,Stretching & Relaxation,Open House,afternoon_time,weekday,young_adult_audience,adults_audience,teens_audience,,,,,
unknown_attendance,Fitness,Staten Island,De Matti Playground,Fit Kids,Community Based Event,night_time,weekday,children_audience,teens_audience,,,,,,
low_attendance,Sport,Staten Island,Ocean Breeze Park,Ocean Breeze Summer Sports Sizzler - Soccer Skills,Open House,afternoon_time,weekday,general_public_audience,,,,,,,
low_attendance,Fitness,Staten Island,Ocean Breeze Park,Ocean Breeze Summer Sports Sizzler - Plyometrics,Open House,afternoon_time,weekday,general_public_audience,,,,,,,
med_attendance,Sport,Brooklyn,Coffey Park,Youth Summer Pop Up Recreation,Local Event,afternoon_time,weekday,tot_audience,children_audience,,,,,,
med_attendance,Fitness,Staten Island,Ocean Breeze Park,Fit to the Core,Open House,afternoon_time,weekday,general_public_audience,,,,,,,
low_attendance,Fitness,Brooklyn,McKinley Park,Rhythm & Weights,Local Event,afternoon_time,weekday,children_audience,,,,,,,
low_attendance,Fitness,Brooklyn,McKinley Park,Soccer Skills,Local Event,night_time,weekday,children_audience,,,,,,,
unknown_attendance,Sport,Bronx,Barretto Point Park,Basketball Skills / Obstacle Course,Agency Produced Event,night_time,weekday,children_audience,young_adult_audience,teens_audience,,,,,
low_attendance,Fitness,Bronx,St. James Recreation Center,HIIT Circuit Fitness,Open House,morning_time,weekday,young_adult_audience,adults_audience,teens_audience,,,,,
med_attendance,Sport,Bronx,Slattery Playground,unknown_name,Community Based Event,night_time,weekday,children_audience,teens_audience,,,,,,
low_attendance,Fitness,Staten Island,Freshkills Park,Stronger Than Ever - Trail Walk,Open House,afternoon_time,weekday,seniors_audience,,,,,,,
unknown_attendance,Sport,Bronx,Ferry Point Park,Soccer Skills / Obstacle Course,Agency Produced Event,afternoon_time,weekday,children_audience,young_adult_audience,teens_audience,,,,,
med_attendance,Fitness,Staten Island,Jennifer's Playground,Stronger Than Ever,Open House,afternoon_time,weekday,seniors_audience,,,,,,,
med_attendance,Fitness,Brooklyn,Leif Ericson Park,Pick Up Pickel Ball,Local Event,afternoon_time,weekday,seniors_audience,,,,,,,
unknown_attendance,Sport,Brooklyn,Linden Playground,Mobile Recreation,Community Based Event,afternoon_time,weekday,children_audience,teens_audience,general_public_audience,,,,,
low_attendance,Sport,Brooklyn,Maria Hernandez,Youth Summer Pop Up Recreation,Local Event,afternoon_time,weekday,tot_audience,children_audience,,,,,,
unknown_attendance,Sport,Bronx,Hunts Point Playground,Basketball Skills,Agency Produced Event,night_time,weekday,children_audience,young_adult_audience,teens_audience,,,,,
unknown_attendance,Sport,Bronx,Ferry Point Park,Soccer Skills,Agency Produced Event,afternoon_time,weekday,children_audience,young_adult_audience,teens_audience,,,,,
unknown_attendance,Sport,Brooklyn,Potomac Playground,Youth Summer Pop Up Recreation,Local Event,afternoon_time,weekday,tot_audience,children_audience,young_adult_audience,,,,,
low_attendance,Fitness,Brooklyn,McKinley Park,Rhythm & Weights,Local Event,night_time,weekday,children_audience,adults_audience,,,,,,
med_attendance,Sport,Manhattan,Carmansville Park,KIM Outdoor Programming,Community Based Event,afternoon_time,weekday,tot_audience,children_audience,teens_audience,,,,,
low_attendance,Sport,Manhattan,St. Nicholas Playground North,KIM Outdoor Programming,Community Based Event,afternoon_time,weekday,tot_audience,children_audience,teens_audience,,,,,
unknown_attendance,Sport,Bronx,Slattery Playground,unknown_name,Community Based Event,night_time,weekday,children_audience,teens_audience,,,,,,
med_attendance,Sport,Manhattan,Columbus Park,KIM Outdoor Programming,Community Based Event,afternoon_time,weekday,tot_audience,children_audience,teens_audience,,,,,
low_attendance,Sport,Manhattan,Marcus Garvey Park,KIM Outdoor Programming,Community Based Event,afternoon_time,weekday,tot_audience,children_audience,teens_audience,,,,,
med_attendance,Sport,Manhattan,Thomas Jefferson Park,SSE Outdoor Programming,Community Based Event,afternoon_time,weekday,tot_audience,children_audience,teens_audience,,,,,
med_attendance,Fitness,Brooklyn,Paerdegat Park,Chair Aerobics,Agency Produced Event,night_time,weekday,adults_audience,,,,,,,
med_attendance,Fitness,Brooklyn,Paerdegat Park,Senior Power Walk,Agency Produced Event,afternoon_time,weekday,adults_audience,,,,,,,
med_attendance,Sport,Brooklyn,Maria Hernandez,Youth Summer Pop Up Recreation,Local Event,afternoon_time,weekday,tot_audience,young_adult_audience,children_audience,,,,,
med_attendance,Sport,Brooklyn,Potomac Playground,Youth Summer Pop Up Recreation,Local Event,afternoon_time,weekday,tot_audience,children_audience,young_adult_audience,,,,,
low_attendance,Fitness,Brooklyn,McKinley Park,TABATA,Local Event,night_time,weekday,adults_audience,,,,,,,
med_attendance,Fitness,Brooklyn,Leif Ericson Park,Pick Up Pickle Ball,Local Event,afternoon_time,weekday,seniors_audience,,,,,,,
med_attendance,Fitness,Bronx,Williamsbridge Oval Park,Chair Arobics,Community Based Event,afternoon_time,weekday,young_adult_audience,adults_audience,teens_audience,adaptive_audience,seniors_audience,general_public_audience,,
med_attendance,Fitness,Bronx,Williamsbridge Oval Park,Spin 2020,Community Based Event,afternoon_time,weekday,young_adult_audience,adults_audience,teens_audience,adaptive_audience,seniors_audience,general_public_audience,,
med_attendance,Fitness,Bronx,Williamsbridge Oval Park,Spin 2020,Community Based Event,afternoon_time,weekday,young_adult_audience,adults_audience,teens_audience,adaptive_audience,seniors_audience,general_public_audience,,
med_attendance,Fitness,Brooklyn,St. John's Park,Summer 2020 Outdoor Program,Agency Produced Event,afternoon_time,weekday,adults_audience,seniors_audience,general_public_audience,,,,,
unknown_attendance,Fitness,Bronx,Soundview Park,Mindful Play,Agency Produced Event,afternoon_time,weekday,children_audience,,,,,,,
low_attendance,Sport,Brooklyn,Hilltop Playground,Mobile Recreation,Community Based Event,afternoon_time,weekday,children_audience,teens_audience,general_public_audience,tot_audience,,,,
unknown_attendance,Sport,Brooklyn,Cypress Hills Playground,Mobile Recreation,Community Based Event,afternoon_time,weekday,children_audience,teens_audience,general_public_audience,,,,,
unknown_attendance,Fitness,Staten Island,De Matti Playground,Walk-a-thon,Community Based Event,afternoon_time,weekday,children_audience,teens_audience,,,,,,
med_attendance,Sport,Brooklyn,Linden Park,Mobile Recreation,Community Based Event,afternoon_time,weekday,children_audience,teens_audience,general_public_audience,,,,,
med_attendance,Fitness,Bronx,St. James Recreation Center,Spin for Life,Community Based Event,morning_time,weekday,general_public_audience,,,,,,,
med_attendance,Sport,Brooklyn,Heckscher Playground,Youth Summer Pop Up Recreation,Local Event,afternoon_time,weekday,tot_audience,children_audience,young_adult_audience,,,,,
med_attendance,Sport,Brooklyn,Star Spangled Playground,Youth Summer Pop Up Recreation,Local Event,afternoon_time,weekday,tot_audience,children_audience,young_adult_audience,,,,,
med_attendance,Sport,Brooklyn,Coffey Park,Youth Summer Pop Up Recreation,Local Event,afternoon_time,weekday,tot_audience,children_audience,,,,,,
med_attendance,Fitness,Brooklyn,McKinley Park,Rhythm & Weightd,Local Event,afternoon_time,weekday,adults_audience,young_adult_audience,,,,,,
med_attendance,Sport,Brooklyn,McKinley Park,Soccer,Local Event,night_time,weekday,children_audience,,,,,,,
unknown_attendance,Fitness,Bronx,St. Mary's Recreation Center,Spin,Community Based Event,afternoon_time,weekday,young_adult_audience,adults_audience,teens_audience,seniors_audience,,,,
unknown_attendance,Fitness,Bronx,St. Mary's Recreation Center,spin,Community Based Event,afternoon_time,weekday,adults_audience,young_adult_audience,seniors_audience,teens_audience,,,,
unknown_attendance,Fitness,Bronx,St. Mary's Recreation Center,Trap & Spin,Community Based Event,afternoon_time,weekday,young_adult_audience,adults_audience,teens_audience,seniors_audience,,,,
unknown_attendance,Fitness,Bronx,St. Mary's Recreation Center,Spin,Community Based Event,afternoon_time,weekday,young_adult_audience,adults_audience,teens_audience,seniors_audience,,,,
unknown_attendance,Fitness,Bronx,St. Mary's Recreation Center,Trap & Spin,Community Based Event,afternoon_time,weekday,adults_audience,young_adult_audience,teens_audience,seniors_audience,,,,
unknown_attendance,Fitness,Bronx,St. Mary's Recreation Center,Trap & Spin,Community Based Event,afternoon_time,weekday,teens_audience,adults_audience,seniors_audience,young_adult_audience,,,,
med_attendance,Sport,Brooklyn,Hilltop Playground,Mobile Recreation,Community Based Event,afternoon_time,weekday,children_audience,teens_audience,general_public_audience,,,,,
med_attendance,Fitness,Staten Island,Jennifer's Playground,Stonger Than Ever,Open House,afternoon_time,weekday,seniors_audience,,,,,,,
unknown_attendance,Sport,Brooklyn,Cypress Hills Playground,unknown_name,Community Based Event,afternoon_time,weekday,children_audience,teens_audience,general_public_audience,,,,,
low_attendance,Fitness,Brooklyn,McKinley Park,TABATA,Local Event,night_time,weekday,young_adult_audience,,,,,,,
med_attendance,Sport,Brooklyn,Maria Hernandez,Youth Summer Pop Up Recreation,Local Event,afternoon_time,weekday,tot_audience,children_audience,,,,,,
low_attendance,Fitness,Brooklyn,St. John's Park,Summer 2020 Outdoor Program,Agency Produced Event,afternoon_time,weekday,adults_audience,seniors_audience,general_public_audience,,,,,
med_attendance,Sport,Brooklyn,Potomac Playground,Youth Summer Pop Up Recreation,Local Event,afternoon_time,weekday,tot_audience,children_audience,,,,,,
med_attendance,Fitness,Brooklyn,Leif Ericson Park,Pick Up Pickle Ball,Local Event,afternoon_time,weekday,seniors_audience,,,,,,,
low_attendance,Sport,Bronx,Mott Playground,Basketball Skills,Agency Produced Event,night_time,weekday,children_audience,young_adult_audience,teens_audience,,,,,
med_attendance,Sport,Manhattan,Highbridge Park,KIM Outdoor Programming,Community Based Event,afternoon_time,weekday,tot_audience,children_audience,teens_audience,,,,,
unknown_attendance,Sport,Bronx,Claremont Park,Soccer Skills,Agency Produced Event,afternoon_time,weekday,children_audience,young_adult_audience,teens_audience,,,,,
med_attendance,Sport,Manhattan,Anne Loftus Playground,KIM Outdoor Programming,Community Based Event,afternoon_time,weekday,tot_audience,children_audience,teens_audience,,,,,
med_attendance,Sport,Manhattan,Thomas Jefferson Park,SSE Outdoor Programming,Community Based Event,afternoon_time,weekend,tot_audience,children_audience,teens_audience,,,,,
med_attendance,Sport,Manhattan,Thomas Jefferson Park,SSE Outdoor Programming,Community Based Event,afternoon_time,weekday,tot_audience,children_audience,teens_audience,,,,,
unknown_attendance,Fitness,Staten Island,De Matti Playground,Fit Kids,Community Based Event,night_time,weekday,children_audience,teens_audience,,,,,,
med_attendance,Sport,Manhattan,Carmansville Park,KIM Outdoor Programming,Community Based Event,afternoon_time,weekday,tot_audience,children_audience,teens_audience,,,,,
med_attendance,Fitness,Staten Island,De Matti Playground,Hula Hoop Fitness,Community Based Event,afternoon_time,weekday,children_audience,teens_audience,,,,,,
med_attendance,Fitness,Bronx,St. James Recreation Center,Stretching & Relaxation,Open House,afternoon_time,weekday,adults_audience,young_adult_audience,seniors_audience,,,,,
med_attendance,Sport,Manhattan,Anne Loftus Playground,KIM Outdoor Programming,Community Based Event,afternoon_time,weekday,tot_audience,children_audience,teens_audience,adults_audience,,,,
med_attendance,Fitness,Brooklyn,St. John's Park,Summer 2020 Outdoor Program,Agency Produced Event,afternoon_time,weekday,teens_audience,seniors_audience,general_public_audience,adults_audience,,,,
low_attendance,Fitness,Brooklyn,McKinley Park,Fitness,Local Event,afternoon_time,weekday,adults_audience,,,,,,,
med_attendance,Sport,Brooklyn,Linden Park,Mobile Recreation,Community Based Event,afternoon_time,weekday,children_audience,teens_audience,young_adult_audience,general_public_audience,,,,
med_attendance,Sport,Brooklyn,McKinley Park,Soccer,Local Event,night_time,weekday,children_audience,,,,,,,
med_attendance,Sport,Bronx,Williamsbridge Oval Park,Pickleball,Community Based Event,afternoon_time,weekday,adults_audience,seniors_audience,,,,,,
unknown_attendance,Fitness,Staten Island,Freshkills Park,Stonger Than Ever - Trail Walk,Open House,afternoon_time,weekday,seniors_audience,,,,,,,
med_attendance,Sport,Brooklyn,Heckscher Playground,Youth Summer Pop Up Recreation,Local Event,afternoon_time,weekday,tot_audience,children_audience,,,,,,
med_attendance,Sport,Brooklyn,Star Spangled Playground,Youth Summer Pop Up Recreation,Local Event,afternoon_time,weekday,tot_audience,children_audience,,,,,,
unknown_attendance,Fitness,Staten Island,De Matti Playground,Sports Drills,Community Based Event,night_time,weekday,children_audience,teens_audience,,,,,,
med_attendance,Sport,Brooklyn,Linden Park,Mobile Recreation,Community Based Event,afternoon_time,weekday,children_audience,teens_audience,general_public_audience,,,,,
unknown_attendance,Fitness,Staten Island,De Matti Playground,Fit Kids,Community Based Event,afternoon_time,weekday,children_audience,teens_audience,,,,,,
med_attendance,Sport,Manhattan,Marcus Garvey Park,KIM Outdoor Programming,Community Based Event,afternoon_time,weekday,tot_audience,children_audience,teens_audience,,,,,
unknown_attendance,Fitness,Bronx,St. James Recreation Center,HIIT Circuit Fitness,Open House,morning_time,weekday,young_adult_audience,adults_audience,seniors_audience,,,,,
low_attendance,Sport,Manhattan,Hamilton Fish Park,KIM Outdoor Programming,Community Based Event,afternoon_time,weekday,children_audience,,,,,,,
med_attendance,Sport,Manhattan,Thomas Jefferson Park,Summer Sports Experience,Community Based Event,afternoon_time,weekday,tot_audience,children_audience,teens_audience,,,,,
med_attendance,Sport,Manhattan,Columbus Park,KIM Outdoor PRogramming,Community Based Event,afternoon_time,weekday,tot_audience,children_audience,teens_audience,,,,,
unknown_attendance,Fitness,Staten Island,De Matti Playground,Walk-a-Thon,Community Based Event,afternoon_time,weekday,children_audience,,,,,,,
unknown_attendance,Sport,Manhattan,Columbus Park,KIM Outdoor Programming,Community Based Event,afternoon_time,weekday,tot_audience,children_audience,teens_audience,,,,,
low_attendance,Fitness,Staten Island,Jennifer's Playground,Stronger Than Ever,Open House,afternoon_time,weekday,seniors_audience,,,,,,,
unknown_attendance,Sport,Brooklyn,Maria Hernandez,Youth Summer Pop Up Recreation,Local Event,afternoon_time,weekday,tot_audience,children_audience,,,,,,
low_attendance,Fitness,Staten Island,De Matti Playground,Fit Kids,Community Based Event,night_time,weekday,children_audience,teens_audience,,,,,,
unknown_attendance,Sport,Bronx,Castle Hill Playground,Soccer Skills,Agency Produced Event,afternoon_time,weekday,children_audience,young_adult_audience,teens_audience,,,,,
unknown_attendance,Sport,Brooklyn,Potomac Playground,Youth Summer Pop Up Recreation,Local Event,afternoon_time,weekday,tot_audience,children_audience,,,,,,
unknown_attendance,Sport,Bronx,Barretto Point Park,Basketball Skills,Agency Produced Event,night_time,weekday,children_audience,young_adult_audience,teens_audience,,,,,
unknown_attendance,Sport,Bronx,Hunts Point Playground,Basketball Skills,Agency Produced Event,night_time,weekday,children_audience,young_adult_audience,teens_audience,,,,,
unknown_attendance,Sport,Bronx,Ferry Point Park,Soccer Skills,Agency Produced Event,afternoon_time,weekday,children_audience,young_adult_audience,teens_audience,,,,,
med_attendance,Sport,Manhattan,Marcus Garvey Park,Harlem Programming,Community Based Event,afternoon_time,weekend,tot_audience,children_audience,teens_audience,,,,,
unknown_attendance,Fitness,Bronx,St. Mary's,Adult Hip hop Fitness,Open House,night_time,weekend,adults_audience,young_adult_audience,,,,,,
unknown_attendance,Fitness,Bronx,St. James Recreation Center,Salsa Aerobic,Local Event,afternoon_time,weekend,young_adult_audience,adults_audience,,,,,,
med_attendance,Fitness,Brooklyn,McKinley Park,Fitness,Local Event,night_time,weekday,young_adult_audience,,,,,,,
med_attendance,Fitness,Brooklyn,McKinley Park,Pick Up Pickle Ball,Local Event,afternoon_time,weekday,seniors_audience,,,,,,,
med_attendance,Fitness,Bronx,St. Mary's Recreation Center,Cardio + Strength,Local Event,afternoon_time,weekday,children_audience,teens_audience,,,,,,
med_attendance,Sport,Bronx,St. Mary's Recreation Center,Skills & Drills,Community Based Event,afternoon_time,weekend,teens_audience,children_audience,,,,,,
med_attendance,Sport,Bronx,St. Mary's Park,Skills & Drills,Community Based Event,afternoon_time,weekday,teens_audience,young_adult_audience,,,,,,
low_attendance,Fitness,Bronx,Soundview Park,Mindful Play,Agency Produced Event,afternoon_time,weekday,children_audience,,,,,,,
low_attendance,Fitness,Bronx,St. Mary's Park West,Trap & Spin,Open House,afternoon_time,weekday,young_adult_audience,adults_audience,,,,,,
med_attendance,Fitness,Bronx,Williamsbridge Oval Park,Chair Arobics,Community Based Event,afternoon_time,weekday,young_adult_audience,adults_audience,teens_audience,adaptive_audience,seniors_audience,general_public_audience,,
low_attendance,Fitness,Bronx,Soundview Park,Qigong,Agency Produced Event,night_time,weekday,adults_audience,,,,,,,
med_attendance,Sport,Brooklyn,Maria Hernandez,Youth Summer Pop Up Recreation,Local Event,afternoon_time,weekday,tot_audience,children_audience,,,,,,
med_attendance,Sport,Brooklyn,Hilltop Playground,Mobile Recreation,Community Based Event,afternoon_time,weekday,tot_audience,children_audience,,,,,,
med_attendance,Sport,Brooklyn,Jesse Owens Playground,Youth Summer Pop Up Recreation,Local Event,afternoon_time,weekday,tot_audience,children_audience,,,,,,
med_attendance,Fitness,Brooklyn,Leif Ericson Park,Pick up Pickle Ball,Local Event,afternoon_time,weekday,seniors_audience,,,,,,,
unknown_attendance,Sport,Brooklyn,Cypress Hills Playground,Mobile Recreation,Community Based Event,afternoon_time,weekday,children_audience,,,,,,,
med_attendance,Fitness,Brooklyn,McKinley Park,TABATA,Local Event,night_time,weekday,young_adult_audience,adults_audience,,,,,,
unknown_attendance,Sport,Brooklyn,Heckscher Playground,Youth Summer Pop Up Recreation,Local Event,afternoon_time,weekday,tot_audience,children_audience,,,,,,
med_attendance,Fitness,Bronx,Williamsbridge Oval Park,Spin 2020,Community Based Event,afternoon_time,weekday,young_adult_audience,adults_audience,teens_audience,adaptive_audience,seniors_audience,general_public_audience,,
unknown_attendance,Sport,Brooklyn,Star Spangled Playground,Youth Summer Pop Up Recreation,Local Event,afternoon_time,weekday,tot_audience,children_audience,,,,,,
unknown_attendance,Fitness,Bronx,St. Mary's Recreation Center,Step it Up,Community Based Event,night_time,weekday,children_audience,,,,,,,
unknown_attendance,Fitness,Bronx,St. Mary's Park West,Trap and Spin,Open House,afternoon_time,weekday,young_adult_audience,adults_audience,,,,,,
low_attendance,Sport,Bronx,St. James Recreation Center,Toddlers Games,Community Based Event,afternoon_time,weekday,tot_audience,,,,,,,
low_attendance,Sport,Manhattan,Hamilton Fish Park,KIM Outdoor Programming,Community Based Event,afternoon_time,weekday,tot_audience,children_audience,teens_audience,,,,,
unknown_attendance,Sport,Bronx,St. Mary's Recreation Center,Skills & Drills,Community Based Event,afternoon_time,weekday,children_audience,young_adult_audience,teens_audience,,,,,
med_attendance,Sport,Manhattan,Thomas Jefferson Park,SSE Outdoor Programming,Community Based Event,afternoon_time,weekend,tot_audience,children_audience,teens_audience,,,,,
med_attendance,Fitness,Staten Island,Jennifer's Playground,stronger than ever,Open House,afternoon_time,weekday,seniors_audience,,,,,,,
med_attendance,Fitness,Bronx,Williamsbridge Oval Park,Circuit Training,Community Based Event,afternoon_time,weekday,seniors_audience,adults_audience,,,,,,
unknown_attendance,Fitness,Staten Island,Freshkills Park,stronger than ever - trail walks,Open House,afternoon_time,weekday,seniors_audience,,,,,,,
med_attendance,Fitness,Staten Island,Jennifer's Playground,unknown_name,Open House,afternoon_time,weekday,seniors_audience,,,,,,,
med_attendance,Fitness,Staten Island,Jennifer's Playground,stronger than ever,Open House,afternoon_time,weekday,seniors_audience,,,,,,,
low_attendance,Fitness,Brooklyn,St. John's Park,Summer 2020 Outdoor Program,Agency Produced Event,afternoon_time,weekday,adults_audience,seniors_audience,general_public_audience,,,,,
med_attendance,Sport,Brooklyn,Maria Hernandez,Youth Summer Pop Up Recreation,Local Event,night_time,weekday,children_audience,tot_audience,,,,,,
med_attendance,Fitness,Brooklyn,Leif Ericson Park,Pick Up Pickle Ball,Local Event,afternoon_time,weekday,seniors_audience,,,,,,,
med_attendance,Sport,Brooklyn,Potomac Playground,Youth Summer Pop Up Recreation,Local Event,afternoon_time,weekday,tot_audience,children_audience,,,,,,
med_attendance,Fitness,Bronx,St. Mary's Park West,Trap & Spin,Open House,afternoon_time,weekday,young_adult_audience,adults_audience,,,,,,
unknown_attendance,Sport,Bronx,P.O. Serrano Playground,unknown_name,Community Based Event,night_time,weekday,children_audience,teens_audience,,,,,,
low_attendance,Sport,Bronx,St. Mary's Recreation Center,Skills & Drills,Community Based Event,afternoon_time,weekday,teens_audience,,,,,,,
low_attendance,Fitness,Bronx,St. Mary's Park,Cardio + Strength,Community Based Event,afternoon_time,weekday,teens_audience,children_audience,,,,,,
unknown_attendance,Fitness,Bronx,St. Mary's Park,Cardio + Strength,Community Based Event,afternoon_time,weekday,children_audience,teens_audience,,,,,,
low_attendance,Sport,Bronx,St. Mary's Park,unknown_name,Community Based Event,night_time,weekday,teens_audience,children_audience,,,,,,
low_attendance,Fitness,Bronx,St. Mary's Park,Cardio + Strength,Community Based Event,afternoon_time,weekday,teens_audience,children_audience,,,,,,
low_attendance,Sport,Bronx,St. Mary's Park,Skills and Drills,Community Based Event,afternoon_time,weekday,children_audience,teens_audience,,,,,,
med_attendance,Fitness,Bronx,St. Mary's Park,Cardio + Strength,Community Based Event,afternoon_time,weekday,children_audience,teens_audience,,,,,,
med_attendance,Sport,Bronx,St. Mary's Park,Skills and Drills,Community Based Event,night_time,weekday,children_audience,teens_audience,,,,,,
med_attendance,Fitness,Bronx,St. Mary's Park,Cardio + Strength,Community Based Event,afternoon_time,weekday,children_audience,teens_audience,,,,,,
med_attendance,Sport,Bronx,St. Mary's Park,Skills and Drills,Community Based Event,afternoon_time,weekday,children_audience,teens_audience,,,,,,
med_attendance,Sport,Brooklyn,Linden Park,Mobile Recreation,Community Based Event,afternoon_time,weekday,children_audience,teens_audience,general_public_audience,,,,,
med_attendance,Sport,Brooklyn,Hilltop Playground,Mobile Recreation,Community Based Event,afternoon_time,weekday,children_audience,teens_audience,,,,,,
low_attendance,Fitness,Staten Island,De Matti Playground,Hula Hoop Fitness,Community Based Event,afternoon_time,weekday,children_audience,teens_audience,,,,,,
unknown_attendance,Sport,Bronx,Williamsbridge Oval Park,Pickleball,Community Based Event,afternoon_time,weekday,seniors_audience,adults_audience,,,,,,
med_attendance,Fitness,Staten Island,De Matti Playground,Sports Drills,Community Based Event,night_time,weekday,teens_audience,children_audience,,,,,,
med_attendance,Fitness,Bronx,Williamsbridge Oval Park,Circuit Training,Community Based Event,afternoon_time,weekday,adults_audience,seniors_audience,,,,,,
unknown_attendance,Fitness,Staten Island,De Matti Playground,Walk-a-thon,Community Based Event,night_time,weekday,children_audience,,,,,,,
unknown_attendance,Sport,Bronx,Williamsbridge Oval Park,Pickleball Youth,Community Based Event,night_time,weekday,children_audience,,,,,,,
unknown_attendance,Fitness,Staten Island,De Matti Playground,Hula Hoop Fitness,Community Based Event,night_time,weekday,children_audience,teens_audience,,,,,,
unknown_attendance,Fitness,Staten Island,De Matti Playground,Hula Hoop Fitness,Community Based Event,afternoon_time,weekday,children_audience,teens_audience,,,,,,
low_attendance,Fitness,Staten Island,De Matti Playground,Sports Drills,Community Based Event,night_time,weekday,children_audience,teens_audience,,,,,,
unknown_attendance,Fitness,Staten Island,De Matti Playground,Hula Hoop Fitness,Community Based Event,night_time,weekday,children_audience,teens_audience,,,,,,
unknown_attendance,Fitness,Bronx,Williamsbridge Oval Park,Fitness Challenge,Community Based Event,night_time,weekday,children_audience,,,,,,,
med_attendance,Sport,Bronx,Williamsbridge Oval Park,Pickleball,Community Based Event,afternoon_time,weekday,adults_audience,seniors_audience,,,,,,
med_attendance,Sport,Bronx,Williamsbridge Oval Park,Sports,Community Based Event,night_time,weekday,children_audience,,,,,,,
low_attendance,Fitness,Bronx,St. James Park,A Walk In The Park,Open House,afternoon_time,weekday,adults_audience,,,,,,,
med_attendance,Sport,Bronx,Williamsbridge Oval Park,Pickleball,Community Based Event,afternoon_time,weekday,adults_audience,seniors_audience,,,,,,
low_attendance,Fitness,Brooklyn,St. John's Park,Summer 2020 Outdoor Program,Agency Produced Event,afternoon_time,weekday,adults_audience,seniors_audience,general_public_audience,,,,,
low_attendance,Sport,Bronx,Williamsbridge Oval Park,Pickleball youth,Community Based Event,night_time,weekday,children_audience,,,,,,,
med_attendance,Sport,Bronx,St. James Recreation Center,Toddlers Games,Community Based Event,afternoon_time,weekday,tot_audience,children_audience,,,,,,
low_attendance,Fitness,Staten Island,De Matti Playground,Fit Kids,Community Based Event,night_time,weekday,children_audience,teens_audience,,,,,,
unknown_attendance,Fitness,Staten Island,De Matti Playground,Fit Kids,Community Based Event,afternoon_time,weekday,children_audience,teens_audience,,,,,,
low_attendance,Fitness,Staten Island,De Matti Playground,Sports Drills,Community Based Event,night_time,weekday,children_audience,teens_audience,,,,,,
unknown_attendance,Sport,Brooklyn,Maria Hernandez,Youth Summer Pop Up Recreation,Local Event,afternoon_time,weekday,tot_audience,children_audience,,,,,,
med_attendance,Sport,Manhattan,Hamilton Fish Park,KIM Outdoor Programming,Community Based Event,afternoon_time,weekday,tot_audience,children_audience,,,,,,
med_attendance,Sport,Manhattan,St. Nicholas Playground North,KIM Outdoor Programming,Community Based Event,afternoon_time,weekday,tot_audience,children_audience,,,,,,
med_attendance,Sport,Manhattan,Thomas Jefferson Park,SSE Outdoor Programming,Community Based Event,afternoon_time,weekday,tot_audience,children_audience,teens_audience,,,,,
med_attendance,Sport,Manhattan,Columbus Park,KIM Outdoor Programming,Community Based Event,afternoon_time,weekday,tot_audience,children_audience,,,,,,
med_attendance,Sport,Manhattan,Highbridge Park,KIM Outdoor Programming,Community Based Event,afternoon_time,weekday,tot_audience,children_audience,teens_audience,adults_audience,,,,
med_attendance,Sport,Manhattan,Marcus Garvey Park,KIM Outdoor Programming,Community Based Event,afternoon_time,weekday,tot_audience,children_audience,teens_audience,,,,,
unknown_attendance,Sport,Brooklyn,Linden Park,Mobile Recreation,Community Based Event,afternoon_time,weekday,children_audience,teens_audience,,,,,,
med_attendance,Sport,Manhattan,Carmansville Park,KIM Outdoor Programming,Community Based Event,afternoon_time,weekday,tot_audience,children_audience,,,,,,
low_attendance,Sport,Manhattan,Highbridge Park,KIM Outdoor Programming,Community Based Event,afternoon_time,weekday,tot_audience,teens_audience,,,,,,
low_attendance,Sport,Manhattan,Hamilton Fish Park,KIM Outdoor Programming,Community Based Event,afternoon_time,weekday,tot_audience,children_audience,,,,,,
med_attendance,Sport,Manhattan,Highbridge Park,KIM Outdoor Programming,Community Based Event,afternoon_time,weekday,tot_audience,children_audience,teens_audience,,,,,
unknown_attendance,Sport,Brooklyn,Linden Park,Mobile Recreation,Community Based Event,afternoon_time,weekday,children_audience,teens_audience,,,,,,
unknown_attendance,Sport,Brooklyn,Linden Park,Mobile Recreation,Community Based Event,afternoon_time,weekday,children_audience,teens_audience,,,,,,
med_attendance,Fitness,Staten Island,Jennifer's Playground,Stronger Than Ever,Open House,afternoon_time,weekday,seniors_audience,,,,,,,
med_attendance,Fitness,Bronx,St. James Recreation Center,Stretching & Relaxation,Open House,afternoon_time,weekday,young_adult_audience,adults_audience,,,,,,
low_attendance,Fitness,Staten Island,Freshkills Park,Stronger Than Ever,Open House,afternoon_time,weekday,seniors_audience,,,,,,,
unknown_attendance,Fitness,Bronx,St. James Recreation Center,HIIT Circuit Fitness,Open House,morning_time,weekday,young_adult_audience,adults_audience,,,,,,
med_attendance,Sport,Brooklyn,Jesse Owens Playground,Youth Summer Pop Up Recreation,Local Event,night_time,weekday,tot_audience,children_audience,,,,,,
low_attendance,Fitness,Staten Island,De Matti Playground,Fit Kids,Community Based Event,night_time,weekday,tot_audience,children_audience,,,,,,
unknown_attendance,Fitness,Staten Island,De Matti Playground,Fit Kids,Community Based Event,afternoon_time,weekday,children_audience,teens_audience,tot_audience,,,,,
med_attendance,Fitness,Staten Island,De Matti Playground,Sports Drills,Community Based Event,night_time,weekday,children_audience,teens_audience,,,,,,
med_attendance,Sport,Manhattan,Hamilton Fish Park,KIM Outdoor Programming,Community Based Event,afternoon_time,weekday,tot_audience,children_audience,,,,,,
low_attendance,Fitness,Brooklyn,McKinley Park,Fitness,Local Event,afternoon_time,weekday,young_adult_audience,,,,,,,
med_attendance,Fitness,Brooklyn,Leif Ericson Park,Pick Up Pickleball,Local Event,afternoon_time,weekday,seniors_audience,,,,,,,
med_attendance,Sport,Manhattan,Thomas Jefferson Park,Harlem Programming,Community Based Event,afternoon_time,weekend,tot_audience,children_audience,teens_audience,,,,,
unknown_attendance,Fitness,Bronx,St. James Recreation Center,unknown_name,Community Based Event,morning_time,weekday,adults_audience,seniors_audience,general_public_audience,,,,,
med_attendance,Sport,Manhattan,Thomas Jefferson Park,Harlem Programming,Community Based Event,afternoon_time,weekend,tot_audience,children_audience,teens_audience,,,,,
med_attendance,Fitness,Bronx,St. James Recreation Center,unknown_name,Community Based Event,morning_time,weekday,young_adult_audience,adults_audience,seniors_audience,general_public_audience,,,,
med_attendance,Sport,Manhattan,Thomas Jefferson Park,Harlem Programming,Community Based Event,afternoon_time,weekend,tot_audience,children_audience,teens_audience,,,,,
med_attendance,Sport,Manhattan,Thomas Jefferson Park,SSE Outdoor Programming,Community Based Event,afternoon_time,weekday,tot_audience,children_audience,teens_audience,,,,,
unknown_attendance,Fitness,Bronx,Soundview Park,Mindful Play,Agency Produced Event,afternoon_time,weekday,children_audience,,,,,,,
low_attendance,Fitness,Bronx,Soundview Park,Qigong,Agency Produced Event,afternoon_time,weekday,adults_audience,,,,,,,
low_attendance,Fitness,Brooklyn,Sunset Park,Interval Walking,Agency Produced Event,afternoon_time,weekday,adults_audience,,,,,,,
low_attendance,Fitness,Brooklyn,Sunset Park,Flex and Stretch,Agency Produced Event,afternoon_time,weekday,adults_audience,young_adult_audience,,,,,,
unknown_attendance,Fitness,Brooklyn,Paerdegat Park,Senior Power Walk and Stretch,Agency Produced Event,afternoon_time,weekday,adults_audience,,,,,,,
med_attendance,Fitness,Brooklyn,Paerdegat Park,Senior Power Walk,Agency Produced Event,afternoon_time,weekday,adults_audience,,,,,,,
med_attendance,Fitness,Bronx,Williamsbridge Oval Park,Chair Arobics,Community Based Event,afternoon_time,weekday,adults_audience,teens_audience,adaptive_audience,seniors_audience,general_public_audience,,,
med_attendance,Fitness,Bronx,St. Mary's Park West,Trap and Spin,Open House,afternoon_time,weekday,young_adult_audience,adults_audience,,,,,,
med_attendance,Fitness,Bronx,Hunts Point Recreation Center,Outdoor Extreme HIIT Training AKA “Digital HIIT”,Local Event,afternoon_time,weekday,adults_audience,young_adult_audience,,,,,,
low_attendance,Fitness,Bronx,Hunts Point Recreation Center,Outdoor Extreme HIIT Training AKA “Digital HIIT”,Local Event,afternoon_time,weekday,general_public_audience,,,,,,,
low_attendance,Fitness,Bronx,Hunts Point Recreation Center,Outdoor Extreme HIIT Training AKA “Digital HIIT”,Local Event,night_time,weekday,general_public_audience,,,,,,,
med_attendance,Fitness,Brooklyn,Leif Ericson Park,Pick Up Pickleball,Local Event,afternoon_time,weekday,seniors_audience,,,,,,,
med_attendance,Sport,Brooklyn,Maria Hernandez,Youth Summer Pop Up Recreation,Local Event,afternoon_time,weekday,tot_audience,children_audience,adults_audience,young_adult_audience,,,,
unknown_attendance,Sport,Brooklyn,Fox Playground,Youth Summer Pop Up Reacreation,Local Event,afternoon_time,weekday,children_audience,teens_audience,,,,,,
med_attendance,Sport,Brooklyn,Century Playground,Youth Summer Pop Up Recreation,Local Event,night_time,weekday,children_audience,teens_audience,,,,,,
low_attendance,Sport,Brooklyn,Hilltop Playground,Mobile Recreation,Community Based Event,afternoon_time,weekday,tot_audience,,,,,,,
low_attendance,Sport,Brooklyn,Century Playground,Youth Summer Pop Up Recreation,Local Event,night_time,weekday,teens_audience,children_audience,,,,,,
unknown_attendance,Sport,Brooklyn,100% Playground,Youth Summer Pop Up Recreation,Local Event,night_time,weekday,teens_audience,,,,,,,
med_attendance,Sport,Brooklyn,Jesse Owens Playground,Youth Summer Pop Up Recreation,Local Event,afternoon_time,weekday,tot_audience,children_audience,,,,,,
med_attendance,Sport,Brooklyn,West Playground,Youth Summer Pop Up Recreation,Local Event,afternoon_time,weekday,children_audience,tot_audience,,,,,,
unknown_attendance,Sport,Brooklyn,Linden Park,Mobile Recreation,Community Based Event,afternoon_time,weekday,general_public_audience,,,,,,,
low_attendance,Fitness,Brooklyn,West Playground,Youth Summer Pop Up Recreation,Local Event,afternoon_time,weekday,children_audience,tot_audience,,,,,,
med_attendance,Fitness,Bronx,St. Mary's Park,Cardio + Strength,Community Based Event,afternoon_time,weekend,teens_audience,,,,,,,
med_attendance,Sport,Bronx,St. Mary's Park,Skills and Drills,Community Based Event,afternoon_time,weekend,young_adult_audience,,,,,,,
unknown_attendance,Fitness,Bronx,St. Mary's Park,Cardio + Strength,Community Based Event,afternoon_time,weekday,teens_audience,,,,,,,
low_attendance,Fitness,Staten Island,De Matti Playground,Hula Hoop Fitness,Community Based Event,afternoon_time,weekday,children_audience,tot_audience,teens_audience,,,,,
low_attendance,Fitness,Staten Island,De Matti Playground,Walk-a-thon,Community Based Event,afternoon_time,weekday,children_audience,teens_audience,,,,,,
low_attendance,Fitness,Bronx,Williamsbridge Oval Park,Spin 2020,Community Based Event,afternoon_time,weekday,young_adult_audience,adults_audience,teens_audience,adaptive_audience,seniors_audience,general_public_audience,,
low_attendance,Fitness,Staten Island,De Matti Playground,Fit Kids,Community Based Event,night_time,weekday,children_audience,teens_audience,,,,,,
med_attendance,Fitness,Bronx,Williamsbridge Oval Park,Spin 2020,Community Based Event,afternoon_time,weekday,young_adult_audience,adults_audience,general_public_audience,teens_audience,adaptive_audience,seniors_audience,,
unknown_attendance,Fitness,Staten Island,De Matti Playground,Hula Hoop Fitness,Community Based Event,night_time,weekday,children_audience,tot_audience,,,,,,
low_attendance,Sport,Staten Island,Ocean Breeze Park,Ocean Breeze Summer Sports Sizzler - Street Hockey,Open House,afternoon_time,weekday,general_public_audience,,,,,,,
med_attendance,Fitness,Staten Island,Jennifer's Playground,Stronger Than Ever,Open House,afternoon_time,weekday,seniors_audience,,,,,,,
med_attendance,Fitness,Staten Island,Ocean Breeze Park,Inspiration Motivation,Open House,afternoon_time,weekday,general_public_audience,,,,,,,
low_attendance,Fitness,Staten Island,Ocean Breeze Park,Step & Fit,Open House,afternoon_time,weekday,general_public_audience,,,,,,,
med_attendance,Fitness,Brooklyn,McKinley Park,Fitness,Local Event,afternoon_time,weekday,young_adult_audience,adults_audience,,,,,,
low_attendance,Fitness,Staten Island,Ocean Breeze Park,Step & Fit,Open House,afternoon_time,weekday,general_public_audience,,,,,,,
low_attendance,Sport,Staten Island,Ocean Breeze Park,Ocean Breeze Summer Sports Sizzler - Balance & Stability Games,Open House,afternoon_time,weekday,general_public_audience,,,,,,,
low_attendance,Sport,Bronx,St. Mary's Park,Skills & Drills,Community Based Event,afternoon_time,weekday,children_audience,teens_audience,young_adult_audience,,,,,
med_attendance,Fitness,Staten Island,Ocean Breeze Park,Bend & Flex,Open House,afternoon_time,weekday,general_public_audience,,,,,,,
med_attendance,Fitness,Staten Island,Ocean Breeze Park,Wake-Up Stretch and Relax Yoga,Open House,afternoon_time,weekday,general_public_audience,,,,,,,
med_attendance,Sport,Staten Island,Ocean Breeze Park,Ocean Breeze Summer Sports Sizzler - Soccer Skills,Open House,afternoon_time,weekday,general_public_audience,,,,,,,
med_attendance,Fitness,Brooklyn,St. John's Park,Summer 2020 Outdoor Program,Agency Produced Event,afternoon_time,weekday,adults_audience,seniors_audience,general_public_audience,,,,,
low_attendance,Fitness,Brooklyn,McKinley Park,Fitness,Local Event,night_time,weekday,young_adult_audience,adults_audience,,,,,,
med_attendance,Sport,Brooklyn,Heckscher Playground,Youth Summer Pop Up Recreation,Local Event,afternoon_time,weekday,tot_audience,children_audience,,,,,,
med_attendance,Fitness,Staten Island,De Matti Playground,Fit Kids,Community Based Event,afternoon_time,weekday,children_audience,teens_audience,,,,,,
med_attendance,Sport,Brooklyn,Star Spangled Playground,Youth Summer Pop Up Recreation,Local Event,afternoon_time,weekday,tot_audience,children_audience,,,,,,
med_attendance,Fitness,Staten Island,De Matti Playground,Fit Kids,Community Based Event,night_time,weekday,children_audience,teens_audience,,,,,,
low_attendance,Fitness,Bronx,St. Mary's Recreation Center,Step it up,Community Based Event,night_time,weekday,children_audience,,,,,,,
unknown_attendance,Fitness,Staten Island,De Matti Playground,Walk-a-thon,Community Based Event,night_time,weekday,children_audience,tot_audience,teens_audience,,,,,
med_attendance,Sport,Bronx,St. Mary's Park,Skill & Drills,Community Based Event,morning_time,weekday,adults_audience,,,,,,,
low_attendance,Sport,Staten Island,Ocean Breeze Park,Ocean Breeze Summer Sports Sizzler - Plyometrics,Open House,afternoon_time,weekday,general_public_audience,,,,,,,
unknown_attendance,Fitness,Bronx,St. Mary's Park,unknown_name,Community Based Event,afternoon_time,weekday,teens_audience,,,,,,,
med_attendance,Fitness,Staten Island,De Matti Playground,Hula Hoop Fitness,Community Based Event,night_time,weekday,teens_audience,children_audience,,,,,,
med_attendance,Sport,Brooklyn,Hilltop Playground,Mobile Recreation,Community Based Event,afternoon_time,weekday,tot_audience,children_audience,,,,,,
unknown_attendance,Fitness,Staten Island,De Matti Playground,Hula Hoop Fitness,Community Based Event,afternoon_time,weekday,children_audience,teens_audience,,,,,,
med_attendance,Fitness,Bronx,St. Mary's Park West,Trap and Spin,Open House,night_time,weekday,adults_audience,young_adult_audience,,,,,,
med_attendance,Sport,Brooklyn,Linden Park,Mobile Recreation,Community Based Event,afternoon_time,weekday,tot_audience,children_audience,teens_audience,,,,,
med_attendance,Fitness,Bronx,Williamsbridge Oval Park,Circuit Training,Community Based Event,afternoon_time,weekday,adults_audience,seniors_audience,,,,,,
med_attendance,Fitness,Bronx,St. James Recreation Center,Spin for Life,Community Based Event,morning_time,weekday,young_adult_audience,adults_audience,seniors_audience,general_public_audience,,,,
unknown_attendance,Fitness,Staten Island,De Matti Playground,Walk-a-thon,Community Based Event,night_time,weekday,children_audience,teens_audience,,,,,,
med_attendance,Fitness,Brooklyn,St. John's Park,Summer 2020 Outdoor Program,Agency Produced Event,afternoon_time,weekday,adults_audience,seniors_audience,general_public_audience,,,,,
unknown_attendance,Fitness,Bronx,Williamsbridge Oval Park,Youth Fitness,Community Based Event,night_time,weekday,children_audience,,,,,,,
med_attendance,Sport,Brooklyn,Potomac Playground,Youth Summer Pop Up Recreation,Local Event,afternoon_time,weekday,tot_audience,children_audience,,,,,,
med_attendance,Sport,Brooklyn,Maria Hernandez,Youth Summer Pop Up Recreation,Local Event,afternoon_time,weekday,tot_audience,children_audience,,,,,,
med_attendance,Fitness,Brooklyn,McKinley Park,TABATA,Local Event,night_time,weekday,young_adult_audience,adults_audience,,,,,,
unknown_attendance,Fitness,Bronx,St. Mary's Park,Cardio + Strength,Community Based Event,afternoon_time,weekday,teens_audience,,,,,,,
unknown_attendance,Sport,Bronx,St. Mary's Park,Skills & Drills,Community Based Event,afternoon_time,weekday,teens_audience,,,,,,,
med_attendance,Sport,Manhattan,Highbridge Park,KIM Outdoor Programming,Community Based Event,afternoon_time,weekday,tot_audience,children_audience,teens_audience,adults_audience,,,,
med_attendance,Sport,Bronx,St. James Recreation Center,unknown_name,Community Based Event,afternoon_time,weekday,tot_audience,children_audience,,,,,,
low_attendance,Sport,Manhattan,Carmansville Park,KIM Outdoor Programming,Community Based Event,afternoon_time,weekday,tot_audience,children_audience,,,,,,
med_attendance,Sport,Manhattan,Carmansville Park,KIM Outdoor Programming,Community Based Event,afternoon_time,weekday,tot_audience,children_audience,,,,,,
med_attendance,Fitness,Bronx,St. James Recreation Center,Stretching and Relaxation,Open House,afternoon_time,weekday,adults_audience,young_adult_audience,seniors_audience,,,,,
low_attendance,Sport,Manhattan,St. Nicholas Playground North,KIM Outdoor Programming,Community Based Event,afternoon_time,weekday,children_audience,,,,,,,
unknown_attendance,Sport,Manhattan,Marcus Garvey Park,KIM Outdoor Programming,Community Based Event,afternoon_time,weekday,tot_audience,children_audience,,,,,,
unknown_attendance,Sport,Manhattan,St. Nicholas Playground North,KIM Outdoor Programming,Community Based Event,afternoon_time,weekday,tot_audience,children_audience,,,,,,
low_attendance,Sport,Manhattan,St. Nicholas Playground North,KIM Outdoor Programming,Community Based Event,afternoon_time,weekday,tot_audience,children_audience,,,,,,
med_attendance,Sport,Manhattan,Marcus Garvey Park,Harlem Programming,Community Based Event,afternoon_time,weekend,tot_audience,children_audience,,,,,,
unknown_attendance,Sport,Manhattan,Highbridge Park,KIM Outdoor Programming,Community Based Event,afternoon_time,weekday,tot_audience,children_audience,teens_audience,,,,,
unknown_attendance,Sport,Manhattan,Columbus Park,KIM Outdoor Programming,Community Based Event,afternoon_time,weekday,tot_audience,children_audience,,,,,,
unknown_attendance,Sport,Manhattan,Thomas Jefferson Park,SSE Outdoor Programming,Community Based Event,afternoon_time,weekday,tot_audience,children_audience,,,,,,
med_attendance,Sport,Manhattan,Marcus Garvey Park,Harlem Programming,Community Based Event,afternoon_time,weekend,tot_audience,children_audience,,,,,,
low_attendance,Sport,Manhattan,Highbridge Park,KIM Outdoor Programming,Community Based Event,afternoon_time,weekday,tot_audience,children_audience,teens_audience,,,,,
med_attendance,Fitness,Staten Island,Jennifer's Playground,Stronger Than Ever,Open House,afternoon_time,weekday,seniors_audience,,,,,,,
med_attendance,Sport,Manhattan,Highbridge Park,KIM Outdoor Programming,Community Based Event,afternoon_time,weekday,adults_audience,,,,,,,
med_attendance,Sport,Manhattan,Thomas Jefferson Park,Harlem Programming,Community Based Event,afternoon_time,weekend,tot_audience,children_audience,teens_audience,,,,,
unknown_attendance,Fitness,Staten Island,Freshkills Park,Stronger Than Ever - TRail Walk,Open House,night_time,weekday,seniors_audience,,,,,,,
med_attendance,Sport,Bronx,St. James Recreation Center,Toddlers Games,Community Based Event,afternoon_time,weekday,tot_audience,children_audience,,,,,,
unknown_attendance,Sport,Brooklyn,Linden Park,Mobile Recreation,Community Based Event,afternoon_time,weekday,tot_audience,children_audience,teens_audience,general_public_audience,,,,
low_attendance,Fitness,Brooklyn,St. John's Park,Summer 2020 Outdoor Program,Agency Produced Event,afternoon_time,weekday,children_audience,adults_audience,seniors_audience,general_public_audience,,,,
med_attendance,Sport,Manhattan,Hamilton Fish Park,KIM Outdoor Programming,Community Based Event,afternoon_time,weekday,tot_audience,children_audience,,,,,,
unknown_attendance,Fitness,Bronx,St. Mary's Recreation Center,unknown_name,Community Based Event,afternoon_time,weekday,children_audience,,,,,,,
unknown_attendance,Fitness,Staten Island,Freshkills Park,Stronger Than Ever - Trail Walk,Open House,afternoon_time,weekday,seniors_audience,,,,,,,
med_attendance,Sport,Bronx,St. Mary's Park,unknown_name,Community Based Event,afternoon_time,weekday,children_audience,,,,,,,
low_attendance,Fitness,Brooklyn,McKinley Park,Fitness,Open House,night_time,weekday,young_adult_audience,adults_audience,,,,,,
low_attendance,Fitness,Brooklyn,McKinley Park,Fitness,Local Event,afternoon_time,weekday,young_adult_audience,adults_audience,,,,,,
low_attendance,Fitness,Brooklyn,Sunset Park,Interval Walking,Agency Produced Event,afternoon_time,weekday,adults_audience,,,,,,,
med_attendance,Fitness,Brooklyn,Paerdegat Park,Balance and Stretch,Agency Produced Event,afternoon_time,weekday,adults_audience,,,,,,,
low_attendance,Fitness,Brooklyn,Sunset Park,Interval Power Walk,Agency Produced Event,afternoon_time,weekday,young_adult_audience,adults_audience,,,,,,
low_attendance,Fitness,Brooklyn,Paerdegat Park,Senior Power Walk,Agency Produced Event,afternoon_time,weekday,adults_audience,,,,,,,
unknown_attendance,Fitness,Brooklyn,Paerdegat Park,Senior Power Walk,Agency Produced Event,afternoon_time,weekday,adults_audience,,,,,,,
low_attendance,Fitness,Brooklyn,Sunset Park,Flex and Stretch,Agency Produced Event,afternoon_time,weekday,adults_audience,,,,,,,
med_attendance,Fitness,Bronx,St. James Recreation Center,fITNESS Hiit Circuit,Open House,morning_time,weekday,young_adult_audience,adults_audience,,,,,,
med_attendance,Fitness,Brooklyn,Leif Ericson Park,Pick Up Pickleball,Local Event,afternoon_time,weekday,seniors_audience,,,,,,,
med_attendance,Fitness,Brooklyn,McKinley Park,Fitness,Local Event,night_time,weekday,adults_audience,,,,,,,
med_attendance,Fitness,Queens,Beach 17th Street,Spin,Community Based Event,afternoon_time,weekday,tot_audience,general_public_audience,children_audience,,,,,
low_attendance,Sport,Queens,Detective Keith L Williams Park,Summer Sports Experience,Community Based Event,afternoon_time,weekday,tot_audience,general_public_audience,children_audience,,,,,
low_attendance,Sport,Queens,Detective Keith L Williams Park,Summer Sports Experience,Community Based Event,afternoon_time,weekday,tot_audience,children_audience,general_public_audience,,,,,
low_attendance,Sport,Queens,Juniper Valley Park,Summer Sports Experience,Community Based Event,afternoon_time,weekday,children_audience,tot_audience,general_public_audience,,,,,
unknown_attendance,Sport,Queens,Juniper Valley Park,Summer Sports Experience,Community Based Event,afternoon_time,weekday,tot_audience,children_audience,general_public_audience,,,,,
low_attendance,Sport,Queens,Beach 17th Street,Summer Sports Experience,Community Based Event,afternoon_time,weekend,tot_audience,children_audience,general_public_audience,,,,,
unknown_attendance,Sport,Queens,Kissena Park,Summer Sports Experience,Community Based Event,afternoon_time,weekday,tot_audience,children_audience,general_public_audience,,,,,
low_attendance,Sport,Queens,Beach 17th Street,Summer Sports Experience,Community Based Event,afternoon_time,weekday,tot_audience,general_public_audience,children_audience,,,,,
low_attendance,Sport,Queens,Bayswater Park,Summer Sports Experience,Community Based Event,afternoon_time,weekend,tot_audience,general_public_audience,children_audience,,,,,
med_attendance,Sport,Queens,Hunter's Point South Park,Kids in Motion Pop-Up,Community Based Event,afternoon_time,weekday,tot_audience,general_public_audience,children_audience,,,,,
med_attendance,Sport,Brooklyn,Maria Hernandez,Youth Summer Pop Up Recreation,Local Event,afternoon_time,weekday,adults_audience,teens_audience,tot_audience,children_audience,young_adult_audience,,,
med_attendance,Sport,Brooklyn,Jesse Owens Playground,Youth Summer Pop Up Recreation,Local Event,afternoon_time,weekday,tot_audience,young_adult_audience,children_audience,,,,,
med_attendance,Fitness,Bronx,Williamsbridge Oval Park,Hockey,Community Based Event,night_time,weekday,children_audience,,,,,,,
low_attendance,Sport,Bronx,Williamsbridge Oval Park,Youth Pickleball,Community Based Event,night_time,weekday,children_audience,,,,,,,
low_attendance,Fitness,Bronx,Williamsbridge Oval Park,Hike Time,Community Based Event,afternoon_time,weekday,seniors_audience,,,,,,,
med_attendance,Fitness,Bronx,Williamsbridge Oval Park,Pickleball,Community Based Event,afternoon_time,weekday,adults_audience,seniors_audience,,,,,,
unknown_attendance,Fitness,Bronx,St. Mary's Park,Cardio + Strength,Community Based Event,afternoon_time,weekend,teens_audience,,,,,,,
unknown_attendance,Fitness,Bronx,St. Mary's Park,Hip Hop Fitness,Open House,night_time,weekend,adults_audience,young_adult_audience,,,,,,
unknown_attendance,Fitness,Bronx,St. Mary's Park West,Trap & Spin,Open House,afternoon_time,weekend,young_adult_audience,adults_audience,,,,,,
unknown_attendance,Sport,Bronx,St. Mary's Recreation Center,Skills & Drills,Community Based Event,afternoon_time,weekend,teens_audience,,,,,,,
med_attendance,Sport,Bronx,St. Mary's Park,skills & drills,Community Based Event,afternoon_time,weekend,children_audience,teens_audience,,,,,,
low_attendance,Sport,Bronx,St. Mary's Park,skills & drills,Community Based Event,afternoon_time,weekday,children_audience,,,,,,,
med_attendance,Sport,Bronx,St. Mary's Park,skills & drills,Community Based Event,afternoon_time,weekday,teens_audience,young_adult_audience,children_audience,,,,,
low_attendance,Fitness,Bronx,St. Mary's Recreation Center,step it up,Community Based Event,night_time,weekend,children_audience,,,,,,,
med_attendance,Sport,Bronx,St. Mary's Park,skills & drills,Community Based Event,afternoon_time,weekend,children_audience,,,,,,,
unknown_attendance,Sport,Bronx,St. Mary's Park,skills & drills,Community Based Event,night_time,weekend,children_audience,,,,,,,
low_attendance,Fitness,Bronx,St. Mary's Recreation Center,step it up,Community Based Event,night_time,weekday,children_audience,,,,,,,
med_attendance,Fitness,Bronx,St. Mary's Recreation Center,step it up,Community Based Event,night_time,weekend,children_audience,,,,,,,
med_attendance,Sport,Bronx,St. Mary's Park,skills & drills,Community Based Event,afternoon_time,weekday,teens_audience,,,,,,,
low_attendance,Fitness,Bronx,St. Mary's Recreation Center,step it up,Community Based Event,night_time,weekday,children_audience,,,,,,,
med_attendance,Sport,Bronx,St. Mary's Park,unknown_name,Community Based Event,afternoon_time,weekday,teens_audience,,,,,,,
med_attendance,Sport,Bronx,St. Mary's Park,skills & drills,Community Based Event,afternoon_time,weekday,teens_audience,,,,,,,
med_attendance,Sport,Bronx,St. Mary's Park,skills & drills,Community Based Event,afternoon_time,weekday,teens_audience,children_audience,,,,,,
med_attendance,Sport,Bronx,St. Mary's Recreation Center,skills & drills,Community Based Event,afternoon_time,weekend,young_adult_audience,teens_audience,,,,,,
low_attendance,Fitness,Bronx,St. Mary's Recreation Center,step it up,Community Based Event,night_time,weekend,children_audience,,,,,,,
unknown_attendance,Sport,Bronx,St. Mary's Recreation Center,skills & drills,Community Based Event,night_time,weekend,children_audience,,,,,,,
low_attendance,Sport,Bronx,St. Mary's Recreation Center,step it up,Community Based Event,night_time,weekend,children_audience,,,,,,,
unknown_attendance,Sport,Bronx,St. Mary's Recreation Center,step it up,Community Based Event,night_time,weekday,children_audience,,,,,,,
unknown_attendance,Sport,Bronx,St. Mary's Park,skills & drills,Community Based Event,night_time,weekday,teens_audience,,,,,,,
unknown_attendance,Sport,Bronx,St. Mary's Recreation Center,skills & drills,Community Based Event,night_time,weekday,children_audience,,,,,,,
unknown_attendance,Sport,Bronx,St. Mary's Recreation Center,skills & drills,Community Based Event,night_time,weekday,children_audience,teens_audience,,,,,,
unknown_attendance,Fitness,Bronx,Soundview Park,Qigong at Soundview Park,Agency Produced Event,afternoon_time,weekday,adults_audience,,,,,,,
med_attendance,Sport,Bronx,St. Mary's Recreation Center,skills & drills,Community Based Event,afternoon_time,weekday,teens_audience,,,,,,,
unknown_attendance,Sport,Bronx,St. Mary's Recreation Center,skills & drills,Community Based Event,night_time,weekday,children_audience,,,,,,,
med_attendance,Fitness,Bronx,Williamsbridge Oval Park,Chair Arobics,Community Based Event,afternoon_time,weekday,young_adult_audience,adults_audience,teens_audience,adaptive_audience,seniors_audience,general_public_audience,,
med_attendance,Sport,Brooklyn,Hilltop Playground,Mobile Recreation,Community Based Event,afternoon_time,weekday,tot_audience,children_audience,,,,,,
unknown_attendance,Fitness,Bronx,Soundview Park,Mindful Play,Agency Produced Event,afternoon_time,weekday,children_audience,,,,,,,
unknown_attendance,Sport,Bronx,St. Mary's Recreation Center,step it up,Community Based Event,night_time,weekday,children_audience,,,,,,,
med_attendance,Fitness,Bronx,St. Mary's Park,Trap and Spin,Open House,afternoon_time,weekday,young_adult_audience,adults_audience,,,,,,
med_attendance,Fitness,Bronx,St. James Recreation Center,Spin for Life,Community Based Event,morning_time,weekday,young_adult_audience,adults_audience,general_public_audience,,,,,
med_attendance,Sport,Brooklyn,Maria Hernandez,Youth Summer Pop Up Recreation,Local Event,afternoon_time,weekday,tot_audience,children_audience,,,,,,
med_attendance,Sport,Brooklyn,Jesse Owens Playground,Youth Summer Pop Up Recreation,Local Event,afternoon_time,weekday,tot_audience,children_audience,young_adult_audience,,,,,
med_attendance,Fitness,Brooklyn,Leif Ericson Park,Pick Up Pickleball,Local Event,afternoon_time,weekday,seniors_audience,,,,,,,
med_attendance,Fitness,Staten Island,De Matti Playground,Walk-a-thon,Community Based Event,night_time,weekday,children_audience,teens_audience,,,,,,
med_attendance,Fitness,Staten Island,De Matti Playground,Hula Hoop Fitness,Community Based Event,afternoon_time,weekday,children_audience,teens_audience,,,,,,
med_attendance,Fitness,Brooklyn,McKinley Park,TABATA,Local Event,night_time,weekday,adults_audience,,,,,,,
low_attendance,Fitness,Staten Island,De Matti Playground,Hula Hoop Fitness,Community Based Event,night_time,weekday,children_audience,teens_audience,,,,,,
unknown_attendance,Fitness,Staten Island,De Matti Playground,Hula Hoop Fitness,Community Based Event,night_time,weekday,children_audience,teens_audience,,,,,,
low_attendance,Fitness,Staten Island,De Matti Playground,Fit Kids,Community Based Event,night_time,weekday,children_audience,teens_audience,,,,,,
unknown_attendance,Fitness,Staten Island,De Matti Playground,Fit Kids,Community Based Event,night_time,weekday,children_audience,teens_audience,,,,,,
med_attendance,Fitness,Staten Island,De Matti Playground,Sports Drills,Community Based Event,night_time,weekday,children_audience,teens_audience,,,,,,
med_attendance,Fitness,Staten Island,De Matti Playground,Hula Hoop Fitness,Community Based Event,afternoon_time,weekday,children_audience,teens_audience,,,,,,
unknown_attendance,Fitness,Staten Island,De Matti Playground,Sports Drills,Community Based Event,night_time,weekday,children_audience,teens_audience,,,,,,
unknown_attendance,Fitness,Staten Island,De Matti Playground,Walk-a-thon,Community Based Event,afternoon_time,weekday,children_audience,teens_audience,,,,,,
med_attendance,Fitness,Bronx,Williamsbridge Oval Park,Spin 2020,Community Based Event,afternoon_time,weekday,young_adult_audience,adults_audience,seniors_audience,general_public_audience,,,,
med_attendance,Fitness,Staten Island,De Matti Playground,Fit Kids,Community Based Event,afternoon_time,weekday,children_audience,teens_audience,,,,,,
med_attendance,Sport,Brooklyn,Linden Park,Mobile Recreation,Community Based Event,afternoon_time,weekday,tot_audience,children_audience,teens_audience,general_public_audience,,,,
med_attendance,Fitness,Brooklyn,St. John's Park,Summer 2020 Outdoor Program,Agency Produced Event,afternoon_time,weekday,adults_audience,seniors_audience,general_public_audience,,,,,
med_attendance,Sport,Brooklyn,Heckscher Playground,Youth Summer Pop Up Recreation,Local Event,afternoon_time,weekday,tot_audience,children_audience,young_adult_audience,,,,,
med_attendance,Sport,Brooklyn,Star Spangled Playground,Youth Summer Pop Up Recreation,Local Event,afternoon_time,weekday,tot_audience,children_audience,young_adult_audience,,,,,
low_attendance,Fitness,Staten Island,De Matti Playground,Walk-a-thon,Community Based Event,night_time,weekday,children_audience,teens_audience,,,,,,
low_attendance,Fitness,Staten Island,De Matti Playground,Hula Hoop Fitness,Community Based Event,night_time,weekday,children_audience,teens_audience,,,,,,
low_attendance,Fitness,Staten Island,De Matti Playground,Fit Kids,Community Based Event,night_time,weekday,children_audience,teens_audience,,,,,,
unknown_attendance,Fitness,Staten Island,De Matti Playground,Sports Drills,Community Based Event,night_time,weekday,children_audience,teens_audience,,,,,,
low_attendance,Fitness,Brooklyn,McKinley Park,Fitness,Local Event,night_time,weekday,adults_audience,,,,,,,
low_attendance,Fitness,Brooklyn,McKinley Park,Fitness,Local Event,afternoon_time,weekday,adults_audience,,,,,,,
unknown_attendance,Sport,Bronx,St. Mary's Park,Skills and Drills,Community Based Event,afternoon_time,weekday,teens_audience,,,,,,,
unknown_attendance,Fitness,Bronx,St. Mary's Park,Cardio + Strength,Community Based Event,afternoon_time,weekday,teens_audience,,,,,,,
low_attendance,Fitness,Bronx,St. Mary's Park,Cardio + Strength,Community Based Event,afternoon_time,weekday,teens_audience,,,,,,,
med_attendance,Fitness,Queens,St. Albans Park,Kids in Motion,Community Based Event,afternoon_time,weekday,seniors_audience,adults_audience,general_public_audience,,,,,
med_attendance,Fitness,Queens,Nautilus Playground,Kids in Motion,Community Based Event,afternoon_time,weekday,adults_audience,seniors_audience,,,,,,
med_attendance,Fitness,Queens,St. Albans Park,Kids in Motion,Community Based Event,afternoon_time,weekday,seniors_audience,adults_audience,general_public_audience,,,,,
med_attendance,Sport,Manhattan,Thomas Jefferson Park,SSE Outdoor PRogramming,Community Based Event,afternoon_time,weekday,tot_audience,children_audience,teens_audience,,,,,
low_attendance,Sport,Manhattan,St. Nicholas Playground North,KIM Outdoor Programming,Community Based Event,afternoon_time,weekday,tot_audience,children_audience,,,,,,
med_attendance,Sport,Manhattan,Highbridge Park,KIM Outdoor Programming,Community Based Event,afternoon_time,weekday,tot_audience,children_audience,teens_audience,adults_audience,,,,
med_attendance,Fitness,Bronx,St. James Recreation Center,Spin for Life,Community Based Event,morning_time,weekday,young_adult_audience,adults_audience,teens_audience,seniors_audience,,,,
med_attendance,Sport,Manhattan,Thomas Jefferson Park,SSE Outdoor Programming,Community Based Event,afternoon_time,weekday,tot_audience,children_audience,teens_audience,,,,,
med_attendance,Sport,Manhattan,St. Nicholas Playground North,KIM Outdoor Programming,Community Based Event,afternoon_time,weekday,tot_audience,children_audience,teens_audience,,,,,
unknown_attendance,Sport,Staten Island,Ocean Breeze Park,Ocean Breeze Summer Sports Sizzler - Plyometrics,Open House,afternoon_time,weekday,general_public_audience,,,,,,,
med_attendance,Fitness,Staten Island,Ocean Breeze Park,Inspiration Motivation,Open House,afternoon_time,weekday,general_public_audience,,,,,,,
unknown_attendance,Sport,Staten Island,Ocean Breeze Park,Ocean Breeze Summer Sports Sizzler - Street Hockey,Open House,afternoon_time,weekday,general_public_audience,,,,,,,
unknown_attendance,Fitness,Queens,Beach 17th Street,Boot Camp,Community Based Event,afternoon_time,weekday,young_adult_audience,adults_audience,seniors_audience,general_public_audience,,,,
med_attendance,Fitness,Queens,Beach 17th Street,Spin,Community Based Event,afternoon_time,weekday,adults_audience,general_public_audience,seniors_audience,,,,,
unknown_attendance,Sport,Brooklyn,Hilltop Playground,Mobile Recreation,Community Based Event,afternoon_time,weekday,tot_audience,,,,,,,
low_attendance,Sport,Bronx,St. James Park,unknown_name,Community Based Event,afternoon_time,weekday,children_audience,tot_audience,,,,,,
med_attendance,Fitness,Brooklyn,McKinley Park,TABATA,Local Event,night_time,weekday,adults_audience,seniors_audience,,,,,,
unknown_attendance,Fitness,Brooklyn,Leif Ericson Park,Pick Up Pickleball,Local Event,afternoon_time,weekday,seniors_audience,,,,,,,
unknown_attendance,Fitness,Bronx,St. Mary's park Parking Lot,Trap and Spin,Open House,afternoon_time,weekday,adults_audience,young_adult_audience,,,,,,
med_attendance,Fitness,Bronx,St. James Recreation Center,Spin for Life,Community Based Event,morning_time,weekday,young_adult_audience,adults_audience,seniors_audience,,,,,
med_attendance,Fitness,Bronx,St. James Recreation Center,Stretching & Relaxation,Open House,afternoon_time,weekday,young_adult_audience,adults_audience,seniors_audience,,,,,
unknown_attendance,Fitness,Staten Island,De Matti Playground,Hula Hoop Fitness,Community Based Event,afternoon_time,weekday,children_audience,teens_audience,,,,,,
unknown_attendance,Fitness,Staten Island,De Matti Playground,Hula Hoop Fitness,Community Based Event,night_time,weekday,children_audience,teens_audience,,,,,,
unknown_attendance,Fitness,Staten Island,De Matti Playground,Walk-a-thon,Community Based Event,afternoon_time,weekday,children_audience,teens_audience,,,,,,
low_attendance,Fitness,Staten Island,De Matti Playground,Fit Kids,Community Based Event,night_time,weekday,children_audience,teens_audience,,,,,,
unknown_attendance,Fitness,Staten Island,De Matti Playground,Sports Drills,Community Based Event,night_time,weekday,children_audience,teens_audience,,,,,,
unknown_attendance,Fitness,Staten Island,De Matti Playground,Walk-a-thon,Community Based Event,night_time,weekday,tot_audience,children_audience,teens_audience,,,,,
unknown_attendance,Fitness,Staten Island,De Matti Playground,Hula Hoop Fitness,Community Based Event,night_time,weekday,tot_audience,teens_audience,children_audience,,,,,
unknown_attendance,Fitness,Staten Island,De Matti Playground,Fit Kids,Community Based Event,afternoon_time,weekday,children_audience,teens_audience,,,,,,
unknown_attendance,Fitness,Staten Island,De Matti Playground,Sports Drills,Community Based Event,night_time,weekday,tot_audience,children_audience,teens_audience,,,,,
low_attendance,Fitness,Bronx,St. James Recreation Center,A Walk In The Park,Community Based Event,afternoon_time,weekday,adults_audience,,,,,,,
med_attendance,Sport,Bronx,St. James Recreation Center,Toddler Games,Community Based Event,afternoon_time,weekday,tot_audience,children_audience,,,,,,
med_attendance,Sport,Brooklyn,Linden Park,Mobile Recreation,Community Based Event,afternoon_time,weekday,tot_audience,children_audience,teens_audience,,,,,
med_attendance,Sport,Brooklyn,Coffey Park,Youth Summer Pop Up Recreation,Local Event,afternoon_time,weekday,tot_audience,children_audience,young_adult_audience,,,,,
med_attendance,Fitness,Brooklyn,St. John's Park,Summer 2020 Outdoor Program,Agency Produced Event,afternoon_time,weekday,young_adult_audience,adults_audience,seniors_audience,general_public_audience,,,,
low_attendance,Fitness,Brooklyn,McKinley Park,Fitness,Local Event,afternoon_time,weekday,adults_audience,,,,,,,
med_attendance,Fitness,Brooklyn,McKinley Park,Fitness,Local Event,night_time,weekday,young_adult_audience,adults_audience,,,,,,
med_attendance,Sport,Queens,Juniper Valley Park,Summer Sports Experience,Community Based Event,afternoon_time,weekday,tot_audience,general_public_audience,children_audience,,,,,
med_attendance,Sport,Queens,Detective Keith L Williams Park,Summer Sports Experience,Community Based Event,afternoon_time,weekday,general_public_audience,,,,,,,
med_attendance,Fitness,Bronx,St. James Recreation Center,HIIT Circuit training,Open House,morning_time,weekday,young_adult_audience,adults_audience,seniors_audience,,,,,
low_attendance,Fitness,Brooklyn,Sunset Park,Interval Power Walk,Agency Produced Event,afternoon_time,weekday,adults_audience,,,,,,,
med_attendance,Sport,Queens,Kissena Park,Summer Sports Experience,Community Based Event,afternoon_time,weekend,general_public_audience,,,,,,,
low_attendance,Fitness,Brooklyn,Paerdegat Park,Senior Stretch,Agency Produced Event,afternoon_time,weekday,seniors_audience,,,,,,,
low_attendance,Fitness,Brooklyn,Paerdegat Park,Senior Power Walk,Agency Produced Event,afternoon_time,weekday,adults_audience,,,,,,,
unknown_attendance,Fitness,Brooklyn,Sunset Park,Interval Power Walk,Agency Produced Event,afternoon_time,weekday,adults_audience,,,,,,,
low_attendance,Fitness,Brooklyn,Sunset Park,Flex and Stretch,Agency Produced Event,afternoon_time,weekday,adults_audience,seniors_audience,,,,,,
med_attendance,Sport,Manhattan,Thomas Jefferson Park,SSE Outdoor Programming,Community Based Event,afternoon_time,weekday,tot_audience,children_audience,teens_audience,,,,,
low_attendance,Fitness,Brooklyn,Paerdegat Park,Flex and Stretch,Agency Produced Event,afternoon_time,weekday,seniors_audience,,,,,,,
med_attendance,Sport,Manhattan,Columbus Park,KIM Outdoor Programming,Community Based Event,afternoon_time,weekday,tot_audience,children_audience,,,,,,
med_attendance,Sport,Brooklyn,Maria Hernandez,Youth Summer Pop Up Recreation,Open House,afternoon_time,weekday,tot_audience,children_audience,young_adult_audience,,,,,
med_attendance,Fitness,Brooklyn,Leif Ericson Park,Pick Up Pickleball,Local Event,afternoon_time,weekday,seniors_audience,,,,,,,
med_attendance,Sport,Brooklyn,Jesse Owens Playground,Youth Summer Pop Up Recreation,Local Event,afternoon_time,weekday,tot_audience,children_audience,,,,,,
med_attendance,Fitness,Brooklyn,McKinley Park,Fitness,Local Event,night_time,weekday,teens_audience,,,,,,,
med_attendance,Fitness,Manhattan,James J Walker Park,Boot Camp,Local Event,afternoon_time,weekday,adults_audience,young_adult_audience,,,,,,
low_attendance,Fitness,Manhattan,James J Walker Park,Boot Camp,Local Event,afternoon_time,weekday,adults_audience,young_adult_audience,,,,,,
med_attendance,Fitness,Manhattan,James J Walker Park,Boot Camp,Local Event,afternoon_time,weekend,adults_audience,young_adult_audience,,,,,,
med_attendance,Fitness,Staten Island,Jennifer's Playground,Stronger Than Ever,Open House,afternoon_time,weekday,seniors_audience,,,,,,,
med_attendance,Fitness,Staten Island,Jennifer's Playground,Stronger Than Ever,Open House,afternoon_time,weekday,seniors_audience,,,,,,,
med_attendance,Fitness,Staten Island,Jennifer's Playground,Stronger Than ever,Open House,afternoon_time,weekday,seniors_audience,,,,,,,
unknown_attendance,Fitness,Bronx,Williamsbridge Oval Park,Circuit Training,Community Based Event,afternoon_time,weekday,adults_audience,seniors_audience,,,,,,
med_attendance,Fitness,Staten Island,Jennifer's Playground,Stronger Than Ever,Open House,afternoon_time,weekday,seniors_audience,,,,,,,
med_attendance,Sport,Bronx,Williamsbridge Oval Park,Hockey,Community Based Event,night_time,weekday,children_audience,,,,,,,
med_attendance,Fitness,Bronx,Williamsbridge Oval Park,Pickleball,Community Based Event,afternoon_time,weekday,adults_audience,seniors_audience,,,,,,
low_attendance,Fitness,Bronx,St. Mary's Recreation Center,step it up,Community Based Event,night_time,weekend,children_audience,,,,,,,
med_attendance,Fitness,Bronx,Williamsbridge Oval Park,Chair Arobics,Community Based Event,afternoon_time,weekday,young_adult_audience,adults_audience,adaptive_audience,seniors_audience,general_public_audience,,,
low_attendance,Sport,Bronx,St. Mary's Park,skills & drills,Community Based Event,afternoon_time,weekend,teens_audience,,,,,,,
unknown_attendance,Fitness,Bronx,Seton Park,Mindful Play,Agency Produced Event,afternoon_time,weekday,tot_audience,children_audience,,,,,,
unknown_attendance,Fitness,Bronx,Soundview Park,Qigong,Agency Produced Event,afternoon_time,weekday,adults_audience,,,,,,,
med_attendance,Sport,Brooklyn,Hilltop Playground,Mobile Recreation,Community Based Event,afternoon_time,weekday,tot_audience,children_audience,,,,,,
med_attendance,Sport,Manhattan,Anne Loftus Playground,KIM Outdoor Programming,Community Based Event,afternoon_time,weekday,tot_audience,children_audience,teens_audience,adults_audience,,,,
med_attendance,Sport,Manhattan,Anne Loftus Playground,KIM Outdoor Programming,Community Based Event,afternoon_time,weekday,tot_audience,children_audience,teens_audience,adults_audience,,,,
med_attendance,Fitness,Brooklyn,Leif Ericson Park,Pick Up Pickleball,Local Event,afternoon_time,weekday,seniors_audience,,,,,,,
med_attendance,Sport,Manhattan,Highbridge Park,KIM Outdoor Programming,Community Based Event,afternoon_time,weekday,tot_audience,children_audience,teens_audience,adults_audience,,,,
med_attendance,Fitness,Brooklyn,McKinley Park,Fitness,Local Event,morning_time,weekday,young_adult_audience,adults_audience,,,,,,
med_attendance,Sport,Brooklyn,Jesse Owens Playground,Youth Summer Pop Up Recreation,Local Event,afternoon_time,weekday,tot_audience,children_audience,teens_audience,,,,,
low_attendance,Sport,Bronx,St. Mary's Park,Skills & drills,Community Based Event,afternoon_time,weekday,teens_audience,,,,,,,
low_attendance,Sport,Bronx,St. Mary's Recreation Center,step it up,Community Based Event,night_time,weekday,children_audience,,,,,,,
med_attendance,Sport,Brooklyn,Maria Hernandez,Youth Summer Pop Up Recreation,Local Event,afternoon_time,weekday,tot_audience,children_audience,,,,,,
low_attendance,Sport,Bronx,St. Mary's Park,skills & drills,Community Based Event,afternoon_time,weekday,children_audience,,,,,,,
med_attendance,Sport,Bronx,St. Mary's Park,skills & drills,Community Based Event,afternoon_time,weekday,children_audience,teens_audience,,,,,,
low_attendance,Fitness,Staten Island,De Matti Playground,Walk-a-thon,Community Based Event,afternoon_time,weekday,children_audience,tot_audience,,,,,,
low_attendance,Fitness,Staten Island,De Matti Playground,Sports Drills,Community Based Event,afternoon_time,weekday,children_audience,teens_audience,,,,,,
low_attendance,Fitness,Bronx,Williamsbridge Oval Park,Spin 2020,Community Based Event,afternoon_time,weekday,young_adult_audience,adults_audience,seniors_audience,general_public_audience,,,,
med_attendance,Fitness,Bronx,Williamsbridge Oval Park,Spin 2020,Community Based Event,afternoon_time,weekday,young_adult_audience,adults_audience,seniors_audience,general_public_audience,,,,
med_attendance,Fitness,Staten Island,De Matti Playground,Fit Kids,Community Based Event,night_time,weekday,tot_audience,teens_audience,children_audience,,,,,
med_attendance,Sport,Bronx,Williamsbridge Oval Park,Pickle ball,Community Based Event,afternoon_time,weekday,seniors_audience,,,,,,,
low_attendance,Fitness,Staten Island,De Matti Playground,Fit Kids,Community Based Event,night_time,weekday,children_audience,teens_audience,,,,,,
low_attendance,Fitness,Staten Island,De Matti Playground,Walk-a-thon,Community Based Event,afternoon_time,weekday,tot_audience,children_audience,teens_audience,,,,,
low_attendance,Fitness,Staten Island,De Matti Playground,Sports Drills,Community Based Event,night_time,weekday,tot_audience,children_audience,teens_audience,,,,,
med_attendance,Sport,Bronx,Williamsbridge Oval Park,Pickle Ball,Community Based Event,afternoon_time,weekday,seniors_audience,,,,,,,
med_attendance,Fitness,Staten Island,De Matti Playground,Hula Hoop Fitness,Community Based Event,afternoon_time,weekday,children_audience,teens_audience,tot_audience,,,,,
med_attendance,Fitness,Staten Island,De Matti Playground,Hula Hoop Fitness,Community Based Event,night_time,weekday,tot_audience,teens_audience,children_audience,,,,,
low_attendance,Sport,Bronx,Williamsbridge Oval Park,Sports Drills,Community Based Event,night_time,weekday,children_audience,,,,,,,
low_attendance,Sport,Bronx,Williamsbridge Oval Park,Sports drills,Community Based Event,night_time,weekday,children_audience,,,,,,,
med_attendance,Fitness,Staten Island,De Matti Playground,Sports Drills,Community Based Event,night_time,weekday,tot_audience,children_audience,teens_audience,,,,,
med_attendance,Fitness,Staten Island,De Matti Playground,Fit Kids,Community Based Event,night_time,weekday,tot_audience,children_audience,teens_audience,,,,,
med_attendance,Sport,Bronx,Williamsbridge Oval Park,Pickle Ball,Community Based Event,afternoon_time,weekday,seniors_audience,,,,,,,
med_attendance,Sport,Brooklyn,Star Spangled Playground,Youth Summer Pop Up Recreation,Local Event,afternoon_time,weekday,tot_audience,children_audience,,,,,,
med_attendance,Sport,Brooklyn,Heckscher Playground,Youth Summer Pop Up Recreation,Local Event,afternoon_time,weekday,tot_audience,children_audience,,,,,,
med_attendance,Fitness,Staten Island,De Matti Playground,Fit Kids,Community Based Event,afternoon_time,weekday,tot_audience,children_audience,teens_audience,,,,,
med_attendance,Fitness,Brooklyn,St. John's Park,Summer 2020 Outdoor Program,Agency Produced Event,afternoon_time,weekday,children_audience,adults_audience,seniors_audience,general_public_audience,,,,
low_attendance,Fitness,Brooklyn,McKinley Park,TABATA,Local Event,night_time,weekday,young_adult_audience,adults_audience,,,,,,
med_attendance,Fitness,Staten Island,De Matti Playground,Sports Drills,Community Based Event,night_time,weekday,tot_audience,children_audience,teens_audience,,,,,
unknown_attendance,Fitness,Staten Island,De Matti Playground,Walk-a-thon,Community Based Event,night_time,weekday,children_audience,tot_audience,teens_audience,,,,,
low_attendance,Fitness,Staten Island,De Matti Playground,Hula Hoop Fitness,Community Based Event,night_time,weekday,tot_audience,children_audience,teens_audience,,,,,
med_attendance,Fitness,Brooklyn,McKinley Park,TABATA,Local Event,afternoon_time,weekday,adults_audience,,,,,,,
low_attendance,Fitness,Staten Island,De Matti Playground,Fit Kids,Community Based Event,night_time,weekday,tot_audience,children_audience,teens_audience,,,,,
low_attendance,Sport,Manhattan,Hamilton Fish Park,KIM Outdoor Programming,Community Based Event,afternoon_time,weekday,tot_audience,children_audience,teens_audience,,,,,
med_attendance,Sport,Manhattan,Hamilton Fish Park,KIM Outdoor Programming,Community Based Event,afternoon_time,weekday,tot_audience,children_audience,teens_audience,,,,,
med_attendance,Sport,Manhattan,St. Nicholas Playground North,KIM Outdoor Programming,Community Based Event,afternoon_time,weekday,tot_audience,children_audience,,,,,,
med_attendance,Sport,Manhattan,Highbridge Park,KIM Outdoor Programming,Community Based Event,afternoon_time,weekday,adults_audience,tot_audience,,,,,,
med_attendance,Sport,Manhattan,Highbridge Park,KIM Outdoor Programming,Community Based Event,afternoon_time,weekday,tot_audience,children_audience,adults_audience,,,,,
low_attendance,Sport,Manhattan,Highbridge Park,KIM Outdoor Programming,Community Based Event,afternoon_time,weekday,adults_audience,,,,,,,
med_attendance,Sport,Manhattan,St. Nicholas Playground North,KIM Outdoor Programming,Community Based Event,afternoon_time,weekday,tot_audience,children_audience,,,,,,
low_attendance,Sport,Manhattan,Marcus Garvey Park,KIM Outdoor Programming,Community Based Event,afternoon_time,weekday,tot_audience,,,,,,,
med_attendance,Sport,Manhattan,Marcus Garvey Park,KIM Outdoor Programming,Community Based Event,afternoon_time,weekday,tot_audience,children_audience,,,,,,
med_attendance,Sport,Manhattan,Thomas Jefferson Park,KIM Outdoor Programming,Community Based Event,afternoon_time,weekday,tot_audience,children_audience,teens_audience,,,,,
med_attendance,Sport,Brooklyn,Linden Park,Mobile Recreation,Community Based Event,afternoon_time,weekday,tot_audience,children_audience,teens_audience,,,,,
med_attendance,Fitness,Queens,Beach 17th Street,Spin,Community Based Event,afternoon_time,weekday,general_public_audience,young_adult_audience,adults_audience,,,,,
med_attendance,Fitness,Queens,St. Albans Park,Boot Camp,Community Based Event,afternoon_time,weekday,tot_audience,children_audience,general_public_audience,,,,,
med_attendance,Sport,Queens,Beach 17th Street,Summer Sports Experience,Community Based Event,afternoon_time,weekday,tot_audience,children_audience,general_public_audience,,,,,
low_attendance,Sport,Queens,Detective Keith L Williams Park,Summer Sports Experience,Community Based Event,afternoon_time,weekday,tot_audience,children_audience,general_public_audience,,,,,
med_attendance,Sport,Queens,Bayswater Park,Summer Sports Experience,Community Based Event,afternoon_time,weekend,tot_audience,children_audience,general_public_audience,,,,,
low_attendance,Fitness,Staten Island,Freshkills Park,Stronger Than Ever - Trail Walk,Open House,afternoon_time,weekday,seniors_audience,,,,,,,
med_attendance,Sport,Queens,Juniper Valley Park,Summer Sports Experience,Community Based Event,afternoon_time,weekday,tot_audience,children_audience,general_public_audience,,,,,
med_attendance,Fitness,Queens,St. Albans Park,Boot Camp,Community Based Event,afternoon_time,weekday,adults_audience,seniors_audience,general_public_audience,,,,,
med_attendance,Sport,Bronx,St. James Recreation Center,Toddler Games,Community Based Event,afternoon_time,weekday,tot_audience,children_audience,,,,,,
low_attendance,Sport,Bronx,St. Mary's Park,skills & drills,Community Based Event,afternoon_time,weekday,teens_audience,,,,,,,
med_attendance,Fitness,Staten Island,Jennifer's Playground,Stronger Than Ever,Open House,afternoon_time,weekday,seniors_audience,,,,,,,
med_attendance,Sport,Brooklyn,Maria Hernandez,Youth Summer Pop Up Recreation,Local Event,afternoon_time,weekday,tot_audience,children_audience,teens_audience,,,,,
med_attendance,Sport,Brooklyn,Potomac Playground,Youth Summer Pop Up Recreation,Local Event,afternoon_time,weekday,tot_audience,children_audience,teens_audience,,,,,
med_attendance,Fitness,Staten Island,Jennifer's Playground,Stonger Than Ever,Open House,afternoon_time,weekday,seniors_audience,,,,,,,
med_attendance,Fitness,Bronx,St. mary's Parking lot,Trap and Spin,Open House,afternoon_time,weekday,young_adult_audience,adults_audience,,,,,,
med_attendance,Fitness,Brooklyn,Leif Ericson Park,Pick Up Pickleball,Local Event,afternoon_time,weekday,seniors_audience,,,,,,,
med_attendance,Fitness,Brooklyn,McKinley Park,TABATA,Local Event,night_time,weekday,young_adult_audience,adults_audience,,,,,,
low_attendance,Fitness,Bronx,St. James Recreation Center,Stretching & Relaxation,Open House,afternoon_time,weekday,young_adult_audience,adults_audience,seniors_audience,,,,,
med_attendance,Fitness,Staten Island,De Matti Playground,Hula Hoop Fitness,Community Based Event,afternoon_time,weekday,children_audience,teens_audience,,,,,,
med_attendance,Fitness,Manhattan,James J Walker Park,Boot Camp,Local Event,afternoon_time,weekday,adults_audience,,,,,,,
low_attendance,Fitness,Bronx,Barretto Point Park,Shape Up NYC: Yoga/HiiT Fusion,Community Based Event,night_time,weekday,adults_audience,,,,,,,
unknown_attendance,Fitness,Staten Island,De Matti Playground,Walk-a-thon,Community Based Event,afternoon_time,weekday,children_audience,tot_audience,teens_audience,,,,,
unknown_attendance,Fitness,Staten Island,De Matti Playground,Hula Hoop Fitness,Community Based Event,night_time,weekday,tot_audience,children_audience,teens_audience,,,,,
med_attendance,Sport,Bronx,St. James Recreation Center,Toddler Games,Community Based Event,afternoon_time,weekday,tot_audience,children_audience,,,,,,
low_attendance,Fitness,Brooklyn,St. John's Park,Summer 2020 Outdoor Program,Agency Produced Event,afternoon_time,weekday,adults_audience,seniors_audience,general_public_audience,,,,,
unknown_attendance,Fitness,Staten Island,De Matti Playground,Sports Drills,Community Based Event,night_time,weekday,tot_audience,children_audience,teens_audience,,,,,
unknown_attendance,Fitness,Staten Island,De Matti Playground,Fit Kids,Community Based Event,night_time,weekday,tot_audience,children_audience,teens_audience,,,,,
med_attendance,Sport,Brooklyn,Heckscher Playground,Youth Summer Pop Up Recreation,Local Event,afternoon_time,weekday,tot_audience,children_audience,teens_audience,,,,,
med_attendance,Fitness,Brooklyn,St. John's Park,Summer 2020 Outdoor Program,Agency Produced Event,afternoon_time,weekday,adults_audience,seniors_audience,general_public_audience,,,,,
med_attendance,Sport,Brooklyn,Star Spangled Playground,Youth Summer Pop Up Recreation,Local Event,afternoon_time,weekday,tot_audience,children_audience,teens_audience,,,,,
unknown_attendance,Fitness,Staten Island,De Matti Playground,Walk-a-thon,Community Based Event,night_time,weekday,tot_audience,children_audience,teens_audience,,,,,
unknown_attendance,Fitness,Staten Island,De Matti Playground,Sports Drills,Community Based Event,night_time,weekday,tot_audience,teens_audience,children_audience,,,,,
low_attendance,Fitness,Staten Island,De Matti Playground,Fit Kids,Community Based Event,afternoon_time,weekday,tot_audience,teens_audience,children_audience,,,,,
low_attendance,Fitness,Staten Island,De Matti Playground,Fit Kids,Community Based Event,night_time,weekday,tot_audience,children_audience,teens_audience,,,,,
med_attendance,Fitness,Staten Island,De Matti Playground,Hula Hoop Fitness,Community Based Event,night_time,weekday,tot_audience,children_audience,teens_audience,,,,,
med_attendance,Fitness,Bronx,St. James Recreation Center,HIIT Circuit Fitness,Open House,morning_time,weekday,young_adult_audience,adults_audience,seniors_audience,,,,,
med_attendance,Sport,Brooklyn,Linden Park,Mobile Recreation,Community Based Event,afternoon_time,weekday,tot_audience,children_audience,teens_audience,,,,,
med_attendance,Fitness,Brooklyn,Marine Park,Shape Up NYC: Zumba,Community Based Event,afternoon_time,weekend,adults_audience,,,,,,,
med_attendance,Fitness,Staten Island,Clove Lakes Park,Shape Up NYC: Fit Mix,Community Based Event,morning_time,weekday,adults_audience,,,,,,,
med_attendance,Sport,Brooklyn,Linden Park,Mobile Recreation,Community Based Event,afternoon_time,weekday,tot_audience,children_audience,teens_audience,,,,,
low_attendance,Fitness,Queens,Flushing Meadows Corona Park,Shape Up NYC: Dance Fitness,Community Based Event,night_time,weekday,adults_audience,,,,,,,
med_attendance,Fitness,Bronx,Fort Independence Playground,Shape Up NYC: Cardio Fit,Community Based Event,afternoon_time,weekend,adults_audience,,,,,,,
med_attendance,Fitness,Manhattan,Marcus Garvey Park,Shape Up NYC: Revved and Ready,Community Based Event,afternoon_time,weekend,adults_audience,,,,,,,
med_attendance,Fitness,Manhattan,James J Walker Park,Boot Camp,Local Event,afternoon_time,weekday,adults_audience,,,,,,,
med_attendance,Sport,Brooklyn,Maria Hernandez,Youth Summer Pop Up Recreation,Open House,afternoon_time,weekday,tot_audience,teens_audience,children_audience,,,,,
low_attendance,Fitness,Bronx,St. mary's,Trap and Spin,Open House,afternoon_time,weekend,adults_audience,young_adult_audience,,,,,,
med_attendance,Sport,Manhattan,Gertrude Ederle Recreation Center,Kick a Goal! Outdoor programming,Local Event,afternoon_time,weekend,children_audience,tot_audience,adults_audience,,,,,
low_attendance,Sport,Bronx,St. Mary's Park,step it up,Tournament/Competition,night_time,weekday,children_audience,,,,,,,
unknown_attendance,Sport,Bronx,St. Mary's Park,skills & drills,Community Based Event,afternoon_time,weekend,teens_audience,children_audience,,,,,,
med_attendance,Sport,Bronx,St. Mary's Park,skills & drills,Community Based Event,afternoon_time,weekday,teens_audience,,,,,,,
low_attendance,Sport,Bronx,St. Mary's Recreation Center,step it up,Community Based Event,night_time,weekend,children_audience,,,,,,,
low_attendance,Fitness,Brooklyn,McKinley Park,Fitness,Local Event,afternoon_time,weekday,young_adult_audience,adults_audience,,,,,,
low_attendance,Fitness,Brooklyn,McKinley Park,Fitness,Local Event,night_time,weekday,young_adult_audience,adults_audience,,,,,,
unknown_attendance,Fitness,Bronx,Soundview Park,Mindful Play,Agency Produced Event,night_time,weekday,children_audience,,,,,,,
med_attendance,Fitness,Bronx,Williamsbridge Oval Park,Chair Arobics,Community Based Event,afternoon_time,weekday,adults_audience,seniors_audience,,,,,,
low_attendance,Sport,Bronx,St. Mary's Park,skills & drills,Community Based Event,afternoon_time,weekday,children_audience,,,,,,,
unknown_attendance,Fitness,Bronx,Soundview Park,Qigong,Agency Produced Event,afternoon_time,weekday,adults_audience,,,,,,,
med_attendance,Fitness,Brooklyn,Leif Ericson Park,Pick UP Pickleball,Local Event,afternoon_time,weekday,seniors_audience,,,,,,,
med_attendance,Fitness,Brooklyn,Leif Ericson Park,Pick Up Pickleball,Local Event,afternoon_time,weekday,seniors_audience,,,,,,,
med_attendance,Fitness,Brooklyn,McKinley Park,Fitness,Local Event,night_time,weekday,young_adult_audience,adults_audience,,,,,,
med_attendance,Fitness,Brooklyn,McKinley Park,Fitness,Local Event,night_time,weekday,young_adult_audience,adults_audience,,,,,,
med_attendance,Sport,Brooklyn,Maria Hernandez,Youth Summer Pop Up Recreation,Local Event,afternoon_time,weekday,tot_audience,children_audience,,,,,,
med_attendance,Sport,Brooklyn,Jesse Owens Playground,Youth Summer Pop Up Recreation,Local Event,afternoon_time,weekday,tot_audience,teens_audience,children_audience,,,,,
med_attendance,Fitness,Bronx,St. Mary's Parking Lot,Trap and Spin,Open House,afternoon_time,weekday,adults_audience,young_adult_audience,,,,,,
low_attendance,Fitness,Bronx,St. Mary's Parking Lot,Chair Aerobics,Open House,afternoon_time,weekday,adults_audience,young_adult_audience,seniors_audience,adaptive_audience,,,,
med_attendance,Fitness,Brooklyn,St. Andrew's Playground,Zumba,Community Based Event,night_time,weekend,adults_audience,,,,,,,
med_attendance,Fitness,Bronx,Roberto Clemente State Park,Kickboxing,Community Based Event,night_time,weekend,adults_audience,,,,,,,
med_attendance,Fitness,Manhattan,East River Esplanade,Total Body BootCamp Workout,Community Based Event,night_time,weekend,adults_audience,,,,,,,
med_attendance,Fitness,Bronx,Fort Independence Playground,Cardio Fit,Community Based Event,night_time,weekend,adults_audience,,,,,,,
med_attendance,Fitness,Bronx,Mullaly Park,Latin Cardio Fitness,Community Based Event,night_time,weekend,adults_audience,,,,,,,
med_attendance,Fitness,Bronx,Mullaly Park,Belly Dance Fitness,Community Based Event,night_time,weekend,adults_audience,,,,,,,
low_attendance,Fitness,Queens,Queensbridge Park,Mindful Movement,Community Based Event,night_time,weekday,adults_audience,,,,,,,
low_attendance,Fitness,Staten Island,Clove Lakes Park,Fit Mix,Community Based Event,night_time,weekday,adults_audience,,,,,,,
med_attendance,Fitness,Bronx,Fort Independence Playground,Cardio Fit,Community Based Event,night_time,weekend,adults_audience,,,,,,,
med_attendance,Fitness,Bronx,Fort Independence Playground,Cardio Fit,Community Based Event,night_time,weekend,adults_audience,,,,,,,
med_attendance,Fitness,Bronx,Fort Independence Playground,Cardio Fit,Community Based Event,night_time,weekend,adults_audience,,,,,,,
med_attendance,Fitness,Manhattan,Marcus Garvey Park,Revved and Ready,Community Based Event,night_time,weekend,adults_audience,,,,,,,
med_attendance,Fitness,Manhattan,East River Esplanade,Total Body BootCamp,Community Based Event,night_time,weekend,adults_audience,,,,,,,
low_attendance,Fitness,Manhattan,Marcus Garvey Park,AfroKick,Community Based Event,night_time,weekday,adults_audience,,,,,,,
med_attendance,Fitness,Bronx,Williamsbridge Oval Park,Spin 2020,Community Based Event,afternoon_time,weekday,adults_audience,seniors_audience,general_public_audience,,,,,
low_attendance,Fitness,Queens,Rockaway Beach and Boardwalk,Far Rockaway Beach 17th street,Community Based Event,night_time,weekend,adults_audience,,,,,,,
med_attendance,Fitness,Manhattan,Thomas Jefferson Park,Afro-World Dance Fusion,Community Based Event,night_time,weekday,adults_audience,,,,,,,
med_attendance,Sport,Brooklyn,Heckscher Playground,Youth Summer Pop Up Recreation,Local Event,afternoon_time,weekday,tot_audience,children_audience,teens_audience,,,,,
med_attendance,Sport,Brooklyn,Star Spangled Playground,Youth Summer Pop Up Recreation,Local Event,afternoon_time,weekday,tot_audience,children_audience,teens_audience,,,,,
low_attendance,Fitness,Bronx,St. James Recreation Center,A Walk In The Park,Community Based Event,afternoon_time,weekday,seniors_audience,,,,,,,
med_attendance,Fitness,Bronx,301 W Tremont Ave,Kickboxing,Community Based Event,night_time,weekend,adults_audience,,,,,,,
low_attendance,Fitness,Queens,"Far Rockaway, Beach 17",ultimate cardio,Community Based Event,afternoon_time,weekend,adults_audience,,,,,,,
med_attendance,Fitness,Bronx,Fort Independence playground,Cardio fit,Community Based Event,night_time,weekend,adults_audience,,,,,,,
med_attendance,Fitness,Bronx,301 W Tremont Ave,Kickboxing,Community Based Event,night_time,weekend,adults_audience,,,,,,,
med_attendance,Fitness,Brooklyn,McKinley Park,Fitness,Local Event,afternoon_time,weekday,young_adult_audience,adults_audience,,,,,,
med_attendance,Fitness,Manhattan,Pier 35,Total body bootcamp,Community Based Event,afternoon_time,weekend,adults_audience,,,,,,,
low_attendance,Fitness,Brooklyn,McKinley Park,Fitness,Local Event,night_time,weekday,young_adult_audience,adults_audience,,,,,,
med_attendance,Fitness,Bronx,301 W Tremont Ave.,Kickboxing,Community Based Event,night_time,weekend,adults_audience,,,,,,,
med_attendance,Fitness,Manhattan,Pier 35,Total body bootcamp,Community Based Event,night_time,weekend,adults_audience,,,,,,,
med_attendance,Fitness,Bronx,St. James Recreation Center,Spin for Life,Community Based Event,morning_time,weekday,young_adult_audience,adults_audience,seniors_audience,general_public_audience,,,,
med_attendance,Fitness,Bronx,Roberto clemente state park,kickboxing,Community Based Event,afternoon_time,weekend,adults_audience,,,,,,,
med_attendance,Fitness,Manhattan,Marcus Garvey Park,revved and ready,Community Based Event,night_time,weekend,adults_audience,,,,,,,
unknown_attendance,Fitness,Bronx,Crotona Park,bootcamp,Community Based Event,afternoon_time,weekday,adults_audience,,,,,,,
med_attendance,Fitness,Bronx,Mullaly Park,latin cardio fitness,Community Based Event,afternoon_time,weekend,adults_audience,,,,,,,
med_attendance,Fitness,Manhattan,Marcus Garvey Park,revved and ready,Community Based Event,night_time,weekend,adults_audience,,,,,,,
med_attendance,Fitness,Manhattan,pier 35,total body bootcamp,Community Based Event,night_time,weekend,adults_audience,,,,,,,
med_attendance,Fitness,Staten Island,Clove Lakes Park,fit mix,Community Based Event,afternoon_time,weekday,adults_audience,,,,,,,
med_attendance,Sport,Queens,Kissena Park,Summer Sports Experience,Community Based Event,afternoon_time,weekend,children_audience,young_adult_audience,general_public_audience,,,,,
med_attendance,Fitness,Manhattan,pier 35,total body bootcamp,Community Based Event,night_time,weekend,adults_audience,,,,,,,
med_attendance,Sport,Queens,Detective Keith L Williams Park,Summer Sports Experience,Community Based Event,afternoon_time,weekday,young_adult_audience,children_audience,general_public_audience,,,,,
low_attendance,Fitness,Queens,queens bridge,mindful movement,Community Based Event,afternoon_time,weekday,adults_audience,,,,,,,
low_attendance,Fitness,Queens,queensbridge,mindful movement,Community Based Event,afternoon_time,weekday,adults_audience,,,,,,,
med_attendance,Fitness,Queens,beach 17 st far rockway,ultimate cardio,Community Based Event,night_time,weekend,adults_audience,,,,,,,
med_attendance,Sport,Queens,Beach 17th Street,Summer Sports Experience,Community Based Event,afternoon_time,weekday,children_audience,general_public_audience,tot_audience,,,,,
med_attendance,Fitness,Staten Island,Ocean Breeze Park,Step & Fit,Open House,afternoon_time,weekday,general_public_audience,,,,,,,
low_attendance,Fitness,Staten Island,De Matti Playground,Hula Hoop Fitness,Community Based Event,afternoon_time,weekday,tot_audience,children_audience,teens_audience,,,,,
med_attendance,Fitness,Staten Island,De Matti Playground,Walk-a-thon,Community Based Event,afternoon_time,weekday,tot_audience,children_audience,teens_audience,,,,,
unknown_attendance,Fitness,Staten Island,De Matti Playground,Fit Kids,Community Based Event,night_time,weekday,tot_audience,teens_audience,children_audience,,,,,
low_attendance,Fitness,Staten Island,Stapleton Playground,Fit Kids,Community Based Event,afternoon_time,weekday,tot_audience,children_audience,teens_audience,,,,,
med_attendance,Fitness,Staten Island,De Matti Playground,Hula Hoop Fitness,Community Based Event,night_time,weekday,tot_audience,teens_audience,children_audience,,,,,
low_attendance,Fitness,Staten Island,Stapleton Playground,Sports Drills,Community Based Event,night_time,weekday,tot_audience,children_audience,teens_audience,,,,,
low_attendance,Fitness,Staten Island,Stapleton Playground,Sports Drills,Community Based Event,night_time,weekday,children_audience,tot_audience,teens_audience,,,,,
low_attendance,Fitness,Staten Island,De Matti Park,Hula Hoop Fitness,Community Based Event,afternoon_time,weekday,tot_audience,children_audience,teens_audience,,,,,
low_attendance,Fitness,Staten Island,De Matti Park,Walk-a-thon,Community Based Event,afternoon_time,weekday,tot_audience,teens_audience,children_audience,,,,,
low_attendance,Fitness,Staten Island,Stapleton Playground,Fit Kids,Community Based Event,night_time,weekday,tot_audience,children_audience,teens_audience,,,,,
med_attendance,Fitness,Staten Island,De Matti Park,Fit Kids,Community Based Event,night_time,weekday,tot_audience,teens_audience,children_audience,,,,,
med_attendance,Fitness,Staten Island,De Matti Playground,Sports Drills,Community Based Event,night_time,weekday,tot_audience,children_audience,teens_audience,,,,,
med_attendance,Fitness,Brooklyn,Leif Ericson Park,Pick Up Pickleball,Local Event,afternoon_time,weekday,seniors_audience,,,,,,,
med_attendance,Fitness,Brooklyn,McKinley Park,TABATA,Local Event,night_time,weekday,young_adult_audience,adults_audience,,,,,,
med_attendance,Fitness,Bronx,Mullaly Park,Shape Up NYC: Belly Dance Fitness,Community Based Event,afternoon_time,weekend,adults_audience,,,,,,,
med_attendance,Fitness,Bronx,Williamsbridge Oval Park,stretch and meditation,Local Event,night_time,weekday,children_audience,,,,,,,
low_attendance,Fitness,Bronx,Williamsbridge Oval Park,stretch and meditation,Local Event,night_time,weekday,children_audience,,,,,,,
med_attendance,Fitness,Bronx,Mullaly Park,Shape Up NYC: Belly Dance Fitness,Community Based Event,afternoon_time,weekend,adults_audience,,,,,,,
low_attendance,Fitness,Bronx,Mullaly Park,Shape Up NYC: Belly Dance Fitness,Community Based Event,afternoon_time,weekend,adults_audience,,,,,,,
med_attendance,Fitness,Bronx,Mullaly Park,Shape Up NYC: Belly Dance Fitness,Community Based Event,afternoon_time,weekend,adults_audience,,,,,,,
low_attendance,Fitness,Bronx,Williamsbridge Oval Park,stretch and meditation,Local Event,night_time,weekday,children_audience,,,,,,,
unknown_attendance,Fitness,Bronx,Williamsbridge Oval Park,stretch and meditation,Local Event,night_time,weekday,children_audience,,,,,,,
low_attendance,Sport,Bronx,St. Mary's Park,skills & drills,Community Based Event,afternoon_time,weekday,teens_audience,,,,,,,
unknown_attendance,Sport,Bronx,St. Mary's Park,skills & drills,Community Based Event,afternoon_time,weekday,children_audience,,,,,,,
low_attendance,Fitness,Bronx,St. Mary's Recreation Center,step it up,Community Based Event,night_time,weekday,children_audience,,,,,,,
med_attendance,Fitness,Bronx,Fort Independence Playground,Shape Up NYC: Cardio Fit,Community Based Event,afternoon_time,weekend,adults_audience,,,,,,,
med_attendance,Fitness,Brooklyn,St. Andrew's Playground,Shape Up NYC: Zumba,Community Based Event,afternoon_time,weekend,adults_audience,,,,,,,
med_attendance,Fitness,Bronx,Fort Independence Playground,Shape Up NYC: Cardio Fit,Community Based Event,afternoon_time,weekend,adults_audience,,,,,,,
med_attendance,Fitness,Brooklyn,St. Andrew's Playground,Shape Up NYC: Zumba,Community Based Event,afternoon_time,weekend,adults_audience,,,,,,,
med_attendance,Fitness,Bronx,Mullaly Park,Shape Up NYC: Latin Cardio Fitness,Community Based Event,afternoon_time,weekend,adults_audience,,,,,,,
med_attendance,Fitness,Bronx,St. James Recreation Center,Stretching & Relaxation,Open House,afternoon_time,weekday,young_adult_audience,adults_audience,seniors_audience,,,,,
med_attendance,Fitness,Bronx,St. James Recreation Center,Stretching & Relaxation,Open House,afternoon_time,weekday,young_adult_audience,adults_audience,,,,,,
unknown_attendance,Sport,Staten Island,Ocean Breeze Park,Ocean Breeze Summer Sports Sizzler - Street Hockey,Open House,afternoon_time,weekday,general_public_audience,,,,,,,
med_attendance,Fitness,Staten Island,Ocean Breeze Park,Inspiration Motivation,Open House,afternoon_time,weekday,general_public_audience,,,,,,,
med_attendance,Fitness,Staten Island,De Matti Playground,Hula Hoop Fitness,Community Based Event,afternoon_time,weekday,tot_audience,children_audience,teens_audience,,,,,
med_attendance,Fitness,Manhattan,James J Walker Park,Boot Camp,Local Event,afternoon_time,weekday,adults_audience,,,,,,,
low_attendance,Fitness,Manhattan,Marcus Garvey Park,Shape Up NYC: Revved and Ready,Community Based Event,afternoon_time,weekend,adults_audience,,,,,,,
med_attendance,Fitness,Manhattan,East River Esplanade,Shape Up NYC: Total Body BootCamp,Community Based Event,afternoon_time,weekend,adults_audience,,,,,,,
med_attendance,Fitness,Staten Island,Stapleton Playground,Fit Kids,Community Based Event,afternoon_time,weekday,children_audience,tot_audience,teens_audience,,,,,
unknown_attendance,Sport,Brooklyn,Linden Park,Mobile Recreation,Community Based Event,afternoon_time,weekday,tot_audience,children_audience,teens_audience,,,,,
unknown_attendance,Fitness,Bronx,Williamsbridge Oval Park,Circuit Training,Community Based Event,afternoon_time,weekday,adults_audience,seniors_audience,,,,,,
unknown_attendance,Sport,Brooklyn,Hilltop Playground,Mobile Recreation,Community Based Event,afternoon_time,weekday,tot_audience,children_audience,,,,,,
med_attendance,Fitness,Staten Island,De Matti Playground,Sports Drills,Community Based Event,night_time,weekday,tot_audience,children_audience,teens_audience,,,,,
med_attendance,Sport,Bronx,St. James Recreation Center,Toddlers Games,Community Based Event,afternoon_time,weekday,tot_audience,children_audience,,,,,,
med_attendance,Sport,Brooklyn,Linden Park,Mobile Recreation,Community Based Event,afternoon_time,weekday,children_audience,teens_audience,,,,,,
med_attendance,Fitness,Staten Island,Ocean Breeze Park,Step & Fit,Open House,afternoon_time,weekday,general_public_audience,,,,,,,
unknown_attendance,Sport,Bronx,St. James Recreation Center,Toddlers Games,Community Based Event,afternoon_time,weekday,tot_audience,children_audience,,,,,,
med_attendance,Fitness,Bronx,Williamsbridge Oval Park,Youth Fitness,Community Based Event,night_time,weekday,children_audience,tot_audience,,,,,,
med_attendance,Fitness,Bronx,St. James Recreation Center,Spin for Life,Community Based Event,morning_time,weekday,adults_audience,young_adult_audience,seniors_audience,,,,,
unknown_attendance,Fitness,Queens,Rockaway Beach and Boardwalk,Shape Up NYC: Ultimate Cardio,Community Based Event,afternoon_time,weekend,adults_audience,,,,,,,
unknown_attendance,Fitness,Bronx,Williamsbridge Oval Park,Circuit Training,Community Based Event,afternoon_time,weekday,adults_audience,seniors_audience,,,,,,
low_attendance,Fitness,Staten Island,Clove Lakes Park,Shape Up NYC: Fit Mix,Community Based Event,morning_time,weekday,adults_audience,,,,,,,
low_attendance,Fitness,Staten Island,Clove Lakes Park,Shape Up NYC: Fit Mix,Community Based Event,morning_time,weekday,adults_audience,,,,,,,
med_attendance,Fitness,Staten Island,Stapleton Playground,Sports Drills,Community Based Event,afternoon_time,weekday,tot_audience,children_audience,teens_audience,,,,,
low_attendance,Fitness,Staten Island,De Matti Playground,Walk-a-thon,Community Based Event,afternoon_time,weekday,tot_audience,children_audience,teens_audience,,,,,
med_attendance,Fitness,Staten Island,Stapleton Playground,Sports Drills,Community Based Event,night_time,weekday,tot_audience,children_audience,teens_audience,,,,,
low_attendance,Fitness,Staten Island,Stapleton Playground,Fit Kids,Community Based Event,night_time,weekday,tot_audience,children_audience,teens_audience,,,,,
low_attendance,Fitness,Staten Island,De Matti Playground,Fit Kids,Community Based Event,night_time,weekday,tot_audience,children_audience,teens_audience,,,,,
low_attendance,Fitness,Staten Island,De Matti Playground,Sports Drills,Community Based Event,night_time,weekday,tot_audience,children_audience,teens_audience,,,,,
low_attendance,Fitness,Staten Island,De Matti Playground,Hula Hoop Fitness,Community Based Event,afternoon_time,weekday,tot_audience,children_audience,teens_audience,,,,,
med_attendance,Fitness,Staten Island,Jennifer's Playground,stronger than ever,Open House,afternoon_time,weekday,seniors_audience,,,,,,,
med_attendance,Fitness,Staten Island,Jennifer's Playground,stronger than ever,Open House,afternoon_time,weekday,seniors_audience,,,,,,,
med_attendance,Fitness,Staten Island,Jennifer's Playground,stronger than ever,Open House,afternoon_time,weekday,seniors_audience,,,,,,,
low_attendance,Fitness,Brooklyn,McKinley Park,Fitness,Local Event,afternoon_time,weekday,young_adult_audience,adults_audience,,,,,,
unknown_attendance,Fitness,Staten Island,Freshkills Park,Stronger Than Ever - trail walks,Open House,afternoon_time,weekday,seniors_audience,,,,,,,
unknown_attendance,Fitness,Staten Island,Freshkills Park,stronger than ever - trail walks,Open House,afternoon_time,weekday,seniors_audience,,,,,,,
med_attendance,Fitness,Brooklyn,McKinley Park,Fitness,Local Event,night_time,weekday,young_adult_audience,adults_audience,,,,,,
med_attendance,Fitness,Brooklyn,Leif Ericson Park,Pick Up Pickleball,Local Event,afternoon_time,weekday,seniors_audience,,,,,,,
med_attendance,Fitness,Manhattan,Gertrude Ederle Recreation Center,Soccer Fun,Local Event,night_time,weekday,tot_audience,children_audience,,,,,,
med_attendance,Fitness,Bronx,St. James Recreation Center,HIIT Circuit fitness,Open House,morning_time,weekday,young_adult_audience,adults_audience,seniors_audience,,,,,
med_attendance,Fitness,Brooklyn,McKinley Park,Fitness,Local Event,night_time,weekday,young_adult_audience,adults_audience,,,,,,
med_attendance,Fitness,Manhattan,James J Walker Park,Boot camp,Local Event,afternoon_time,weekday,adults_audience,,,,,,,
med_attendance,Fitness,Manhattan,James J Walker Park,Boot Camp,Local Event,afternoon_time,weekend,adults_audience,,,,,,,
low_attendance,Sport,Bronx,St. Mary's Park,unknown_name,Community Based Event,afternoon_time,weekend,children_audience,,,,,,,
med_attendance,Sport,Bronx,St. Mary's Recreation Center,step it up,Community Based Event,night_time,weekend,children_audience,,,,,,,
med_attendance,Fitness,Staten Island,Ocean Breeze Park,Fit to the Core,Open House,afternoon_time,weekday,general_public_audience,,,,,,,
low_attendance,Sport,Staten Island,Ocean Breeze Park,Ocean Breeze Summer Sports Sizzler - Track & Field,Open House,afternoon_time,weekday,general_public_audience,,,,,,,
med_attendance,Fitness,Staten Island,Ocean Breeze Park,Step & Fit,Open House,afternoon_time,weekday,general_public_audience,,,,,,,
med_attendance,Fitness,Staten Island,Ocean Breeze Park,Step & Fit,Open House,afternoon_time,weekday,general_public_audience,,,,,,,
med_attendance,Fitness,Bronx,Williamsbridge Oval Park,Spin 20,Community Based Event,afternoon_time,weekday,adults_audience,seniors_audience,,,,,,
med_attendance,Sport,Staten Island,Ocean Breeze Park,Ocean Breeze Summer Sports Sizzler - Track & Field,Open House,afternoon_time,weekday,general_public_audience,,,,,,,
med_attendance,Fitness,Staten Island,Ocean Breeze Park,Fit to the Core,Open House,afternoon_time,weekday,general_public_audience,,,,,,,
low_attendance,Fitness,Staten Island,Stapleton Playground,Sprinkler Time,Community Based Event,night_time,weekend,tot_audience,teens_audience,children_audience,,,,,
med_attendance,Fitness,Staten Island,Stapleton Playground,Fit Kids,Community Based Event,afternoon_time,weekend,tot_audience,teens_audience,children_audience,,,,,
med_attendance,Fitness,Staten Island,Stapleton Playground,Sports Drills,Community Based Event,afternoon_time,weekend,tot_audience,children_audience,teens_audience,,,,,
med_attendance,Fitness,Bronx,St. James Recreation Center,Spin for Life,Community Based Event,morning_time,weekday,young_adult_audience,adults_audience,seniors_audience,,,,,
med_attendance,Fitness,Staten Island,Ocean Breeze Park,Inspiration Motivation,Open House,afternoon_time,weekday,general_public_audience,,,,,,,
unknown_attendance,Fitness,Manhattan,Marcus Garvey Park,Family Fitness Fun,Local Event,afternoon_time,weekday,general_public_audience,,,,,,,
med_attendance,Fitness,Manhattan,Marcus Garvey Park,Family Fitness Fun,Local Event,afternoon_time,weekday,general_public_audience,,,,,,,
unknown_attendance,Sport,Staten Island,Ocean Breeze Park,Ocean Breeze Summer Sports Sizzler - Street Hockey,Open House,afternoon_time,weekday,general_public_audience,,,,,,,
low_attendance,Sport,Bronx,St. Mary's Park,skills & drills,Community Based Event,afternoon_time,weekday,children_audience,,,,,,,
low_attendance,Sport,Bronx,St. Mary's Recreation Center,step it up,Community Based Event,night_time,weekday,children_audience,,,,,,,
med_attendance,Fitness,Queens,Beach 17th Street,Boot Camp,Community Based Event,afternoon_time,weekday,adults_audience,general_public_audience,young_adult_audience,,,,,
med_attendance,Fitness,Queens,Beach 17th Street,Spin,Community Based Event,afternoon_time,weekday,young_adult_audience,adults_audience,general_public_audience,,,,,
unknown_attendance,Sport,Staten Island,Ocean Breeze Park,Ocean Breeze Summer Sports Sizzler - Street Hockey,Open House,afternoon_time,weekday,general_public_audience,,,,,,,
med_attendance,Fitness,Staten Island,Ocean Breeze Park,Inspiration Motivation,Open House,afternoon_time,weekday,general_public_audience,,,,,,,
med_attendance,Fitness,Staten Island,Ocean Breeze Park,Step & Fit,Open House,afternoon_time,weekday,general_public_audience,,,,,,,
med_attendance,Fitness,Staten Island,Ocean Breeze Park,Step & Fit,Open House,afternoon_time,weekday,general_public_audience,,,,,,,
med_attendance,Fitness,Staten Island,Ocean Breeze Park,Bend & Flex,Open House,afternoon_time,weekday,general_public_audience,,,,,,,
med_attendance,Fitness,Staten Island,Ocean Breeze Park,Bend & Flex,Open House,afternoon_time,weekday,general_public_audience,,,,,,,
unknown_attendance,Sport,Staten Island,Ocean Breeze Park,Ocean Breeze Summer Sports Sizzler - Soccer Skills,Open House,afternoon_time,weekday,general_public_audience,,,,,,,
unknown_attendance,Sport,Staten Island,Ocean Breeze Park,Ocean Breeze Summer Sports Sizzler - Soccer Skills,Open House,afternoon_time,weekday,general_public_audience,,,,,,,
unknown_attendance,Sport,Staten Island,Ocean Breeze Park,Ocean Breeze Summer Sports Sizzler - Soccer Skills,Open House,afternoon_time,weekday,general_public_audience,,,,,,,
low_attendance,Sport,Staten Island,Ocean Breeze Park,Ocean Breeze Summer Sports Sizzler - Soccer Skills,Open House,afternoon_time,weekday,general_public_audience,,,,,,,
med_attendance,Fitness,Staten Island,Ocean Breeze Park,Wake-Up Stretch and Relax Yoga,Open House,afternoon_time,weekday,general_public_audience,,,,,,,
med_attendance,Fitness,Staten Island,Ocean Breeze Park,Bend & Flex,Open House,afternoon_time,weekday,general_public_audience,,,,,,,
unknown_attendance,Fitness,Staten Island,Ocean Breeze Park,Bend & Flex,Open House,afternoon_time,weekday,general_public_audience,,,,,,,
unknown_attendance,Fitness,Staten Island,Ocean Breeze Park,Open Patio Area,Open House,afternoon_time,weekday,general_public_audience,,,,,,,
med_attendance,Fitness,Staten Island,Ocean Breeze Park,Wake-Up Stretch and Relax Yoga,Open House,afternoon_time,weekday,general_public_audience,,,,,,,
med_attendance,Fitness,Staten Island,Ocean Breeze Park,Wake-Up Stretch and Relax Yoga,Open House,afternoon_time,weekday,general_public_audience,,,,,,,
med_attendance,Fitness,Staten Island,Ocean Breeze Park,Wake-Up Stretch and Relax Yoga,Open House,afternoon_time,weekday,general_public_audience,,,,,,,
unknown_attendance,Sport,Staten Island,Ocean Breeze Park,Ocean Breeze Summer Sports Sizzler - Balance & Stability Games,Open House,afternoon_time,weekday,general_public_audience,,,,,,,
unknown_attendance,Sport,Staten Island,Ocean Breeze Park,Ocean Breeze Summer Sports Sizzler - Balance & Stability Games,Open House,afternoon_time,weekday,general_public_audience,,,,,,,
unknown_attendance,Sport,Staten Island,Ocean Breeze Park,Ocean Breeze Summer Sports Sizzler - Balance & Stability Games,Open House,afternoon_time,weekday,general_public_audience,,,,,,,
med_attendance,Fitness,Queens,Beach 17th Street,Boot Camp,Community Based Event,afternoon_time,weekday,adults_audience,general_public_audience,young_adult_audience,,,,,
unknown_attendance,Sport,Staten Island,Ocean Breeze Park,Ocean Breeze Summer Sports Sizzler - Balance & Stability Games,Open House,afternoon_time,weekday,general_public_audience,,,,,,,
low_attendance,Sport,Bronx,St. Mary's Park,skills & drills,Community Based Event,afternoon_time,weekday,children_audience,,,,,,,
low_attendance,Fitness,Staten Island,Stapleton Playground,Sports Drills,Community Based Event,afternoon_time,weekday,tot_audience,children_audience,teens_audience,,,,,
med_attendance,Fitness,Staten Island,Stapleton Playground,Fit Kids,Community Based Event,night_time,weekday,tot_audience,teens_audience,children_audience,,,,,
med_attendance,Fitness,Staten Island,De Matti Park,Hula Hoop Fitness,Community Based Event,night_time,weekday,tot_audience,children_audience,teens_audience,,,,,
low_attendance,Fitness,Staten Island,De Matti Park,Fit Kids,Community Based Event,night_time,weekday,tot_audience,children_audience,teens_audience,,,,,
low_attendance,Fitness,Staten Island,De Matti Park,Fit Kids,Community Based Event,afternoon_time,weekday,tot_audience,children_audience,teens_audience,,,,,
low_attendance,Fitness,Staten Island,De Matti Park,Walk-a-thon,Community Based Event,night_time,weekday,tot_audience,children_audience,teens_audience,,,,,
med_attendance,Fitness,Staten Island,De Matti Park,Hula Hoop Fitness,Community Based Event,afternoon_time,weekday,tot_audience,children_audience,teens_audience,,,,,
low_attendance,Fitness,Staten Island,Stapleton Playground,Walk-a-thon,Community Based Event,afternoon_time,weekday,tot_audience,children_audience,teens_audience,,,,,
low_attendance,Fitness,Staten Island,De Matti Park,Walk-a-thon,Community Based Event,afternoon_time,weekday,tot_audience,children_audience,teens_audience,,,,,
unknown_attendance,Sport,Staten Island,Ocean Breeze Park,Ocean Breeze Summer Sports Sizzler - Plyometrics,Open House,afternoon_time,weekday,general_public_audience,,,,,,,
unknown_attendance,Sport,Staten Island,Ocean Breeze Park,Ocean Breeze Summer Sports Sizzler - Plyometrics,Open House,afternoon_time,weekday,general_public_audience,,,,,,,
unknown_attendance,Sport,Staten Island,Ocean Breeze Park,Ocean Breeze Summer Sports Sizzler - Plyometrics,Open House,afternoon_time,weekday,general_public_audience,,,,,,,
med_attendance,Fitness,Staten Island,Ocean Breeze Park,Fit to the Core,Open House,afternoon_time,weekday,general_public_audience,,,,,,,
med_attendance,Fitness,Staten Island,Ocean Breeze Park,Fit to the Core,Open House,afternoon_time,weekday,general_public_audience,,,,,,,
med_attendance,Fitness,Staten Island,Ocean Breeze Park,Fit to the Core,Open House,afternoon_time,weekday,general_public_audience,,,,,,,
unknown_attendance,Sport,Staten Island,Ocean Breeze Park,Ocean Breeze Summer Sports Sizzler - Track & Field,Open House,afternoon_time,weekday,general_public_audience,,,,,,,
unknown_attendance,Sport,Staten Island,Ocean Breeze Park,Ocean Breeze Summer Sports Sizzler - Track & Field,Open House,afternoon_time,weekday,general_public_audience,,,,,,,
unknown_attendance,Sport,Staten Island,Ocean Breeze Park,Ocean Breeze Summer Sports Sizzler - Track & Field,Open House,afternoon_time,weekday,general_public_audience,,,,,,,
med_attendance,Fitness,Bronx,Williamsbridge Oval Park,Circuit Training,Community Based Event,afternoon_time,weekday,adults_audience,young_adult_audience,seniors_audience,,,,,
low_attendance,Fitness,Brooklyn,Shore Park and Parkway,Shape Up NYC: Lift and Movement,Community Based Event,afternoon_time,weekday,adults_audience,,,,,,,
med_attendance,Fitness,Staten Island,De Matti Park,Hula Hoop Fitness,Community Based Event,night_time,weekday,tot_audience,children_audience,teens_audience,,,,,
med_attendance,Fitness,Staten Island,Ocean Breeze Park,Step & Fit,Open House,afternoon_time,weekday,general_public_audience,,,,,,,
med_attendance,Fitness,Manhattan,Thomas Jefferson Park,Shape Up NYC: Afro-Dance,Community Based Event,night_time,weekday,adults_audience,,,,,,,
med_attendance,Fitness,Bronx,St. James Recreation Center,unknown_name,Open House,afternoon_time,weekday,young_adult_audience,adults_audience,seniors_audience,,,,,
med_attendance,Fitness,Bronx,Fort Independence Playground,Shape Up NYC: Cardio Fit,Community Based Event,afternoon_time,weekend,adults_audience,,,,,,,
med_attendance,Fitness,Staten Island,De Matti Park,Sports Drills,Community Based Event,night_time,weekday,tot_audience,children_audience,teens_audience,,,,,
med_attendance,Fitness,Staten Island,Clove Lakes Park,Shape Up NYC: FitMix,Community Based Event,morning_time,weekday,adults_audience,,,,,,,
med_attendance,Fitness,Bronx,St. James Recreation Center,Spin for Life,Community Based Event,morning_time,weekday,young_adult_audience,adults_audience,seniors_audience,,,,,
med_attendance,Fitness,Bronx,St. James Recreation Center,HIIT Circuit Fitness,Open House,morning_time,weekday,young_adult_audience,adults_audience,seniors_audience,,,,,
low_attendance,Fitness,Bronx,Van Cortlandt Park,Hiking,Community Based Event,afternoon_time,weekday,seniors_audience,,,,,,,
med_attendance,Sport,Bronx,Williamsbridge Oval Park,Sports Drills,Community Based Event,night_time,weekday,children_audience,,,,,,,
med_attendance,Sport,Bronx,Williamsbridge Oval Park,Senior Pickleball,Community Based Event,afternoon_time,weekday,seniors_audience,,,,,,,
low_attendance,Sport,Bronx,Williamsbridge Oval Park,Sports Drills,Community Based Event,night_time,weekday,children_audience,,,,,,,
med_attendance,Sport,Bronx,Williamsbridge Oval Park,Pickle Ball,Community Based Event,afternoon_time,weekday,seniors_audience,,,,,,,
med_attendance,Sport,Bronx,Williamsbridge Oval Park,Sports Drills,Community Based Event,night_time,weekday,children_audience,,,,,,,
low_attendance,Fitness,Bronx,Van Cortlandt Park,Hiking,Community Based Event,afternoon_time,weekday,seniors_audience,,,,,,,
med_attendance,Sport,Bronx,Williamsbridge Oval Park,Pickleball,Community Based Event,afternoon_time,weekday,seniors_audience,,,,,,,
med_attendance,Sport,Bronx,Williamsbridge Oval Park,Sports Drills,Community Based Event,night_time,weekday,children_audience,,,,,,,
unknown_attendance,Sport,Bronx,Williamsbridge Oval Park,Pickle Ball,Community Based Event,afternoon_time,weekday,seniors_audience,,,,,,,
unknown_attendance,Sport,Bronx,Williamsbridge Oval Park,Sports Drills,Community Based Event,night_time,weekday,children_audience,,,,,,,
low_attendance,Fitness,Bronx,Williamsbridge Oval Park,Hiking,Community Based Event,afternoon_time,weekday,seniors_audience,,,,,,,
med_attendance,Sport,Bronx,Williamsbridge Oval Park,PickleBall,Community Based Event,afternoon_time,weekday,seniors_audience,,,,,,,
low_attendance,Fitness,Staten Island,DeMatti Playground,Sports Drills,Community Based Event,night_time,weekday,tot_audience,children_audience,teens_audience,,,,,
low_attendance,Fitness,Staten Island,DeMatti Playground,Fit Kids,Community Based Event,afternoon_time,weekday,tot_audience,children_audience,teens_audience,,,,,
low_attendance,Fitness,Staten Island,DeMatti Playground,Hula Hoop Fitness,Community Based Event,afternoon_time,weekday,tot_audience,children_audience,teens_audience,,,,,
unknown_attendance,Fitness,Bronx,St. Mary's Parking Lot,Trap and Spin,Open House,afternoon_time,weekday,adults_audience,young_adult_audience,seniors_audience,,,,,
med_attendance,Fitness,Bronx,St. James Recreation Center,Spin for Life,Community Based Event,morning_time,weekday,general_public_audience,,,,,,,
med_attendance,Fitness,Queens,Beach 17th Street,Spin,Community Based Event,afternoon_time,weekday,adults_audience,teens_audience,young_adult_audience,general_public_audience,,,,
med_attendance,Fitness,Queens,Beach 17th Street,Spin,Community Based Event,afternoon_time,weekday,young_adult_audience,adults_audience,general_public_audience,,,,,
med_attendance,Fitness,Queens,Beach 17th Street,Boot Camp,Community Based Event,afternoon_time,weekday,adults_audience,young_adult_audience,general_public_audience,,,,,
low_attendance,Sport,Queens,Detective Keith L Williams Park,Summer Sports Experience,Community Based Event,afternoon_time,weekday,tot_audience,children_audience,general_public_audience,,,,,
med_attendance,Sport,Queens,Beach 17th Street,Summer Sports Experience,Community Based Event,afternoon_time,weekday,tot_audience,children_audience,general_public_audience,,,,,
med_attendance,Sport,Queens,Juniper Valley Park,Summer Sports Experience,Community Based Event,afternoon_time,weekday,tot_audience,children_audience,general_public_audience,,,,,
med_attendance,Sport,Queens,Kissena Park,Summer Sports Experience,Community Based Event,afternoon_time,weekend,tot_audience,children_audience,general_public_audience,,,,,
low_attendance,Fitness,Queens,Beach 17th Street,Boot Camp,Community Based Event,afternoon_time,weekday,general_public_audience,adults_audience,young_adult_audience,,,,,
med_attendance,Fitness,Queens,Beach 17th Street,Spin,Community Based Event,afternoon_time,weekend,young_adult_audience,adults_audience,general_public_audience,,,,,
med_attendance,Fitness,Queens,Beach 17th Street,Spin,Community Based Event,afternoon_time,weekday,adults_audience,young_adult_audience,,,,,,
med_attendance,Fitness,Queens,Beach 17th Street,Fitness,Community Based Event,afternoon_time,weekday,children_audience,young_adult_audience,general_public_audience,,,,,
unknown_attendance,Fitness,Bronx,Williamsbridge Oval,Circuit Training,Community Based Event,night_time,weekday,adults_audience,seniors_audience,,,,,,
med_attendance,Fitness,Bronx,St. James Recreation Center,Stretching & Relaxation,Open House,afternoon_time,weekday,young_adult_audience,adults_audience,seniors_audience,,,,,
med_attendance,Fitness,Bronx,St. James Recreation Center,Hiit Circuit Fitness,Open House,morning_time,weekday,young_adult_audience,adults_audience,seniors_audience,,,,,
med_attendance,Fitness,Bronx,St. James Recreation Center,Spin for Life,Community Based Event,morning_time,weekday,adults_audience,seniors_audience,young_adult_audience,,,,,
med_attendance,Fitness,Bronx,Williamsbridge Oval Park,Circuit Training,Community Based Event,afternoon_time,weekday,adults_audience,young_adult_audience,seniors_audience,,,,,
unknown_attendance,Sport,Staten Island,Ocean Breeze Park,Ocean Breeze Summer Sports Sizzler - Street Hockey,Open House,afternoon_time,weekday,general_public_audience,,,,,,,
med_attendance,Fitness,Staten Island,Ocean Breeze Park,Inspiration Motivation,Open House,afternoon_time,weekday,general_public_audience,,,,,,,
unknown_attendance,Sport,Staten Island,Ocean Breeze Park,Ocean Breeze Summer Sports Sizzler - Street Hockey,Open House,afternoon_time,weekday,general_public_audience,,,,,,,
med_attendance,Fitness,Staten Island,Ocean Breeze Park,Step & Fit,Open House,afternoon_time,weekday,general_public_audience,seniors_audience,,,,,,
med_attendance,Sport,Staten Island,Ocean Breeze Park,Ocean Breeze Summer Sports Sizzler - Cross Country,Open House,afternoon_time,weekday,general_public_audience,,,,,,,
med_attendance,Fitness,Staten Island,Ocean Breeze Park,Inspiration Motivation,Open House,afternoon_time,weekday,general_public_audience,,,,,,,
med_attendance,Sport,Staten Island,Ocean Breeze Park,Ocean Breeze Summer Sports Sizzler - Cross Country,Open House,afternoon_time,weekday,general_public_audience,,,,,,,
med_attendance,Sport,Staten Island,Ocean Breeze Park,Ocean Breeze Summer Sports Sizzler - Cross Country,Community Based Event,afternoon_time,weekday,general_public_audience,,,,,,,
med_attendance,Sport,Staten Island,Ocean Breeze Park,Ocean Breeze Summer Sports Sizzler - Cross Country,Open House,afternoon_time,weekday,general_public_audience,,,,,,,
med_attendance,Sport,Staten Island,Ocean Breeze Park,Ocean Breeze Summer Sports Sizzler - Cross Country,Open House,afternoon_time,weekday,general_public_audience,,,,,,,
med_attendance,Fitness,Staten Island,Ocean Breeze Park,Step & Fit,Open House,afternoon_time,weekday,general_public_audience,,,,,,,
med_attendance,Fitness,Bronx,St. James Recreation Center,HIIT Circuit,Open House,morning_time,weekday,young_adult_audience,adults_audience,seniors_audience,,,,,
med_attendance,Fitness,Bronx,St. James Recreation Center,Stretching & Relaxation,Open House,afternoon_time,weekday,young_adult_audience,adults_audience,seniors_audience,,,,,
unknown_attendance,Sport,Staten Island,Ocean Breeze Park,Ocean Breeze Summer Sports Sizzler - Balance & Stability Games,Open House,afternoon_time,weekday,general_public_audience,,,,,,,
med_attendance,Fitness,Bronx,Williamsbridge Oval Park,Chair Arobics,Community Based Event,afternoon_time,weekday,adults_audience,seniors_audience,,,,,,
unknown_attendance,Sport,Staten Island,Ocean Breeze Park,Ocean Breeze Summer Sports Sizzler - Balance & Stability Games,Open House,afternoon_time,weekday,general_public_audience,,,,,,,
unknown_attendance,Sport,Staten Island,Ocean Breeze Park,Ocean Breeze Summer Sports Sizzler - Balance & Stability Games,Open House,afternoon_time,weekday,general_public_audience,,,,,,,
med_attendance,Fitness,Staten Island,Ocean Breeze Park,Bend & Flex,Open House,afternoon_time,weekday,general_public_audience,,,,,,,
med_attendance,Fitness,Staten Island,Ocean Breeze Park,Wake-Up Stretch and Relax Yoga,Open House,afternoon_time,weekday,general_public_audience,,,,,,,
med_attendance,Fitness,Staten Island,Ocean Breeze Park,Wake-Up Stretch and Relax Yoga,Open House,afternoon_time,weekday,general_public_audience,,,,,,,
med_attendance,Fitness,Staten Island,Ocean Breeze Park,Bend & Flex,Open House,afternoon_time,weekday,general_public_audience,,,,,,,
med_attendance,Fitness,Staten Island,Ocean Breeze Park,Wake-Up Stretch and Relax Yoga,Open House,afternoon_time,weekday,general_public_audience,,,,,,,
med_attendance,Fitness,Staten Island,Ocean Breeze Park,Bend & Flex,Community Based Event,afternoon_time,weekday,general_public_audience,,,,,,,
med_attendance,Fitness,Bronx,St. James Recreation Center,Stretching & Relaxation,Open House,afternoon_time,weekday,young_adult_audience,adults_audience,teens_audience,seniors_audience,,,,
med_attendance,Fitness,Staten Island,Ocean Breeze Park,Step & Fit,Open House,afternoon_time,weekday,general_public_audience,,,,,,,
med_attendance,Fitness,Bronx,St. James Recreation Center,Spin for Life Breast Cancer Awareness Class,Community Based Event,morning_time,weekday,general_public_audience,,,,,,,
med_attendance,Fitness,Staten Island,Ocean Breeze Park,Step & Fit,Open House,afternoon_time,weekday,general_public_audience,,,,,,,
med_attendance,Fitness,Bronx,St. James Recreation Center,HIIT Circuit,Open House,morning_time,weekday,adults_audience,young_adult_audience,teens_audience,seniors_audience,,,,
med_attendance,Fitness,Bronx,St. James Recreation Center,Cross-Training Cicruit,Open House,afternoon_time,weekday,young_adult_audience,adults_audience,seniors_audience,,,,,
med_attendance,Fitness,Bronx,Williamsbridge Oval Park,Chair Arobics,Open House,afternoon_time,weekday,adults_audience,seniors_audience,,,,,,
med_attendance,Fitness,Bronx,Williamsbridge Oval,Circuit Training,Community Based Event,afternoon_time,weekday,adults_audience,seniors_audience,,,,,,
med_attendance,Fitness,Bronx,St. James Recreation Center,Spin for Life,Community Based Event,morning_time,weekday,young_adult_audience,adults_audience,seniors_audience,,,,,
med_attendance,Fitness,Bronx,Williamsbridge Oval,Circuit Training,Community Based Event,afternoon_time,weekday,adults_audience,seniors_audience,,,,,,
med_attendance,Fitness,Bronx,St. James Recreation Center,Stretching & Relaxation,Open House,afternoon_time,weekday,young_adult_audience,adults_audience,seniors_audience,,,,,
med_attendance,Fitness,Bronx,St. James Recreation Center,HIIT Circuit,Open House,morning_time,weekday,young_adult_audience,adults_audience,seniors_audience,,,,,
med_attendance,Fitness,Bronx,St. James Recreation Center,HIIT Circuit,Open House,morning_time,weekday,young_adult_audience,adults_audience,seniors_audience,,,,,
med_attendance,Fitness,Bronx,St. James Recreation Center,Walk to run,Open House,afternoon_time,weekday,young_adult_audience,adults_audience,seniors_audience,,,,,
med_attendance,Fitness,Bronx,Williamsbridge Oval Park,Circuit Training,Community Based Event,afternoon_time,weekday,adults_audience,seniors_audience,,,,,,
unknown_attendance,Fitness,Bronx,Williamsbridge Oval Park,Chair Arobics,Community Based Event,afternoon_time,weekend,adults_audience,seniors_audience,,,,,,
med_attendance,Fitness,Bronx,Williamsbridge Oval Park,Chair Arobics,Community Based Event,afternoon_time,weekday,adults_audience,seniors_audience,,,,,,
med_attendance,Fitness,Bronx,St. James Recreation Center,Hiit circuit workout,Open House,morning_time,weekday,young_adult_audience,adults_audience,seniors_audience,,,,,
med_attendance,Fitness,Bronx,St. James Recreation Center,Stretching & Relaxation,Open House,afternoon_time,weekday,young_adult_audience,adults_audience,seniors_audience,,,,,
med_attendance,Fitness,Bronx,Williamsbridge Oval Park,Circuit Training,Community Based Event,afternoon_time,weekday,seniors_audience,,,,,,,
unknown_attendance,Fitness,Bronx,Williamsbridge Oval Park,Chair Arobics,Community Based Event,afternoon_time,weekday,seniors_audience,,,,,,,
low_attendance,Fitness,Bronx,St. James Recreation Center,Stretching & Relaxation,Open House,afternoon_time,weekday,young_adult_audience,seniors_audience,adults_audience,,,,,
med_attendance,Fitness,Bronx,St. James Recreation Center,Walk to Run,Open House,afternoon_time,weekday,young_adult_audience,adults_audience,seniors_audience,,,,,
unknown_attendance,Fitness,Bronx,Williamsbridge Oval Park,Circuit Training,Community Based Event,afternoon_time,weekday,seniors_audience,,,,,,,
med_attendance,Fitness,Bronx,St. James Recreation Center,Stretching & Relaxation,Open House,afternoon_time,weekday,young_adult_audience,adults_audience,seniors_audience,,,,,
med_attendance,Fitness,Bronx,St. James Recreation Center,Walk to Run,Open House,afternoon_time,weekday,young_adult_audience,adults_audience,seniors_audience,,,,,
med_attendance,Fitness,Bronx,Williamsbridge Oval Park,Chair Arobics,Community Based Event,afternoon_time,weekday,seniors_audience,,,,,,,
unknown_attendance,Fitness,Bronx,St. James Recreation Center,HIIT circuit workout,Open House,morning_time,weekday,young_adult_audience,adults_audience,seniors_audience,,,,,
med_attendance,Fitness,Bronx,St. James Recreation Center,ZOOM Workout class,Open House,afternoon_time,weekday,young_adult_audience,adults_audience,seniors_audience,,,,,
med_attendance,Fitness,Bronx,St. James Recreation Center,Outdoor workout,Open House,afternoon_time,weekday,young_adult_audience,adults_audience,seniors_audience,,,,,
med_attendance,Fitness,Bronx,Williamsbridge Oval Park,Chair Arobics,Community Based Event,afternoon_time,weekday,young_adult_audience,seniors_audience,,,,,,
med_attendance,Fitness,Bronx,St. James Recreation Center,HIIT Circuit Workout,Open House,afternoon_time,weekday,adults_audience,young_adult_audience,seniors_audience,,,,,
med_attendance,Fitness,Bronx,Williamsbridge Oval Park,Chair Arobics,Community Based Event,afternoon_time,weekday,adults_audience,seniors_audience,,,,,,
med_attendance,Fitness,Bronx,St. James Recreation Center,ZOOM Workout,Open House,afternoon_time,weekday,adults_audience,young_adult_audience,seniors_audience,,,,,
med_attendance,Fitness,Bronx,Poe Park Visitor Center,Spring Programs,Local Event,night_time,weekday,children_audience,,,,,,,
med_attendance,Fitness,Bronx,Williamsbridge Oval Park,Toddler Obstacle Course,Community Based Event,afternoon_time,weekday,tot_audience,,,,,,,
med_attendance,Fitness,Bronx,Williamsbridge Oval Park,Fitness Expo,Community Based Event,night_time,weekday,children_audience,tot_audience,,,,,,
med_attendance,Fitness,Bronx,Williamsbridge Oval Park,Track and Field,Community Based Event,night_time,weekday,children_audience,tot_audience,,,,,,
med_attendance,Fitness,Bronx,St. James Recreation Center,Ntional Parks and Recreation Month,Community Based Event,afternoon_time,weekday,tot_audience,children_audience,young_adult_audience,adults_audience,teens_audience,,,
med_attendance,Fitness,Bronx,St. James Recreation Center,National Parks and Recreation Month,Community Based Event,afternoon_time,weekday,tot_audience,children_audience,young_adult_audience,adults_audience,teens_audience,,,
med_attendance,Fitness,Bronx,St. James Recreation Center,National Parks and Recreation Month,Community Based Event,afternoon_time,weekday,children_audience,tot_audience,young_adult_audience,adults_audience,teens_audience,,,
med_attendance,Fitness,Bronx,St. James Recreation Center,National Parks and Recreation Month,Community Based Event,afternoon_time,weekday,children_audience,tot_audience,young_adult_audience,adults_audience,teens_audience,,,
med_attendance,Fitness,Bronx,St. James Recreation Center,National Parks and Recreation Month,Community Based Event,afternoon_time,weekday,tot_audience,children_audience,young_adult_audience,adults_audience,teens_audience,,,
med_attendance,Fitness,Bronx,St. James Recreation Center,National Parks and Recreation Month,Community Based Event,afternoon_time,weekday,tot_audience,children_audience,young_adult_audience,adults_audience,teens_audience,,,
med_attendance,Fitness,Bronx,St. James Recreation Center,National Parks and Recreation Month,Community Based Event,afternoon_time,weekday,tot_audience,children_audience,young_adult_audience,adults_audience,teens_audience,,,
med_attendance,Sport,Bronx,St. James Recreation Center,Toddler Time Soccer,Community Based Event,afternoon_time,weekday,tot_audience,,,,,,,
med_attendance,Fitness,Bronx,St. James Recreation Center,National Parks and Recreation Month,Community Based Event,afternoon_time,weekday,tot_audience,children_audience,young_adult_audience,adults_audience,teens_audience,,,
med_attendance,Fitness,Bronx,St. James Recreation Center,National Parks and Recreation Month,Community Based Event,afternoon_time,weekday,tot_audience,children_audience,young_adult_audience,adults_audience,teens_audience,,,
med_attendance,Sport,Bronx,St. James Recreation Center,Toddler Time Soccer,Community Based Event,afternoon_time,weekday,tot_audience,,,,,,,
med_attendance,Fitness,Bronx,St. James Recreation Center,National Parks and Recreation Month,Community Based Event,afternoon_time,weekday,tot_audience,children_audience,young_adult_audience,adults_audience,teens_audience,,,
med_attendance,Fitness,Bronx,Williamsbridge Oval Recreation Center,Summer Olympics,Community Based Event,night_time,weekday,children_audience,tot_audience,,,,,,
med_attendance,Fitness,Queens,St. Albans Park,Fitness Fridays (Fitness Mobile),Community Based Event,afternoon_time,weekday,young_adult_audience,adults_audience,teens_audience,seniors_audience,general_public_audience,,,
med_attendance,Fitness,Queens,St. Albans Park,Fitness Fridays (Fitness Mobile),Community Based Event,afternoon_time,weekday,adults_audience,general_public_audience,seniors_audience,young_adult_audience,,,,
med_attendance,Fitness,Queens,St. Albans Park,Fitness Fridays (Fitness Mobile),Community Based Event,afternoon_time,weekday,young_adult_audience,teens_audience,seniors_audience,general_public_audience,,,,
high_attendance,Fitness,Bronx,Williamsbridge Oval Park,Skate NIght,Community Based Event,night_time,weekday,children_audience,tot_audience,young_adult_audience,adults_audience,teens_audience,seniors_audience,general_public_audience,
med_attendance,Fitness,Manhattan,Hamilton Fish Recreation Center,Breast Cancer Awareness Day,Community Based Event,night_time,weekend,general_public_audience,,,,,,,
low_attendance,Fitness,Manhattan,Alfred E. Smith Recreation Center,Breast Cancer Awareness Day,Community Based Event,night_time,weekday,general_public_audience,,,,,,,
med_attendance,Fitness,Manhattan,CBM,unknown_name,Local Event,night_time,weekday,general_public_audience,,,,,,,
med_attendance,Fitness,Manhattan,CBM Recreation Center,Neon Glow Spin Challenge,Local Event,night_time,weekday,general_public_audience,,,,,,,
med_attendance,Fitness,Manhattan,Jackie Robinson Recreation Center,Line Dance for Fun and Fitness,Local Event,night_time,weekday,general_public_audience,,,,,,,
med_attendance,Fitness,Manhattan,Thomas Jefferson Recreation Center,"New Year, New You Fit Fest",Local Event,afternoon_time,weekend,general_public_audience,,,,,,,
med_attendance,Fitness,Manhattan,Hansborough Recreation Center,Celebration of Dance Black History Month,Local Event,night_time,weekday,general_public_audience,,,,,,,
med_attendance,Fitness,Manhattan,Hansborough Recreation Center,Black History Month Celebration of Dance,Local Event,night_time,weekend,general_public_audience,,,,,,,
med_attendance,Fitness,Manhattan,CBM Recreation Center,We Love To Dance,Local Event,night_time,weekday,general_public_audience,,,,,,,
high_attendance,Fitness,Manhattan,Chelsea Recreation Center,Spring Into Fitness,Local Event,afternoon_time,weekend,general_public_audience,,,,,,,
med_attendance,Fitness,Manhattan,Gertrude Ederle Recreation Center,Get Fit with GE,Local Event,night_time,weekday,general_public_audience,,,,,,,
med_attendance,Sport,Manhattan,Recreation Center 54,Team Pickleball Beginners,Community Based Event,afternoon_time,weekday,general_public_audience,,,,,,,
med_attendance,Fitness,Manhattan,Highbridge Recreation Center,Fitness Spectacular Saturday,Community Based Event,afternoon_time,weekend,general_public_audience,,,,,,,
high_attendance,Sport,Manhattan,Thomas Jefferson Recreation Center,National Girls & Women in Sports - She's On Point,Community Based Event,afternoon_time,weekend,general_public_audience,,,,,,,
med_attendance,Sport,Manhattan,Recreation Center 54,Hoop Kings Generational,Community Based Event,afternoon_time,weekend,general_public_audience,,,,,,,
med_attendance,Sport,Bronx,Hunts Point Recreation Center,Blizz Chess Tournament,Local Event,morning_time,weekday,children_audience,teens_audience,,,,,,
high_attendance,Sport,Bronx,Hunts Point Recreation Center,Baby Dunk All Star Weekend,Tournament/Competition,night_time,weekend,children_audience,young_adult_audience,teens_audience,,,,,
med_attendance,Fitness,Manhattan,Recreation Center 54,"Fit, Fabulous & Fortunate: Women & Girls in Sports & Fitness",Local Event,afternoon_time,weekend,general_public_audience,,,,,,,
med_attendance,Fitness,Manhattan,Recreation Center 54,Glow In The Dark Spin Class,Local Event,night_time,weekday,general_public_audience,,,,,,,
med_attendance,Fitness,Bronx,Hunts Point Recreation Center,Cycle Fit,Local Event,night_time,weekend,young_adult_audience,adults_audience,teens_audience,,,,,
high_attendance,Fitness,Bronx,Poe Park Visitor Center,Community Health and fitness Fair,Local Event,afternoon_time,weekend,general_public_audience,,,,,,,
med_attendance,Fitness,Manhattan,Thomas Jefferson Recreation Center,In The Glow of Fitness,Local Event,morning_time,weekday,general_public_audience,,,,,,,
med_attendance,Sport,Staten Island,Freshkills Park,Freshkills Kayaking,Agency Produced Event,afternoon_time,weekend,general_public_audience,,,,,,,
high_attendance,Sport,Manhattan,William F. Passannante Ballfield,NYC Parks Pickleball Festival 2022,Tournament/Competition,afternoon_time,weekend,adults_audience,seniors_audience,young_adult_audience,,,,,
med_attendance,Fitness,Manhattan,Alfred E. Smith Recreation Center,2 Fit 2 Quit,Local Event,afternoon_time,weekend,young_adult_audience,adults_audience,teens_audience,adaptive_audience,seniors_audience,general_public_audience,,
med_attendance,Fitness,Manhattan,Asser Levy Recreation Center,Asser Levy Pickleball Doubles Tournament,Local Event,night_time,weekday,young_adult_audience,adults_audience,teens_audience,seniors_audience,adaptive_audience,general_public_audience,,
high_attendance,Fitness,Manhattan,Jackie Robinson Recreation Center,Line Dance For Fun & Fitness,Local Event,night_time,weekday,children_audience,young_adult_audience,adults_audience,teens_audience,adaptive_audience,seniors_audience,general_public_audience,
low_attendance,Fitness,Manhattan,Tompkins Square Park,Learn to Ride,Local Event,afternoon_time,weekend,tot_audience,young_adult_audience,adults_audience,children_audience,teens_audience,general_public_audience,,
high_attendance,Sport,Bronx,St. Mary's,Skate Night in the Bronx,Local Event,night_time,weekday,general_public_audience,,,,,,,
high_attendance,Sport,Manhattan,Central Park,unknown_name,Agency Produced Event,afternoon_time,weekend,children_audience,young_adult_audience,adults_audience,teens_audience,general_public_audience,,,
low_attendance,Sport,Manhattan,"Martin Luther King, Jr. Playground",Learn tom Ride,Community Based Event,afternoon_time,weekend,children_audience,,,,,,,
med_attendance,Fitness,Manhattan,Hamilton Fish Park,Flow Fitness,Community Based Event,afternoon_time,weekend,adults_audience,seniors_audience,teens_audience,,,,,
med_attendance,Fitness,Manhattan,Seward Park,Learn to Ride,Community Based Event,afternoon_time,weekend,children_audience,,,,,,,
med_attendance,Fitness,Manhattan,Hansborough Recreation Center,ACF Aliey Moves NYC!'S Ailey Dance for Active Aging,Community Based Event,afternoon_time,weekday,adults_audience,seniors_audience,,,,,,
med_attendance,Fitness,Manhattan,Carmansville Park,Learn to Ride,Community Based Event,afternoon_time,weekend,children_audience,young_adult_audience,,,,,,
med_attendance,Sport,Manhattan,Chelsea Recreation Center,Chelsea Amateur Billiards Tournament,Tournament/Competition,night_time,weekday,children_audience,young_adult_audience,adults_audience,teens_audience,adaptive_audience,seniors_audience,,
low_attendance,Fitness,Manhattan,J. Hood Wright Park,Learn to Ride,Local Event,afternoon_time,weekend,tot_audience,children_audience,young_adult_audience,teens_audience,adaptive_audience,adults_audience,seniors_audience,general_public_audience
med_attendance,Sport,Manhattan,James J Walker Park,NYC Parks Manhattan Bocce Tournament,Tournament/Competition,night_time,weekend,children_audience,young_adult_audience,adults_audience,teens_audience,adaptive_audience,seniors_audience,general_public_audience,
med_attendance,Sport,Brooklyn,Fort Hamilton Recreation Center,Archery Clinic,Agency Produced Event,afternoon_time,weekday,adults_audience,,,,,,,
med_attendance,Sport,Bronx,Williamsbridge Oval Park,Archery Clinic,Tournament/Competition,afternoon_time,weekday,adults_audience,,,,,,,
med_attendance,Fitness,Bronx,Ranaqua Garage,Parks Wellness Event: Yoga,Local Event,afternoon_time,weekday,adults_audience,,,,,,,
med_attendance,Fitness,Bronx,Ranaqua Garage,Parks Wellness Event: Yoga,Local Event,afternoon_time,weekday,adults_audience,,,,,,,
med_attendance,Sport,Queens,Flushing Meadows Corona Park,Senior Games Archery,Agency Produced Event,afternoon_time,weekday,seniors_audience,,,,,,,
med_attendance,Fitness,Bronx,Ranaqua Garage,Parks Wellness Event: Yoga,Local Event,afternoon_time,weekday,adults_audience,,,,,,,
med_attendance,Fitness,Bronx,Ranaqua Garage,Parks Wellness Event: Yoga,Local Event,afternoon_time,weekday,adults_audience,,,,,,,
high_attendance,Fitness,Bronx,Williamsbridge Oval Recreation Center,Williamsbridge Oval Back to School,Agency Produced Event,afternoon_time,weekend,tot_audience,children_audience,young_adult_audience,teens_audience,adults_audience,general_public_audience,,
med_attendance,Sport,Manhattan,Jackie Robinson Park,A Horse Of Course/Harlem Little League opening day,Community Based Event,afternoon_time,weekend,general_public_audience,children_audience,adults_audience,,,,,
high_attendance,Sport,Staten Island,Brookfield Park,NYPD Community Affairs RC race track event,Community Based Event,afternoon_time,weekend,general_public_audience,,,,,,,
high_attendance,Fitness,Brooklyn,Coney Island Beach &amp; Boardwalk,Parks Brooklyn Sports Festival,Agency Produced Event,afternoon_time,weekend,general_public_audience,,,,,,,
med_attendance,Sport,Bronx,Soundview Park,NYPD Sports Day,Community Based Event,night_time,weekend,general_public_audience,,,,,,,
high_attendance,Sport,Brooklyn,Scarangella Playground,Youth Soccer Festival,Community Based Event,night_time,weekday,children_audience,,,,,,,
high_attendance,Sport,Bronx,Rev. T Wendell Foster Park,Youth Soccer Festival,Community Based Event,afternoon_time,weekend,children_audience,,,,,,,
high_attendance,Sport,Manhattan,Frederick Douglass Playground,Youth Soccer Festival,Community Based Event,night_time,weekday,children_audience,,,,,,,
high_attendance,Sport,Staten Island,Corporal Thompson Park,Youth Soccer Festival,Community Based Event,night_time,weekend,children_audience,,,,,,,
high_attendance,Sport,Queens,Northern Playground,Youth Soccer Festival,Community Based Event,night_time,weekday,children_audience,,,,,,,
high_attendance,Sport,Brooklyn,Hattie Carthan Playground,Citywide Pickleball Invitational,Tournament/Competition,afternoon_time,weekend,adults_audience,young_adult_audience,seniors_audience,,,,,
high_attendance,Sport,Bronx,Williamsbridge Oval Park,Youth Sports Jamboree,Community Based Event,afternoon_time,weekday,children_audience,teens_audience,general_public_audience,,,,,
med_attendance,Sport,Staten Island,"Franklin D. Roosevelt Boardwalk and Beach, South Beach",Citywide Bocce Championships,Tournament/Competition,afternoon_time,weekend,young_adult_audience,adults_audience,seniors_audience,,,,,
high_attendance,Sport,Queens,Al Oerter Recreation Center,Jr. Knicks Basketball Citywide Championships - Day 1,Tournament/Competition,night_time,weekday,teens_audience,,,,,,,
high_attendance,Sport,Queens,Al Oerter Recreation Center,Jr. Knicks Basketball Citywide Championships - Day 2,Tournament/Competition,afternoon_time,weekend,children_audience,teens_audience,,,,,,
med_attendance,Sport,Manhattan,184th - 187th St & Audobon Ave,NYC DOT Bike the Block,Agency Produced Event,night_time,weekend,tot_audience,children_audience,young_adult_audience,adults_audience,teens_audience,,,
